datatype,sampling,time_step,penalty,C,tss_mean,tss_std,far_mean,far_std,fdr_mean,fdr_std,pod_mean,pod_std
Non_temporal,SMOTE,8,l1,0.001,,,,,,,,
Non_temporal,SMOTE,8,l1,0.01,,,,,,,,
Non_temporal,SMOTE,8,l1,0.05,0.00592451027233637,0.07535526137077565,0.5105590062111802,0.04941102700519145,0.839897168221233,0.022856151137368174,0.5164835164835165,0.10289063666804499
Non_temporal,SMOTE,8,l1,0.1,0.20248181769920903,0.16173855342085117,0.42663906142167,0.048190329996469695,0.7826736446016267,0.04667556812438696,0.6291208791208791,0.16433838449064397
Non_temporal,SMOTE,8,l1,1.5,0.5039417104634496,0.10552251380948836,0.20393374741200831,0.02749442905916697,0.6043833359622833,0.029626437255138388,0.7078754578754579,0.12254991937273137
Non_temporal,SMOTE,8,l1,10.0,0.4855815681902638,0.13597345842042283,0.19665286404416837,0.02980226007495089,0.6059920523233217,0.04394642070817225,0.6822344322344321,0.15181868740579052
Non_temporal,SMOTE,8,l2,0.001,-0.022084195997239448,0.11560279845847501,0.46256038647342995,0.04879974963250624,0.8465313433336689,0.03732150549081888,0.4404761904761905,0.10465634811230491
Non_temporal,SMOTE,8,l2,0.01,0.03706269575834797,0.10789834421608108,0.4290545203588682,0.05575687197740661,0.8278459329816651,0.03622801231362544,0.4661172161172162,0.09697019583996341
Non_temporal,SMOTE,8,l2,0.05,0.1944922227530923,0.06542853055225305,0.37418909592822636,0.04394726609144933,0.7753602341837635,0.025310070602897496,0.5686813186813187,0.062142994788730956
Non_temporal,SMOTE,8,l2,0.1,0.21785581568190263,0.10894291950725017,0.3526570048309179,0.04076496541546035,0.7636260955995301,0.038922299656813854,0.5705128205128206,0.07824715138290836
Non_temporal,SMOTE,8,l2,1.5,0.4903647077560121,0.11414610916679427,0.23033126293995856,0.035830518693013735,0.6264534928303044,0.05011256642221756,0.7206959706959707,0.11605494569082299
Non_temporal,SMOTE,8,l2,10.0,0.4807506503158678,0.12365310843685244,0.20148378191856453,0.03931120707180911,0.6103339732848508,0.0314310434235985,0.6822344322344321,0.15181868740579052
Non_temporal,SMOTE,12,l1,0.001,,,,,,,,
Non_temporal,SMOTE,12,l1,0.01,,,,,,,,
Non_temporal,SMOTE,12,l1,0.05,-0.06828051175877262,0.05848045147942849,0.4904416839199448,0.054175436167078324,0.8534508697217298,0.017492302480741257,0.4221611721611722,0.05187549098266867
Non_temporal,SMOTE,12,l1,0.1,0.06902638424377555,0.13510783214671634,0.45203588681849555,0.06940170102844041,0.8141743221331136,0.040593171020815416,0.521062271062271,0.14191775769206003
Non_temporal,SMOTE,12,l1,1.5,0.5957026065721719,0.07471941558637417,0.18909592822636298,0.04989628942325598,0.5406185303586942,0.05435480411402014,0.7847985347985348,0.08090284895075013
Non_temporal,SMOTE,12,l1,10.0,0.6004645113340765,0.0933007524454669,0.18433402346445824,0.037934681813383914,0.5371712292002147,0.05589180115967232,0.7847985347985348,0.09080722020002999
Non_temporal,SMOTE,12,l2,0.001,-0.04352073047725222,0.05469956434775147,0.47850241545893724,0.03316431924420539,0.8473777348777349,0.012143048537605342,0.43498168498168494,0.05312144693140357
Non_temporal,SMOTE,12,l2,0.01,-0.0006290810638636865,0.06783604124326498,0.4475155279503105,0.050702485268583536,0.8342039499578884,0.016427424921986362,0.44688644688644685,0.05811952986308583
Non_temporal,SMOTE,12,l2,0.05,0.2247385464776769,0.13234112383447744,0.40438233264320217,0.04858686091516621,0.7666773474395979,0.03518822522006436,0.6291208791208792,0.14834316893417113
Non_temporal,SMOTE,12,l2,0.1,0.31868397303179913,0.1688061520589941,0.34706694271911664,0.06201864035605553,0.7261147669912038,0.05323771123151225,0.6657509157509157,0.17683479774530414
Non_temporal,SMOTE,12,l2,1.5,0.5359372511546425,0.1022736601542517,0.22505175983436854,0.0691837779350065,0.5891337766337766,0.059808311970332054,0.7609890109890111,0.10505622863102315
Non_temporal,SMOTE,12,l2,10.0,0.6170966714444975,0.06470949359859224,0.1915113871635611,0.04584055410412544,0.5378724914723044,0.04688134442515892,0.8086080586080585,0.06573662950491983
Non_temporal,SMOTE,24,l1,0.001,,,,,,,,
Non_temporal,SMOTE,24,l1,0.01,,,,,,,,
Non_temporal,SMOTE,24,l1,0.05,0.2681469873371282,0.028574649126114397,0.3527321335419927,0.04808499753811998,0.7535204459981991,0.01740699933463243,0.6208791208791209,0.0570123898031992
Non_temporal,SMOTE,24,l1,0.1,0.4066260096189674,0.10654521437505322,0.24996739697443923,0.023080294100552002,0.6727581060914395,0.050747008191854306,0.6565934065934066,0.08982298200149348
Non_temporal,SMOTE,24,l1,1.5,0.543154941042265,0.11611989711937118,0.20318205529473135,0.04073050978722126,0.5909584859584859,0.07265688931051188,0.7463369963369964,0.09686636406662577
Non_temporal,SMOTE,24,l1,10.0,0.5559754538627778,0.10968640638087282,0.20318205529473135,0.05013102955428362,0.5831437346682357,0.0819564461950108,0.7591575091575092,0.08274760947990825
Non_temporal,SMOTE,24,l2,0.001,-0.010824204486176306,0.07188991961634353,0.42749087115284296,0.08807044619355203,0.8455499203048222,0.027174196419389958,0.4166666666666666,0.07824715138290833
Non_temporal,SMOTE,24,l2,0.01,0.22295883563489197,0.09092054989725226,0.3457224830464267,0.07520932193646294,0.7626302194810884,0.03949154970950762,0.5686813186813188,0.08835454134822185
Non_temporal,SMOTE,24,l2,0.05,0.44735220439445794,0.0889638974723774,0.2733437663015128,0.01724240836889264,0.6731038956254473,0.03182215373590315,0.7206959706959707,0.08689988869950444
Non_temporal,SMOTE,24,l2,0.1,0.4461709716991407,0.07193250281487423,0.26170448617631714,0.019472414604298858,0.666982857843073,0.028644443626624452,0.7078754578754579,0.0718091205865031
Non_temporal,SMOTE,24,l2,1.5,0.5186299420454349,0.10508061319362925,0.2148865414710485,0.030599446277718653,0.6112231247013856,0.05912181139675337,0.7335164835164836,0.0874386289167008
Non_temporal,SMOTE,24,l2,10.0,0.5455349619082014,0.0998538214792094,0.200802034428795,0.051201626992599995,0.5838152853397863,0.0811777169971606,0.7463369963369964,0.07374496126479207
Non_temporal,SMOTE,36,l1,0.001,,,,,,,,
Non_temporal,SMOTE,36,l1,0.01,,,,,,,,
Non_temporal,SMOTE,36,l1,0.05,0.21013071895424837,0.09919789056046895,0.2843137254901961,0.047017956110909025,0.7304140244462825,0.05057218712907231,0.4944444444444444,0.07250077105783673
Non_temporal,SMOTE,36,l1,0.1,0.6371148459383752,0.15193141489027104,0.11764705882352942,0.04411764705882353,0.41711140596589513,0.12614613021143553,0.7547619047619047,0.11529809536003097
Non_temporal,SMOTE,36,l1,1.5,0.8097105508870214,0.09637396824985048,0.04901960784313725,0.030217715700828315,0.2068335667600373,0.11388506570891022,0.8587301587301588,0.07151670048297658
Non_temporal,SMOTE,36,l1,10.0,0.7929038281979458,0.08893728968498793,0.05392156862745098,0.032515929317209806,0.2226419413919414,0.12336895869181878,0.8468253968253968,0.06450091356596464
Non_temporal,SMOTE,36,l2,0.001,0.08716153127917836,0.13820690317240358,0.4215686274509804,0.03138786390898454,0.8011071444894974,0.044514517362347,0.5087301587301587,0.13229232692474846
Non_temporal,SMOTE,36,l2,0.01,0.1929738562091503,0.11453410149379041,0.3848039215686274,0.04363846523226679,0.7607399476884771,0.03971272438038538,0.5777777777777778,0.09269080203591387
Non_temporal,SMOTE,36,l2,0.05,0.49556489262371617,0.1230911489212261,0.2107843137254902,0.05347407899331233,0.5808760683760683,0.08108129174331584,0.7063492063492064,0.08436623660900512
Non_temporal,SMOTE,36,l2,0.1,0.5914098972922502,0.0947019934389792,0.16176470588235295,0.05164536153359185,0.4954374664519592,0.09291254513704594,0.7531746031746032,0.05291335968502628
Non_temporal,SMOTE,36,l2,1.5,0.7600840336134453,0.1016627296250999,0.06372549019607844,0.02499519369408228,0.2660953855226301,0.09052166583029712,0.8238095238095239,0.08908708063747478
Non_temporal,SMOTE,36,l2,10.0,0.8023576097105508,0.09502796533334244,0.05637254901960784,0.026054278952781004,0.23500816993464055,0.09822943318339093,0.8587301587301588,0.07151670048297658
Non_temporal,SMOTE,48,l1,0.001,,,,,,,,
Non_temporal,SMOTE,48,l1,0.01,,,,,,,,
Non_temporal,SMOTE,48,l1,0.05,0.11115117688866592,0.12927513792395,0.400753585016096,0.058818399091525427,0.800280907779838,0.04056116896048477,0.511904761904762,0.13218889051694388
Non_temporal,SMOTE,48,l1,0.1,0.4617957401100509,0.12493760747895323,0.25065847234416155,0.04185258139016412,0.6418384722982423,0.04303903370153841,0.7124542124542125,0.13598824015272215
Non_temporal,SMOTE,48,l1,1.5,0.546589531334922,0.18745412818561916,0.19150570676031606,0.04199999737860271,0.5679635380722337,0.08102847388014058,0.7380952380952381,0.18515387481465365
Non_temporal,SMOTE,48,l1,10.0,0.5594100441554348,0.16579701643243894,0.19150570676031609,0.04838079214466652,0.5606586657651567,0.07485832875006598,0.7509157509157509,0.1673696080681717
Non_temporal,SMOTE,48,l2,0.001,0.08581406156033022,0.1436463795995061,0.4645522388059702,0.05838575118517181,0.8118404986826039,0.0376751498137853,0.5503663003663004,0.13594198197664675
Non_temporal,SMOTE,48,l2,0.01,0.2229459522040734,0.11260919926488956,0.40068042142230026,0.04937627951593371,0.7665629417911365,0.03559798489209535,0.6236263736263736,0.12045170856623905
Non_temporal,SMOTE,48,l2,0.05,0.41788190591965835,0.08688992744030535,0.2826675446297922,0.05051061329709017,0.6684703683104685,0.04168626289769689,0.7005494505494506,0.08557740079476724
Non_temporal,SMOTE,48,l2,0.1,0.5079969416009803,0.10565818068785432,0.23101404741000878,0.038937555326205735,0.6116198616198617,0.041348408742368,0.739010989010989,0.1100616792528029
Non_temporal,SMOTE,48,l2,1.5,0.5306253959678017,0.17516743107945557,0.19648083113842552,0.03918026578728637,0.5790052572508713,0.06552810297590417,0.7271062271062272,0.17575738963565413
Non_temporal,SMOTE,48,l2,10.0,0.556959063763278,0.16193821167319877,0.19395668715247294,0.04792740355539768,0.56399199909849,0.07156535824247744,0.7509157509157509,0.1673696080681717
Non_temporal,RandomOverSampler,8,l1,0.001,,,,,,,,
Non_temporal,RandomOverSampler,8,l1,0.01,,,,,,,,
Non_temporal,RandomOverSampler,8,l1,0.05,-0.11659499920369483,0.09487547488781817,0.570807453416149,0.06436493053884981,0.868414428160163,0.024359091856352655,0.4542124542124542,0.08874755633396128
Non_temporal,RandomOverSampler,8,l1,0.1,0.09183521792217443,0.10191615705669545,0.4649413388543824,0.06174571973223343,0.8134771417380113,0.03229818378537029,0.5567765567765567,0.08215260619782344
Non_temporal,RandomOverSampler,8,l1,1.5,0.5256675691458301,0.06269445183649162,0.22066942719116633,0.016496768589869627,0.609979017225394,0.01726314971548668,0.7463369963369964,0.07374496126479209
Non_temporal,RandomOverSampler,8,l1,10.0,0.5127780432128258,0.08024041197540659,0.22073844030365772,0.03151907122822312,0.6130807732257008,0.029025760091925062,0.7335164835164836,0.09807089483941557
Non_temporal,RandomOverSampler,8,l2,0.001,-0.045357541009714904,0.10215397347307202,0.4867494824016563,0.07596237271095875,0.854548013195137,0.032764761737424396,0.44139194139194143,0.12806114363672774
Non_temporal,RandomOverSampler,8,l2,0.01,0.007402983489940017,0.0953753476191155,0.43398895790200137,0.062247541652816984,0.8381827943757457,0.03463719117067463,0.44139194139194143,0.1023840649038365
Non_temporal,RandomOverSampler,8,l2,0.05,0.18819610341349477,0.07168770479521097,0.3933057280883368,0.03992884224684867,0.7801987912282029,0.027032217582604604,0.5815018315018315,0.06251970398790581
Non_temporal,RandomOverSampler,8,l2,0.1,0.25053617879704837,0.13845497583102073,0.3694271911663216,0.04077828252801127,0.7581650691707619,0.046336344262758476,0.61996336996337,0.11794715376752739
Non_temporal,RandomOverSampler,8,l2,1.5,0.44509210596167126,0.13996348986913573,0.23988957902001382,0.030127761008517825,0.6506700090033424,0.04277560913695239,0.6849816849816849,0.14532479432144596
Non_temporal,RandomOverSampler,8,l2,10.0,0.5047884482667092,0.1101636478924451,0.2159075224292616,0.03380059417332371,0.6139147183578915,0.021069412624117226,0.7206959706959707,0.1392332940880646
Non_temporal,RandomOverSampler,12,l1,0.001,,,,,,,,
Non_temporal,RandomOverSampler,12,l1,0.01,,,,,,,,
Non_temporal,RandomOverSampler,12,l1,0.05,-0.07998088867654086,0.14495837825284355,0.4765010351966874,0.10246639808279935,0.854150333156961,0.043517278336757816,0.3965201465201466,0.09518965378361144
Non_temporal,RandomOverSampler,12,l1,0.1,0.14821627647714605,0.11498643808885323,0.394824016563147,0.12331888167148904,0.7758815568122969,0.04294063423398291,0.543040293040293,0.0739493671546609
Non_temporal,RandomOverSampler,12,l1,1.5,0.5622657535701013,0.08758759657985368,0.1987232574189096,0.04331040203097981,0.56209128341812,0.0587027635774295,0.760989010989011,0.08738106562611905
Non_temporal,RandomOverSampler,12,l1,10.0,0.5765169612995701,0.0966400860443125,0.19637681159420292,0.04451213344845602,0.5551851851851851,0.061339360501854,0.7728937728937729,0.09451330291165323
Non_temporal,RandomOverSampler,12,l2,0.001,-0.059205287466157025,0.12834430573958655,0.49327122153209113,0.10700560984407424,0.8454815039224766,0.03450102298494644,0.4340659340659341,0.04303054990648619
Non_temporal,RandomOverSampler,12,l2,0.01,0.02776981472633647,0.14935178585963307,0.45483091787439617,0.07282915046279365,0.8280441994902431,0.04536099395324267,0.4826007326007326,0.15412117838559375
Non_temporal,RandomOverSampler,12,l2,0.05,0.23624250145989278,0.12920445025636756,0.39013112491373364,0.08601819368108238,0.7548828277884483,0.04995987135222892,0.6263736263736265,0.12653278717520788
Non_temporal,RandomOverSampler,12,l2,0.1,0.31338323512236554,0.19502171227351978,0.3496204278812975,0.10724502229858042,0.7169967767955298,0.08086362417987893,0.663003663003663,0.15152841605767803
Non_temporal,RandomOverSampler,12,l2,1.5,0.5158358549662897,0.11876637476304064,0.2442374051069703,0.05233478690598077,0.6140194681861348,0.05786513478642072,0.76007326007326,0.1049084504880563
Non_temporal,RandomOverSampler,12,l2,10.0,0.5979110261718956,0.09351158757728502,0.198792270531401,0.05093299788255458,0.5477488313872753,0.07375372158290523,0.7967032967032966,0.062244122593283636
Non_temporal,RandomOverSampler,24,l1,0.001,,,,,,,,
Non_temporal,RandomOverSampler,24,l1,0.01,,,,,,,,
Non_temporal,RandomOverSampler,24,l1,0.05,0.28012161286809173,0.10055198258517917,0.36456703182055294,0.029064202985505806,0.7551413907419774,0.029371327008715073,0.6446886446886446,0.1165848385556011
Non_temporal,RandomOverSampler,24,l1,0.1,0.39610275613796736,0.1244704993591544,0.273311163275952,0.026005792660254608,0.6882456298010617,0.055259469353043995,0.6694139194139194,0.10852710879806672
Non_temporal,RandomOverSampler,24,l1,1.5,0.5128190797204882,0.08522333479520963,0.20787689097548248,0.026749108559849317,0.6083204597335031,0.04540498570879945,0.7206959706959708,0.07469406983298645
Non_temporal,RandomOverSampler,24,l1,10.0,0.5408075232018894,0.08126021162420444,0.20552947313510694,0.03544211312597132,0.5955762594893029,0.05098117081372971,0.7463369963369964,0.07374496126479207
Non_temporal,RandomOverSampler,24,l2,0.001,0.0420611274484514,0.07444478187480938,0.42771909233176836,0.0924557251878397,0.8304370795970258,0.020315023992645984,0.4697802197802197,0.09817345266596504
Non_temporal,RandomOverSampler,24,l2,0.01,0.20436472109007323,0.10567297834465388,0.3505803338549818,0.06740594125192229,0.7731438587885237,0.0418038071431552,0.554945054945055,0.12541441989575086
Non_temporal,RandomOverSampler,24,l2,0.05,0.41022452378086177,0.1228858043705799,0.2710941575378195,0.029467742852250792,0.6836481979291119,0.04633586829304778,0.6813186813186812,0.12351439780283782
Non_temporal,RandomOverSampler,24,l2,0.1,0.4546448921448922,0.09233993206639966,0.2523148148148148,0.015810181658843493,0.6593103448275862,0.03999753154920473,0.706959706959707,0.08527799799870192
Non_temporal,RandomOverSampler,24,l2,1.5,0.49870196965267394,0.09516003837469397,0.2219940010432968,0.03393818362520311,0.6224658387589422,0.05223451212187083,0.7206959706959707,0.07469406983298645
Non_temporal,RandomOverSampler,24,l2,10.0,0.531417851840387,0.09066596527392569,0.2149191444966093,0.03381548341994575,0.6066312914139002,0.05164584500535518,0.7463369963369964,0.07374496126479209
Non_temporal,RandomOverSampler,36,l1,0.001,,,,,,,,
Non_temporal,RandomOverSampler,36,l1,0.01,,,,,,,,
Non_temporal,RandomOverSampler,36,l1,0.05,0.2661531279178338,0.10197087332046033,0.24019607843137256,0.05923061751762045,0.685736298517408,0.06752526467074892,0.5063492063492063,0.05192199121840039
Non_temporal,RandomOverSampler,36,l1,0.1,0.6674836601307189,0.13713421533072445,0.11029411764705882,0.04223943122454433,0.3925500024571232,0.12873618599097555,0.7777777777777778,0.1079481786407575
Non_temporal,RandomOverSampler,36,l1,1.5,0.7925536881419234,0.06453505410052782,0.0661764705882353,0.02511507540676372,0.26502837977296184,0.07922831602452056,0.8587301587301587,0.04139176130287398
Non_temporal,RandomOverSampler,36,l1,10.0,0.7925536881419234,0.061176347497564725,0.0661764705882353,0.02363639892400234,0.2652233115468409,0.0786372890730265,0.8587301587301587,0.04139176130287398
Non_temporal,RandomOverSampler,36,l2,0.001,0.0693043884220355,0.12427753689214321,0.46323529411764713,0.08351335802647461,0.8078870477421011,0.04245650957678995,0.5325396825396825,0.14113824796649796
Non_temporal,RandomOverSampler,36,l2,0.01,0.2503034547152194,0.09922833007435528,0.3504901960784314,0.04604974075503905,0.7358458085828775,0.03968945744289312,0.6007936507936508,0.09345217032295208
Non_temporal,RandomOverSampler,36,l2,0.05,0.5501867413632119,0.10405831536267457,0.21568627450980393,0.03668291555660727,0.5720419918246006,0.055562516668467385,0.7658730158730158,0.08408579404927415
Non_temporal,RandomOverSampler,36,l2,0.1,0.638235294117647,0.10351409768871722,0.16176470588235295,0.03288335261029102,0.4883084275246747,0.07422377582703395,0.7999999999999999,0.07604152106033954
Non_temporal,RandomOverSampler,36,l2,1.5,0.759733893557423,0.11476958673316652,0.07598039215686275,0.031099454756003723,0.29814425770308123,0.09768938937531818,0.8357142857142859,0.09715336077668173
Non_temporal,RandomOverSampler,36,l2,10.0,0.8085667600373482,0.09923360146365354,0.061274509803921566,0.026054278952781004,0.24866557734204794,0.09841342963709565,0.8698412698412699,0.07686539690668731
Non_temporal,RandomOverSampler,48,l1,0.001,,,,,,,,
Non_temporal,RandomOverSampler,48,l1,0.01,,,,,,,,
Non_temporal,RandomOverSampler,48,l1,0.05,0.08679131813460172,0.1425922117733341,0.427860696517413,0.07557855899946284,0.8069512848472614,0.04008706714614772,0.5146520146520146,0.11105910575674383
Non_temporal,RandomOverSampler,48,l1,0.1,0.46748642051539324,0.12723026657642708,0.2605355575065847,0.059068309253964654,0.6375364161237353,0.0703023855109221,0.7280219780219781,0.1114247241245783
Non_temporal,RandomOverSampler,48,l1,1.5,0.5807685875728018,0.1543595742472188,0.19395668715247294,0.044006791732614424,0.5572767187834654,0.08340752552058717,0.7747252747252747,0.1540422611964416
Non_temporal,RandomOverSampler,48,l1,10.0,0.5856705483571155,0.14551544653590084,0.1890547263681592,0.05016499569370188,0.5490350877192983,0.08344630863203532,0.7747252747252747,0.1540422611964416
Non_temporal,RandomOverSampler,48,l2,0.001,-0.003250553952924442,0.15296021886713615,0.47944103014340067,0.06245385960694287,0.8371698597605981,0.040010924512003734,0.4761904761904761,0.13378741661355073
Non_temporal,RandomOverSampler,48,l2,0.01,0.2174860185176252,0.1871482209648614,0.3713418203102137,0.09025728677191673,0.7581063015845624,0.06881840177363771,0.5888278388278388,0.16576103423671668
Non_temporal,RandomOverSampler,48,l2,0.05,0.40103860143368486,0.08866433336527393,0.28760608721100384,0.06685415212272375,0.6716519485374177,0.05664945966447987,0.6886446886446888,0.0877784393137125
Non_temporal,RandomOverSampler,48,l2,0.1,0.499235802242826,0.09244592083619231,0.22603892303189932,0.03947182665958906,0.6105413105413106,0.04095930851489353,0.7252747252747254,0.10444379069145239
Non_temporal,RandomOverSampler,48,l2,1.5,0.5806954239790061,0.1601152351413501,0.19402985074626866,0.04732779781813879,0.5557971469949692,0.08828556593462307,0.7747252747252747,0.1540422611964416
Non_temporal,RandomOverSampler,48,l2,10.0,0.5807685875728018,0.14257300566973913,0.1939566871524729,0.0486736445127627,0.5565538847117795,0.07814306147651084,0.7747252747252747,0.1540422611964416
Non_temporal,RandomUnderSampler,8,l1,0.001,,,,,,,,
Non_temporal,RandomUnderSampler,8,l1,0.01,,,,,,,,
Non_temporal,RandomUnderSampler,8,l1,0.05,,,,,,,,
Non_temporal,RandomUnderSampler,8,l1,0.1,-0.09364548494983277,0.0,0.4782608695652174,0.0,0.868421052631579,0.0,0.38461538461538464,0.0
Non_temporal,RandomUnderSampler,8,l1,1.5,0.3153607262302915,0.10488611257725389,0.33115942028985507,0.06602918576009177,0.7263669112869319,0.04156093363519778,0.6465201465201464,0.10099864966272704
Non_temporal,RandomUnderSampler,8,l1,10.0,0.43848542761586246,0.11805978343061724,0.2831262939958592,0.04820442403591563,0.6705082907505889,0.05309407765251887,0.7216117216117216,0.09530851158430542
Non_temporal,RandomUnderSampler,8,l2,0.001,-0.017224080267558534,0.0888450058552904,0.5611801242236025,0.052848827109624304,0.8454624656880295,0.020431075475913812,0.543956043956044,0.10006438373368304
Non_temporal,RandomUnderSampler,8,l2,0.01,-0.013136380527684852,0.12458964240882951,0.5323671497584542,0.07519620726683512,0.8443630987907419,0.027625223837134862,0.5192307692307692,0.129003921778834
Non_temporal,RandomUnderSampler,8,l2,0.05,0.031634549025853394,0.10516821972445836,0.474775707384403,0.07528515307326072,0.8315798980429526,0.026622972327521432,0.5064102564102565,0.114131370607467
Non_temporal,RandomUnderSampler,8,l2,0.1,0.06203747942878377,0.07212776546255596,0.4700138026224983,0.06066657898903406,0.8223233820190045,0.0197683988763556,0.532051282051282,0.06442227962256981
Non_temporal,RandomUnderSampler,8,l2,1.5,0.2385278972235494,0.137599614447395,0.3695307108350587,0.07043724698150076,0.7595393892449099,0.04308273411564247,0.6080586080586081,0.12667850890689072
Non_temporal,RandomUnderSampler,8,l2,10.0,0.372869883739449,0.1699230698346636,0.312111801242236,0.07793830336897953,0.6980437052900821,0.0699842959261826,0.6849816849816849,0.13105160307691074
Non_temporal,RandomUnderSampler,12,l1,0.001,,,,,,,,
Non_temporal,RandomUnderSampler,12,l1,0.01,,,,,,,,
Non_temporal,RandomUnderSampler,12,l1,0.05,,,,,,,,
Non_temporal,RandomUnderSampler,12,l1,0.1,0.06418219461697716,0.0,0.5072463768115942,0.0,0.813953488372093,0.0,0.5714285714285714,0.0
Non_temporal,RandomUnderSampler,12,l1,1.5,0.43236449540797367,0.08144988390431251,0.3158040027605245,0.03874543894758795,0.678077906789956,0.03828133910135861,0.7481684981684982,0.06558336728862224
Non_temporal,RandomUnderSampler,12,l1,10.0,0.5398869246695335,0.02714182808946557,0.23209109730848856,0.03468017055882816,0.5995150443426305,0.0302036826445294,0.7719780219780219,0.04605234784131925
Non_temporal,RandomUnderSampler,12,l2,0.001,0.029943727769814753,0.07283789959471158,0.5359903381642511,0.03971278890288891,0.8261135065934669,0.0212747956936515,0.5659340659340658,0.05960124577023072
Non_temporal,RandomUnderSampler,12,l2,0.01,0.015623506927854738,0.11036069420459858,0.5384057971014493,0.05159085598636431,0.8294815564978807,0.030068252141596762,0.554029304029304,0.08678400925420243
Non_temporal,RandomUnderSampler,12,l2,0.05,0.017192228061793297,0.12268818623045649,0.5240165631469978,0.05370080529155475,0.828149493723747,0.034083370127661744,0.5412087912087912,0.08397490822338465
Non_temporal,RandomUnderSampler,12,l2,0.1,0.08015076710728884,0.11984398968334779,0.5095928226363008,0.05848664827089194,0.8115160856983654,0.0348100124521877,0.5897435897435898,0.0913734042730141
Non_temporal,RandomUnderSampler,12,l2,1.5,0.4140255879386314,0.05902234761567517,0.35886818495514144,0.05601063563684207,0.6980638392403099,0.030850905879152297,0.7728937728937729,0.07437340844046504
Non_temporal,RandomUnderSampler,12,l2,10.0,0.5121622339013644,0.07040118762647904,0.26073153899240853,0.02624930766828566,0.6295545037938547,0.023119520785857012,0.7728937728937729,0.0850416612911641
Non_temporal,RandomUnderSampler,24,l1,0.001,,,,,,,,
Non_temporal,RandomUnderSampler,24,l1,0.01,,,,,,,,
Non_temporal,RandomUnderSampler,24,l1,0.05,,,,,,,,
Non_temporal,RandomUnderSampler,24,l1,0.1,0.023628953206417985,0.11509462925661737,0.5258215962441314,0.02894091081206093,0.837077466645573,0.031039371894855235,0.5494505494505494,0.1265725461038168
Non_temporal,RandomUnderSampler,24,l1,1.5,0.467149764684976,0.050662378561609336,0.2663667188315076,0.05013955266874778,0.6582191921618982,0.04345709265807323,0.7335164835164836,0.04157347788577352
Non_temporal,RandomUnderSampler,24,l1,10.0,0.5031184256536368,0.0669485072071161,0.2432185706833594,0.052674665347641175,0.633515494556869,0.0425863447097705,0.7463369963369964,0.07374496126479207
Non_temporal,RandomUnderSampler,24,l2,0.001,0.02225066925771153,0.05915819433758758,0.47225482524778295,0.11648489804360693,0.83724765970788,0.017087649785384164,0.4945054945054945,0.13353645519090246
Non_temporal,RandomUnderSampler,24,l2,0.01,0.04443290798924602,0.06331732986051775,0.4747978612415232,0.1155933041188349,0.8320901320901322,0.01474551778743534,0.5192307692307693,0.136434593934569
Non_temporal,RandomUnderSampler,24,l2,0.05,0.22708401405584508,0.05167629590037944,0.43042514345331245,0.11431693839917037,0.7773265264968662,0.021969907661495203,0.6575091575091575,0.13269227609289347
Non_temporal,RandomUnderSampler,24,l2,0.1,0.25542070084323604,0.08092131514834082,0.4139932185706834,0.1175425662997224,0.7656111490861742,0.0344504167032203,0.6694139194139194,0.13302365619460707
Non_temporal,RandomUnderSampler,24,l2,1.5,0.4299067195193957,0.0685698854987657,0.2898735002608242,0.06341533199070531,0.6820949566047605,0.033179505849976434,0.7197802197802198,0.10799650540516897
Non_temporal,RandomUnderSampler,24,l2,10.0,0.4541988397622201,0.054015696427752606,0.2664971309337506,0.047402691357564516,0.6652089268755935,0.020300822420624164,0.7206959706959707,0.08689988869950444
Non_temporal,RandomUnderSampler,36,l1,0.001,,,,,,,,
Non_temporal,RandomUnderSampler,36,l1,0.01,,,,,,,,
Non_temporal,RandomUnderSampler,36,l1,0.05,,,,,,,,
Non_temporal,RandomUnderSampler,36,l1,0.1,0.018452380952380942,0.1646171734364977,0.4375,0.08907383411460086,0.8130549408806701,0.05733270391098616,0.45595238095238094,0.07739926523232246
Non_temporal,RandomUnderSampler,36,l1,1.5,0.7180672268907564,0.0952571450712329,0.11764705882352942,0.039823717669784126,0.3940210002129507,0.09332816807857411,0.8357142857142857,0.06585388898066348
Non_temporal,RandomUnderSampler,36,l1,10.0,0.7417833800186742,0.07030113250045852,0.09313725490196079,0.02639786670163972,0.34381736612773767,0.08306439374282872,0.834920634920635,0.05406154401881396
Non_temporal,RandomUnderSampler,36,l2,0.001,0.05056022408963586,0.10614038261723376,0.48039215686274517,0.05279573340327947,0.8139845495474924,0.029042366011440036,0.530952380952381,0.11964137644191537
Non_temporal,RandomUnderSampler,36,l2,0.01,0.14474789915966388,0.1302845694600111,0.43382352941176466,0.06339469194302724,0.7814296363677871,0.041735510806579924,0.5785714285714286,0.11180339887498948
Non_temporal,RandomUnderSampler,36,l2,0.05,0.23814192343604104,0.16680444263095978,0.3872549019607843,0.08084520834544431,0.74285619120149,0.061139867179457165,0.6253968253968254,0.11925907146832912
Non_temporal,RandomUnderSampler,36,l2,0.1,0.32829131652661064,0.1872628107165016,0.34313725490196084,0.08084520834544433,0.7017310646342904,0.07990319804996272,0.6714285714285714,0.12508500511013046
Non_temporal,RandomUnderSampler,36,l2,1.5,0.5854575163398693,0.1207679136462986,0.20343137254901963,0.0333369375214104,0.5509259259259259,0.0621733088108719,0.7888888888888889,0.09899978494928682
Non_temporal,RandomUnderSampler,36,l2,10.0,0.7201680672268908,0.07521869033587633,0.12745098039215688,0.03360615000196591,0.41300608919803966,0.07179991973863509,0.8476190476190477,0.07453559924999299
Non_temporal,RandomUnderSampler,48,l1,0.001,,,,,,,,
Non_temporal,RandomUnderSampler,48,l1,0.01,,,,,,,,
Non_temporal,RandomUnderSampler,48,l1,0.05,,,,,,,,
Non_temporal,RandomUnderSampler,48,l1,0.1,-0.014705882352941124,0.0,0.5147058823529411,0.0,0.8333333333333334,0.0,0.5,0.0
Non_temporal,RandomUnderSampler,48,l1,1.5,0.5043126320562669,0.06472003965083581,0.2704126426690079,0.04152129027260165,0.6385473364373621,0.020777203584567923,0.7747252747252747,0.08916235490577351
Non_temporal,RandomUnderSampler,48,l1,10.0,0.5488652407001836,0.10919324978839774,0.25058530875036583,0.05219031514513474,0.6125821018062397,0.048622905916717585,0.7994505494505494,0.13109319000483682
Non_temporal,RandomUnderSampler,48,l2,0.001,-0.08541407378106235,0.10447778218009564,0.5332162715832601,0.056958127962437696,0.8611826411099667,0.03160223570672871,0.44780219780219777,0.14235435613221556
Non_temporal,RandomUnderSampler,48,l2,0.01,0.0018632596551824236,0.08182608078744608,0.49630523851331576,0.07325408692482883,0.8391046573863409,0.029230259716295913,0.4981684981684982,0.14878063963125487
Non_temporal,RandomUnderSampler,48,l2,0.05,0.10234782776486025,0.0866508751644841,0.44710272168568926,0.08690347525435493,0.8064622790186701,0.02689648775234539,0.5494505494505494,0.13413797379927142
Non_temporal,RandomUnderSampler,48,l2,0.1,0.24922977227630436,0.1130215358257803,0.3881328650863331,0.06232490455639438,0.7545767337623056,0.04022817361474551,0.6373626373626373,0.11220097723440736
Non_temporal,RandomUnderSampler,48,l2,1.5,0.5186683743531856,0.10686377986828029,0.26796166227685103,0.04221407804974744,0.633412290324055,0.04382249929378023,0.7866300366300366,0.12180864170693331
Non_temporal,RandomUnderSampler,48,l2,10.0,0.5013692043981773,0.1485828448470784,0.2605355575065847,0.0322193228663351,0.6372975558239379,0.052749853293286436,0.761904761904762,0.15713602621832712
Non_temporal,class_weight,8,l1,0.001,,,,,,,,
Non_temporal,class_weight,8,l1,0.01,,,,,,,,
Non_temporal,class_weight,8,l1,0.05,-0.12609890109890107,0.06018181413037725,0.5107142857142857,0.019406210822291534,0.8766290726817043,0.015905780610284675,0.38461538461538464,0.05439282932204212
Non_temporal,class_weight,8,l1,0.1,-0.07798216276477143,0.10078404663839001,0.5321946169772257,0.040007684650622106,0.8613953220879408,0.02777414548736962,0.4542124542124542,0.10872397127952987
Non_temporal,class_weight,8,l1,1.5,0.5007697616393268,0.10492401255777467,0.22084195997239478,0.039041358819856806,0.6142234308900976,0.052592563330006344,0.7216117216117217,0.08432867716645669
Non_temporal,class_weight,8,l1,10.0,0.5128125497690715,0.11141869279383992,0.2087991718426501,0.03186001755616915,0.6022450348899625,0.05396382869122048,0.7216117216117216,0.09530851158430538
Non_temporal,class_weight,8,l2,0.001,-0.017218771566597634,0.16945606804284485,0.45769496204278814,0.054382639172660306,0.8431142337392337,0.05412392189290768,0.44047619047619047,0.1298849912942891
Non_temporal,class_weight,8,l2,0.01,0.02094547964113184,0.09976465914527373,0.4195307108350587,0.04542059082565501,0.8340267806205569,0.03520215760787453,0.4404761904761905,0.10465634811230491
Non_temporal,class_weight,8,l2,0.05,0.18591867070127935,0.0558937317969326,0.3836783988957902,0.040297467901557346,0.7791503327955939,0.022024746395369384,0.5695970695970696,0.03441079528947976
Non_temporal,class_weight,8,l2,0.1,0.21071295853904548,0.13473108590194385,0.35979986197377506,0.04616194443334112,0.7669262143121989,0.048678907611598814,0.5705128205128205,0.1003363836057598
Non_temporal,class_weight,8,l2,1.5,0.43203004724743854,0.14984027393836677,0.24013112491373365,0.048347478163312994,0.6499654934437543,0.0626921263788032,0.6721611721611721,0.13344850719375
Non_temporal,class_weight,8,l2,10.0,0.5080161384509211,0.11158791579617769,0.21359558316080055,0.03365533949053477,0.6073518724968,0.054000682153366994,0.7216117216117216,0.09530851158430538
Non_temporal,class_weight,12,l1,0.001,,,,,,,,
Non_temporal,class_weight,12,l1,0.01,,,,,,,,
Non_temporal,class_weight,12,l1,0.05,,,,,,,,
Non_temporal,class_weight,12,l1,0.1,0.03204968944099377,0.14841710758067908,0.4393788819875777,0.08277114741742835,0.8159724939307518,0.05220873948234421,0.47142857142857136,0.07284313590846835
Non_temporal,class_weight,12,l1,1.5,0.5956335934596804,0.0721390015701448,0.1891649413388544,0.04260328738153223,0.5424436392914653,0.05100899976043812,0.7847985347985348,0.08090284895075013
Non_temporal,class_weight,12,l1,10.0,0.588525242873069,0.07296107125136991,0.18436853002070394,0.04549007306336802,0.5373487913683992,0.0638670338835078,0.7728937728937729,0.07437340844046504
Non_temporal,class_weight,12,l2,0.001,-0.04740139087965175,0.10562798915812258,0.48329882677708763,0.05321255579932321,0.848842881984217,0.029399206951836097,0.4358974358974359,0.104234822528441
Non_temporal,class_weight,12,l2,0.01,0.020250039815257203,0.13516783687444356,0.45227743271221527,0.054951005561196045,0.8287543868426223,0.03529790297957815,0.47252747252747246,0.12150189223898888
Non_temporal,class_weight,12,l2,0.05,0.1579683601422732,0.16745609040568254,0.39972394755003454,0.051680638745868625,0.7843754032778424,0.04753025737598839,0.5576923076923077,0.1531167297285143
Non_temporal,class_weight,12,l2,0.1,0.32946594468333595,0.13807420079333982,0.3829882677708765,0.0727746870758564,0.7296436495745252,0.041939345555754445,0.7124542124542125,0.1469773087746438
Non_temporal,class_weight,12,l2,1.5,0.5287598874555396,0.1244366109663587,0.24413388543823325,0.04697913979219505,0.6114367348275395,0.05589747339702916,0.7728937728937729,0.11846858336114455
Non_temporal,class_weight,12,l2,10.0,0.5860407708233796,0.0775538510401495,0.1987577639751553,0.04731758629392862,0.5534468339307049,0.05721103951123329,0.7847985347985348,0.08090284895075013
Non_temporal,class_weight,24,l1,0.001,,,,,,,,
Non_temporal,class_weight,24,l1,0.01,,,,,,,,
Non_temporal,class_weight,24,l1,0.05,-0.11964772968294092,0.08091754597977632,0.4859480959833073,0.058170056532860406,0.877784236224134,0.024448700130494137,0.36630036630036633,0.07683581305275836
Non_temporal,class_weight,24,l1,0.1,0.3576759703520267,0.11858607570668976,0.3364632237871674,0.043064585987313705,0.7216783040371749,0.05240393734688651,0.694139194139194,0.09203182803224255
Non_temporal,class_weight,24,l1,1.5,0.5115876885243082,0.09670976150010274,0.22192879499217524,0.03158203439791626,0.6186239552181582,0.05391127614927993,0.7335164835164836,0.07532016489002998
Non_temporal,class_weight,24,l1,10.0,0.5442383646608998,0.09056498000837118,0.2149191444966093,0.0408959959970011,0.6003866453016878,0.06226742837763798,0.7591575091575092,0.06981962680269924
Non_temporal,class_weight,24,l2,0.001,-0.00632964453386986,0.08063278548710323,0.41109154929577457,0.07169093961830518,0.8461126428864696,0.02600318942190622,0.4047619047619047,0.10375098196533734
Non_temporal,class_weight,24,l2,0.01,0.1516137422827564,0.06211068616527831,0.34106025039123633,0.07175354128139413,0.7874912450404116,0.0294058361637407,0.4926739926739927,0.08914354229771397
Non_temporal,class_weight,24,l2,0.05,0.37987110698378307,0.09136420853917328,0.3014475743348983,0.021665096860658734,0.7068506713030039,0.028819794676744198,0.6813186813186812,0.10635334169199981
Non_temporal,class_weight,24,l2,0.1,0.4126697506979197,0.08511619454157068,0.2686489306207616,0.02152234350117501,0.6811187916026625,0.03517884293517545,0.6813186813186812,0.0858269195154577
Non_temporal,class_weight,24,l2,1.5,0.49175752520822935,0.10122372236574784,0.22893844548774125,0.03484450549407957,0.6300050432659129,0.05486535046641597,0.7206959706959707,0.08689988869950444
Non_temporal,class_weight,24,l2,10.0,0.5267230161596359,0.09030820609178629,0.21961398017736045,0.040201421077270004,0.6103709508881923,0.05608216236435021,0.7463369963369964,0.07374496126479207
Non_temporal,class_weight,36,l1,0.001,,,,,,,,
Non_temporal,class_weight,36,l1,0.01,,,,,,,,
Non_temporal,class_weight,36,l1,0.05,0.006722689075630246,0.11737914672892794,0.4313725490196078,0.045458914193606384,0.8270705177545263,0.03947906303438269,0.4380952380952381,0.11712737024998898
Non_temporal,class_weight,36,l1,0.1,0.42572362278244635,0.11956734649735369,0.2107843137254902,0.04999038738816456,0.6058896658896659,0.08234008700449966,0.6365079365079365,0.07880756563369148
Non_temporal,class_weight,36,l1,1.5,0.7659430438842204,0.07811374495991347,0.08088235294117646,0.018504496164879286,0.3127651645453503,0.0638838566614453,0.8468253968253968,0.06450091356596464
Non_temporal,class_weight,36,l1,10.0,0.7757469654528478,0.08459354446289948,0.07107843137254902,0.027402793841909183,0.28141984864121083,0.09266882691265006,0.8468253968253968,0.06450091356596464
Non_temporal,class_weight,36,l2,0.001,0.11718020541549956,0.139763739524145,0.42647058823529416,0.03396178054056623,0.7918517834284654,0.04176054831229793,0.5436507936507936,0.13427717710863996
Non_temporal,class_weight,36,l2,0.01,0.15394491129785248,0.14488264497511064,0.3897058823529412,0.03676470588235292,0.7745107717534188,0.047431523156530035,0.5436507936507936,0.11370276811027306
Non_temporal,class_weight,36,l2,0.05,0.411624649859944,0.12704941818473675,0.25980392156862747,0.06161669161753204,0.6431664470794906,0.06740507776050722,0.6714285714285714,0.09404008408634047
Non_temporal,class_weight,36,l2,0.1,0.5480859010270774,0.11265492931123529,0.2058823529411765,0.05369828995148687,0.5586684303350969,0.07846770995404756,0.753968253968254,0.07487286612743335
Non_temporal,class_weight,36,l2,1.5,0.7352240896358544,0.11099263047661248,0.10049019607843139,0.023122502774648536,0.36460022605533443,0.07431442788604439,0.8357142857142857,0.09715336077668173
Non_temporal,class_weight,36,l2,10.0,0.7987628384687208,0.09300027192883469,0.071078431372549,0.026054278952781,0.27690631808278865,0.08958534402453021,0.8698412698412699,0.07686539690668731
Non_temporal,class_weight,48,l1,0.001,,,,,,,,
Non_temporal,class_weight,48,l1,0.01,,,,,,,,
Non_temporal,class_weight,48,l1,0.05,-0.0029812154482918296,0.09541179030243581,0.4892449517120281,0.0722268092746147,0.8371445994517681,0.026119831669067506,0.4862637362637363,0.10728364939432217
Non_temporal,class_weight,48,l1,0.1,0.196612284408597,0.09129443066138546,0.40320456540825284,0.08870668630014487,0.7675966337560044,0.043389793367812464,0.5998168498168498,0.08431375921773016
Non_temporal,class_weight,48,l1,1.5,0.5786677472366674,0.15329925098021585,0.18415276558384544,0.032092724839734084,0.5515613285350128,0.07192926847359156,0.7628205128205129,0.15548630774371136
Non_temporal,class_weight,48,l1,10.0,0.5679480747522889,0.14235417685279847,0.1939566871524729,0.042337009830785206,0.5630269639616282,0.07003013576697695,0.761904761904762,0.15713602621832712
Non_temporal,class_weight,48,l2,0.001,0.051481040177264965,0.11515667113722233,0.4842332455370207,0.06817835175911285,0.8232546039830088,0.03296806805672792,0.5357142857142857,0.14050436460212082
Non_temporal,class_weight,48,l2,0.01,0.2308645042402725,0.1090620196248886,0.40558238220661397,0.08099114825704667,0.7627406468869883,0.03688982415195759,0.6364468864468864,0.12295980931599884
Non_temporal,class_weight,48,l2,0.05,0.3549105635365512,0.12744066615696306,0.30717734855136086,0.06287785198355847,0.6969998079877112,0.05957296856530031,0.6620879120879121,0.11567858940344669
Non_temporal,class_weight,48,l2,0.1,0.4484787600459242,0.10458800703909911,0.2630597014925373,0.057478338594010955,0.6466581524052787,0.05614895561957442,0.7115384615384616,0.10500832337151864
Non_temporal,class_weight,48,l2,1.5,0.535796695256748,0.177126078869285,0.20138279192273922,0.038197650095597065,0.5804843304843305,0.07982293861038119,0.7371794871794872,0.16472574716002633
Non_temporal,class_weight,48,l2,10.0,0.5630461139679752,0.1473542371744719,0.19885864793678665,0.04342017358241636,0.5684790557295094,0.07472958352922834,0.761904761904762,0.15713602621832712
Temporal,SMOTE,12,l1,0.001,,,,,,,,
Temporal,SMOTE,12,l1,0.01,,,,,,,,
Temporal,SMOTE,12,l1,0.05,-0.03588408119658121,0.12512764699921097,0.46109775641025647,0.07545581010185402,0.8516679115770089,0.03850403422140212,0.4252136752136752,0.132133545587524
Temporal,SMOTE,12,l1,0.1,0.020459401709401703,0.14079000433046157,0.43253205128205124,0.0663118388746252,0.8332366457366458,0.04292343510707759,0.452991452991453,0.12732963175589385
Temporal,SMOTE,12,l1,1.5,0.4923744658119658,0.1380254360088333,0.207411858974359,0.07952801055627066,0.5876290376290375,0.11033359693465487,0.6997863247863249,0.1292381812304858
Temporal,SMOTE,12,l1,10.0,0.4965945512820513,0.10805185465950151,0.1893028846153846,0.06964999908628447,0.5722903639570306,0.1070145543902881,0.685897435897436,0.10790069378591964
Temporal,SMOTE,12,l2,0.001,-0.0006143162393162463,0.21002700905602406,0.4792467948717949,0.07808303442252057,0.8385099582172556,0.06343038201127149,0.4786324786324787,0.172865757010093
Temporal,SMOTE,12,l2,0.01,-0.056757478632478625,0.13029402724714256,0.4403044871794872,0.04157511206097913,0.8605801550648251,0.04335725517403929,0.3835470085470085,0.14109442119691376
Temporal,SMOTE,12,l2,0.05,0.16963141025641024,0.16580614884280628,0.3367788461538462,0.062004942699208664,0.7819916603004838,0.06968873008127795,0.5064102564102564,0.18688948380914425
Temporal,SMOTE,12,l2,0.1,0.285670405982906,0.05825135742307294,0.29018429487179487,0.045665573073411764,0.7260071154898741,0.03021820959485365,0.5758547008547009,0.08499467138119145
Temporal,SMOTE,12,l2,1.5,0.4943108974358974,0.13043861129709997,0.23325320512820513,0.06986150241765916,0.6189001805296599,0.07043866224010567,0.7275641025641025,0.13682306520639803
Temporal,SMOTE,12,l2,10.0,0.4784455128205129,0.12295007499607576,0.2074519230769231,0.07745136103346979,0.5920714551149334,0.11068850046202032,0.685897435897436,0.10790069378591964
Temporal,SMOTE,24,l1,0.001,,,,,,,,
Temporal,SMOTE,24,l1,0.01,,,,,,,,
Temporal,SMOTE,24,l1,0.05,0.3022355482032901,0.09249018701758593,0.3419952210274791,0.10943509312634346,0.7204585207396302,0.046692736331612215,0.6442307692307693,0.16236855976477607
Temporal,SMOTE,24,l1,0.1,0.5114140638334187,0.090838283557558,0.22469704727769246,0.034100084015626024,0.6031586770717206,0.024372690715363,0.7361111111111112,0.10265865477873204
Temporal,SMOTE,24,l1,1.5,0.5742004411359249,0.08508254509482287,0.14695340501792117,0.024607334628735465,0.5016612200435729,0.060635404597206524,0.7211538461538461,0.0715492976506548
Temporal,SMOTE,24,l1,10.0,0.5663082437275985,0.11851706601116441,0.12813620071684587,0.033803455072973325,0.47442810457516343,0.09107205379267268,0.6944444444444445,0.10380305813240275
Temporal,SMOTE,24,l2,0.001,-0.09506577651738939,0.1335831419309638,0.4572452636968766,0.06211990204799786,0.8648814154561281,0.0432404845792722,0.36217948717948717,0.13342729677242723
Temporal,SMOTE,24,l2,0.01,0.16439862407604347,0.10874053960953631,0.33132787165045224,0.07464790061096903,0.7653980966910029,0.04786047195399316,0.4957264957264957,0.1194480757211426
Temporal,SMOTE,24,l2,0.05,0.37650163456615077,0.12210378401654852,0.25384024577572967,0.06243244457597301,0.6655760188087775,0.04823450587269842,0.6303418803418804,0.14057165985810707
Temporal,SMOTE,24,l2,0.1,0.4031273386112096,0.11327139827775294,0.22721454173067077,0.04468463907123793,0.6419789397240377,0.038386807117500636,0.6303418803418804,0.12576016213300992
Temporal,SMOTE,24,l2,1.5,0.5618706263867554,0.11777628030112443,0.1603515958354668,0.025738525777923873,0.5254664438874965,0.0528252794468235,0.7222222222222222,0.11441105581391073
Temporal,SMOTE,24,l2,10.0,0.5657305657305657,0.10612167525509612,0.14153439153439154,0.030432734444975667,0.49569860107785807,0.08045459870829036,0.7072649572649573,0.08716272672808179
Temporal,SMOTE,36,l1,0.001,,,,,,,,
Temporal,SMOTE,36,l1,0.01,,,,,,,,
Temporal,SMOTE,36,l1,0.05,0.05917424869037775,0.08926597401179011,0.35215053763440857,0.05771750148812874,0.8067970052323138,0.04449279157485949,0.41132478632478625,0.07488546542254298
Temporal,SMOTE,36,l1,0.1,0.4221464019851117,0.1148349589907387,0.228494623655914,0.030054677116932663,0.634033189033189,0.06108540809896876,0.6506410256410257,0.09733955538370173
Temporal,SMOTE,36,l1,1.5,0.7045078577336642,0.07135922748546433,0.09677419354838711,0.016129032258064516,0.3732006691565515,0.03516809156260695,0.8012820512820512,0.0729005218343247
Temporal,SMOTE,36,l1,10.0,0.7024400330851943,0.061955192082333445,0.08602150537634408,0.015206597444871989,0.3493679523091288,0.032191223695764964,0.7884615384615384,0.07060987881136027
Temporal,SMOTE,36,l2,0.001,-0.004997242900468685,0.0845444816060191,0.44623655913978494,0.04334547176504596,0.8332565284178187,0.02682911244627465,0.4412393162393162,0.0660408523954085
Temporal,SMOTE,36,l2,0.01,0.12324234904880067,0.08639746531391398,0.3575268817204302,0.05619501333431954,0.78297976587743,0.03873115974835769,0.4807692307692308,0.0483963745850689
Temporal,SMOTE,36,l2,0.05,0.3172732285635511,0.06661666123058876,0.2553763440860215,0.03410907940981053,0.6884093397024432,0.02567309352656295,0.5726495726495726,0.07751434678297886
Temporal,SMOTE,36,l2,0.1,0.36217948717948717,0.11041394607238374,0.25,0.03453019510393853,0.6710740949871385,0.040314694751180914,0.6121794871794872,0.12776366299996633
Temporal,SMOTE,36,l2,1.5,0.610249517507582,0.09033399656497933,0.13440860215053763,0.03685835806667228,0.4642328310091468,0.08779802203823414,0.7446581196581197,0.09076167536601457
Temporal,SMOTE,36,l2,10.0,0.7034394816652881,0.05195926931207012,0.09677419354838708,0.02793630334788512,0.3678691134573488,0.051128997904546315,0.8002136752136751,0.07579448675443567
Temporal,RandomOverSampler,12,l1,0.001,,,,,,,,
Temporal,RandomOverSampler,12,l1,0.01,,,,,,,,
Temporal,RandomOverSampler,12,l1,0.05,-0.05641025641025641,0.04064843640305159,0.4794871794871795,0.05913651541315558,0.8574859923544134,0.014098758714117393,0.4230769230769231,0.0768339940015607
Temporal,RandomOverSampler,12,l1,0.1,0.08409455128205127,0.16428745483146218,0.38064903846153847,0.04752806699265897,0.8125772755514133,0.05973956205863385,0.4647435897435898,0.16007468328774999
Temporal,RandomOverSampler,12,l1,1.5,0.514155982905983,0.1436422411194722,0.19951923076923075,0.07794036367437787,0.5714930057864841,0.12399131314271031,0.7136752136752137,0.12941028999766427
Temporal,RandomOverSampler,12,l1,10.0,0.5078792735042735,0.15817341293258616,0.2047275641025641,0.07551873976898185,0.5809086993017086,0.1294350276045173,0.7126068376068376,0.14138535450103226
Temporal,RandomOverSampler,12,l2,0.001,-0.053926282051282054,0.21950028456625245,0.44815705128205136,0.04315080541224208,0.8564557828670732,0.06730568609195713,0.3942307692307692,0.18399967067307998
Temporal,RandomOverSampler,12,l2,0.01,0.017134081196581195,0.18501498697128677,0.39098557692307695,0.05417829645387974,0.8329112871202122,0.07159309599472925,0.40811965811965817,0.15449767079081383
Temporal,RandomOverSampler,12,l2,0.05,0.17645566239316243,0.10884878598680418,0.31606570512820514,0.06213239660880529,0.7695656235526925,0.06146107183000123,0.49252136752136755,0.11367541449760556
Temporal,RandomOverSampler,12,l2,0.1,0.2568643162393162,0.09882841729296382,0.2901442307692308,0.06825935510007769,0.7322448624172763,0.06292425056514193,0.547008547008547,0.10762530136293187
Temporal,RandomOverSampler,12,l2,1.5,0.5061832264957266,0.08845519253329584,0.2203125,0.07127322771623464,0.5990988178488178,0.09487290135234588,0.7264957264957266,0.07608758040497801
Temporal,RandomOverSampler,12,l2,10.0,0.48882211538461545,0.14972109508751694,0.2098958333333333,0.07875441923839423,0.5891667456032332,0.13306897095055029,0.6987179487179488,0.12363654821785841
Temporal,RandomOverSampler,24,l1,0.001,,,,,,,,
Temporal,RandomOverSampler,24,l1,0.01,,,,,,,,
Temporal,RandomOverSampler,24,l1,0.05,0.2554912232331587,0.14339134356746283,0.34707287933094383,0.08938512655845968,0.7352802467140703,0.06556792422026876,0.6025641025641025,0.14928238012571426
Temporal,RandomOverSampler,24,l1,0.1,0.5243199154489476,0.07973572198520404,0.22461170848267623,0.01862752573060826,0.5997604448691405,0.024897884662593465,0.7489316239316239,0.07713793592386624
Temporal,RandomOverSampler,24,l1,1.5,0.5928879961138026,0.08582900693506973,0.15497525174944532,0.021278471734541,0.5074778449391452,0.0484232317666593,0.7478632478632479,0.08130896406171133
Temporal,RandomOverSampler,24,l1,10.0,0.5946620583717358,0.11361981872335868,0.1414490527393753,0.03748396678170903,0.48589536824830937,0.059994470643898214,0.7361111111111112,0.1269390835686507
Temporal,RandomOverSampler,24,l2,0.001,-0.12196554938490418,0.058600393614831624,0.4168373442566991,0.051730815598504724,0.8764413287329954,0.018030603103349557,0.2948717948717949,0.06672006408545297
Temporal,RandomOverSampler,24,l2,0.01,0.06808230598553182,0.16277900027716521,0.3368322239289981,0.017047478991011254,0.8129357890499195,0.05098514674392408,0.40491452991453,0.1743941905528682
Temporal,RandomOverSampler,24,l2,0.05,0.34881083671406254,0.17649853327515644,0.22704386414063835,0.03940308048467331,0.6649127135060638,0.08214714966376567,0.5758547008547008,0.170743075476195
Temporal,RandomOverSampler,24,l2,0.1,0.3839917549594969,0.1562491512684167,0.20575183478409287,0.03042779837605076,0.6394461395033476,0.06868363658875526,0.5897435897435898,0.16029913960265857
Temporal,RandomOverSampler,24,l2,1.5,0.544251447477254,0.13569279755867325,0.15232974910394265,0.019593757600928473,0.5236713106295149,0.06704934650781026,0.6965811965811964,0.12488580509574751
Temporal,RandomOverSampler,24,l2,10.0,0.5962391849488623,0.10038598307592968,0.13880355009387266,0.03563824610134724,0.47974610671979095,0.06950875572609273,0.7350427350427351,0.10406662958876858
Temporal,RandomOverSampler,36,l1,0.001,,,,,,,,
Temporal,RandomOverSampler,36,l1,0.01,,,,,,,,
Temporal,RandomOverSampler,36,l1,0.05,0.07378687620623106,0.15493763691754056,0.4059139784946236,0.061358667798458756,0.8047400429373046,0.0564342465757767,0.4797008547008547,0.11540934366234397
Temporal,RandomOverSampler,36,l1,0.1,0.4406878963330576,0.1047418276830447,0.25268817204301075,0.05240212013338152,0.6383410449199923,0.05651982184658449,0.6933760683760685,0.08587643788080591
Temporal,RandomOverSampler,36,l1,1.5,0.7028191342707473,0.06193775350565181,0.11021505376344086,0.017212699562991526,0.4004960317460317,0.031531132343071894,0.8130341880341881,0.07368697478854866
Temporal,RandomOverSampler,36,l1,10.0,0.731217259443066,0.0753678274585248,0.09677419354838711,0.01862420223192341,0.3648713759007876,0.04717509006532452,0.8279914529914532,0.0804409849747054
Temporal,RandomOverSampler,36,l2,0.001,-0.006823821339950353,0.15878523741059625,0.3978494623655913,0.08206633076598789,0.834351343176207,0.05137415737307347,0.391025641025641,0.13956116062229
Temporal,RandomOverSampler,36,l2,0.01,0.09015715467328372,0.0984298289112026,0.35215053763440857,0.05696134435595992,0.7961715703651188,0.038267436856928634,0.4423076923076923,0.08726742673787238
Temporal,RandomOverSampler,36,l2,0.05,0.2957678522194651,0.1003291150090512,0.27688172043010756,0.05301904011644091,0.7001151434772125,0.05548347592941664,0.5726495726495727,0.060775481424478174
Temporal,RandomOverSampler,36,l2,0.1,0.38995726495726496,0.08343310871251632,0.25,0.057214507133851504,0.6515457414580221,0.06143532038852963,0.639957264957265,0.03781809833424753
Temporal,RandomOverSampler,36,l2,1.5,0.6508478081058726,0.07093821566835487,0.13440860215053763,0.033142010768650414,0.45365456123970055,0.07695199699594547,0.7852564102564102,0.043594456758767434
Temporal,RandomOverSampler,36,l2,10.0,0.6622208436724567,0.05764840839140624,0.11021505376344086,0.014476249481544365,0.413766339869281,0.04357988822286909,0.7724358974358974,0.05895461393727093
Temporal,RandomUnderSampler,12,l1,0.001,,,,,,,,
Temporal,RandomUnderSampler,12,l1,0.01,,,,,,,,
Temporal,RandomUnderSampler,12,l1,0.05,,,,,,,,
Temporal,RandomUnderSampler,12,l1,0.1,-0.038501602564102566,0.23634015135348,0.5176682692307693,0.037521759281297154,0.8548305860805862,0.06320928407440334,0.4791666666666667,0.21550167568309583
Temporal,RandomUnderSampler,12,l1,1.5,0.40124198717948717,0.08464895124546946,0.3391426282051282,0.06963847528776862,0.7039967002332593,0.04284564539206459,0.7403846153846154,0.1097103102747547
Temporal,RandomUnderSampler,12,l1,10.0,0.46689369658119656,0.05734833386085731,0.2873798076923077,0.0800368569849115,0.6566964989363697,0.06547766259830957,0.7542735042735044,0.06331424098303017
Temporal,RandomUnderSampler,12,l2,0.001,-0.07852564102564101,0.1371860551636787,0.5592948717948718,0.09124199808654877,0.8585867324966161,0.032124404522439684,0.4807692307692308,0.11585847616859794
Temporal,RandomUnderSampler,12,l2,0.01,-0.028378739316239316,0.15729186679429455,0.5230368589743589,0.06533782036266905,0.8498209874609651,0.03910177455450677,0.4946581196581196,0.16973735474557747
Temporal,RandomUnderSampler,12,l2,0.05,0.023811431623931623,0.16055561289598136,0.46870993589743587,0.07361428617606686,0.8319699402000743,0.05393918292467879,0.4925213675213675,0.14893407642464393
Temporal,RandomUnderSampler,12,l2,0.1,0.08689903846153846,0.1283342177790367,0.43233173076923076,0.06455028193293046,0.8128001828043218,0.04818486818275565,0.5192307692307693,0.11585847616859796
Temporal,RandomUnderSampler,12,l2,1.5,0.32947382478632486,0.11834953453534924,0.32864583333333336,0.09669563075915112,0.7109017525684193,0.07930705377026652,0.6581196581196581,0.08549679069975452
Temporal,RandomUnderSampler,12,l2,10.0,0.429647435897436,0.0828876999222783,0.29791666666666666,0.0832123983800793,0.6719807153630684,0.0702566982834727,0.7275641025641026,0.0972691724711123
Temporal,RandomUnderSampler,24,l1,0.001,,,,,,,,
Temporal,RandomUnderSampler,24,l1,0.01,,,,,,,,
Temporal,RandomUnderSampler,24,l1,0.05,,,,,,,,
Temporal,RandomUnderSampler,24,l1,0.1,-0.04459608491866557,0.12894473958758867,0.5125448028673836,0.04862936717950182,0.8467486196252336,0.032768675872834906,0.46794871794871795,0.12013032589869206
Temporal,RandomUnderSampler,24,l1,1.5,0.5216284611445902,0.08132239418078396,0.28072196620583717,0.04003901735182179,0.6350090947792096,0.02333678434970523,0.8023504273504275,0.09395029678378257
Temporal,RandomUnderSampler,24,l1,10.0,0.5056733887379049,0.10151297679073452,0.24325823519371906,0.030891612405093898,0.61804386166705,0.037907178119405145,0.7489316239316239,0.10285859608328377
Temporal,RandomUnderSampler,24,l2,0.001,-0.02563281998765869,0.1314371696074357,0.5053336746885134,0.05006946084860701,0.8393998455210038,0.036575350696603656,0.4797008547008547,0.10652196964383362
Temporal,RandomUnderSampler,24,l2,0.01,-0.00037253666285924636,0.1236591753418319,0.5078511691414916,0.048664817308851985,0.8327492382370432,0.03817434297684619,0.5074786324786326,0.10818066080833103
Temporal,RandomUnderSampler,24,l2,0.05,0.11890648180970759,0.07570599690949906,0.48365762075439495,0.048781348988827765,0.7998690520453663,0.023238341499684474,0.6025641025641025,0.0779841350038233
Temporal,RandomUnderSampler,24,l2,0.1,0.13817335591529137,0.04400627329085707,0.45157023382829836,0.051591466008879434,0.7929349517584812,0.00849530683516422,0.5897435897435896,0.08108404256841996
Temporal,RandomUnderSampler,24,l2,1.5,0.44968949807659486,0.1108533159212846,0.32595152756443074,0.04503546204120806,0.6768494564726311,0.03704901975676579,0.7756410256410257,0.1191227338868919
Temporal,RandomUnderSampler,24,l2,10.0,0.5008304121207346,0.10545500315099786,0.26199010069977813,0.04497265433214043,0.6304660154660154,0.03111336200443065,0.7628205128205128,0.12319260944785959
Temporal,RandomUnderSampler,36,l1,0.001,,,,,,,,
Temporal,RandomUnderSampler,36,l1,0.01,,,,,,,,
Temporal,RandomUnderSampler,36,l1,0.05,,,,,,,,
Temporal,RandomUnderSampler,36,l1,0.1,-0.06734215605183343,0.18698184247827518,0.5053763440860215,0.04023287512660151,0.8536747273589379,0.04923289344625548,0.43803418803418803,0.15045527130157216
Temporal,RandomUnderSampler,36,l1,1.5,0.6139371381306865,0.11044571302009974,0.22580645161290322,0.06779311942429297,0.559456691990648,0.08447860561922473,0.8397435897435895,0.0657897620441908
Temporal,RandomUnderSampler,36,l1,10.0,0.6423352633030052,0.1078156359844508,0.21236559139784947,0.05541808636582877,0.5446294044120131,0.06897272153003428,0.8547008547008548,0.0808867232083235
Temporal,RandomUnderSampler,36,l2,0.001,0.01671491590846433,0.07051720835545192,0.5591397849462365,0.0656266430953425,0.8284381607552338,0.013727988413501032,0.5758547008547009,0.08587643788080589
Temporal,RandomUnderSampler,36,l2,0.01,0.03822029225255036,0.09099191453791351,0.5376344086021505,0.08206633076598789,0.8219899337187716,0.020112364733055298,0.5758547008547009,0.09843565105138855
Temporal,RandomUnderSampler,36,l2,0.05,0.07809484422387648,0.09328759427976752,0.4838709677419355,0.08483727869924464,0.8109365567401952,0.027815822720211058,0.561965811965812,0.13056936852523238
Temporal,RandomUnderSampler,36,l2,0.1,0.13761373035566585,0.08837217035183079,0.4489247311827957,0.08246162177515039,0.7911395327186775,0.029968385092976904,0.5865384615384615,0.12450592692022457
Temporal,RandomUnderSampler,36,l2,1.5,0.3877515853322306,0.13819095482650148,0.3440860215053763,0.08415309592741142,0.6959082584082584,0.06282235073651006,0.7318376068376069,0.14383453010508826
Temporal,RandomUnderSampler,36,l2,10.0,0.47897711607389026,0.17499965779202045,0.2795698924731183,0.08669094353009192,0.6358762907675951,0.08253888037877298,0.7585470085470085,0.1263035615908688
Temporal,class_weight,12,l1,0.001,,,,,,,,
Temporal,class_weight,12,l1,0.01,,,,,,,,
Temporal,class_weight,12,l1,0.05,-0.23958333333333334,0.05729166666666666,0.53125,0.015625,0.9064722617354196,0.01458036984352773,0.29166666666666663,0.04166666666666666
Temporal,class_weight,12,l1,0.1,-0.17646901709401708,0.13938023296261035,0.4510416666666666,0.05873042150026635,0.9012748757708436,0.0459340566936713,0.2745726495726496,0.1578631842349906
Temporal,class_weight,12,l1,1.5,0.47951388888888896,0.15745018095278865,0.22027243589743592,0.0822376189450834,0.6006357260929974,0.12476794630947809,0.6997863247863249,0.14605525364530209
Temporal,class_weight,12,l1,10.0,0.46025641025641034,0.16338746200484483,0.22564102564102564,0.0925329519220244,0.605705636955637,0.13141591707331135,0.685897435897436,0.12756249193674615
Temporal,class_weight,12,l2,0.001,-0.10004006410256412,0.15386600898797193,0.46862980769230766,0.06352596495379778,0.8692365504865505,0.04691309268624898,0.3685897435897436,0.12861845765082427
Temporal,class_weight,12,l2,0.01,0.0023103632478632488,0.18302130684644896,0.4090144230769231,0.07312787502355748,0.8392686950146628,0.06359224657220339,0.41132478632478636,0.1738829233148771
Temporal,class_weight,12,l2,0.05,0.08954326923076923,0.13044681275711897,0.3495592948717949,0.0719716003396104,0.8091922167848463,0.056131892025639445,0.43910256410256415,0.15852699323058728
Temporal,class_weight,12,l2,0.1,0.20178952991452992,0.09494364693396928,0.3056891025641026,0.0698981623678315,0.759938690813054,0.05131319527616838,0.5074786324786326,0.1324829403766087
Temporal,class_weight,12,l2,1.5,0.509775641025641,0.09719399347746058,0.23060897435897434,0.07729124467579662,0.6031849376676962,0.10124106786047278,0.7403846153846154,0.08606231783395868
Temporal,class_weight,12,l2,10.0,0.5089075854700854,0.16873303891004657,0.2047676282051282,0.07621714043976864,0.581126208577189,0.12267893213678699,0.7136752136752137,0.1612646347360103
Temporal,class_weight,24,l1,0.001,,,,,,,,
Temporal,class_weight,24,l1,0.01,,,,,,,,
Temporal,class_weight,24,l1,0.05,-0.11286777738390641,0.13342593212651696,0.5026113671274961,0.08119415860796476,0.8680467196381747,0.043302841353657924,0.3897435897435898,0.14295877853524522
Temporal,class_weight,24,l1,0.1,0.4355462339333307,0.0721131938262492,0.29949650110940434,0.06633927749101035,0.6656126882576159,0.0410744140784609,0.735042735042735,0.08297644375618633
Temporal,class_weight,24,l1,1.5,0.6018912389880132,0.07660774899230736,0.17374978665301244,0.028225991900010242,0.5256320358622149,0.03864776198584847,0.7756410256410257,0.07718970883841215
Temporal,class_weight,24,l1,10.0,0.5973075610172384,0.08319412243976285,0.13880355009387266,0.036834763639449174,0.47805506040800155,0.05699848650894035,0.7361111111111112,0.10097708241940485
Temporal,class_weight,24,l2,0.001,-0.11076647366969945,0.10223740563901884,0.44623655913978494,0.06958937898428039,0.8711831884253026,0.0334232099418941,0.33547008547008544,0.11338888172155213
Temporal,class_weight,24,l2,0.01,0.10978179526566627,0.09785033707646948,0.3581669226830517,0.02708858223703371,0.7928710815269956,0.03331769879248613,0.4679487179487179,0.09289344068070152
Temporal,class_weight,24,l2,0.05,0.3353945934591096,0.1816100083645934,0.2564857484212323,0.03548188111007817,0.6896541210576298,0.059657121743791675,0.5918803418803419,0.18775474573686904
Temporal,class_weight,24,l2,0.1,0.3936137040975751,0.1687364320460257,0.23779655231268138,0.041919355140915514,0.6575484418962679,0.061423227010650186,0.6314102564102565,0.17755947415980183
Temporal,class_weight,24,l2,1.5,0.5960668662281566,0.10619018721332478,0.16568527052398022,0.02832942737675062,0.5189613186651819,0.05505327849432857,0.7617521367521367,0.09974879874195917
Temporal,class_weight,24,l2,10.0,0.5928879961138027,0.08223037947417565,0.15497525174944532,0.013879037350478395,0.5088702147525678,0.03930672202073009,0.7478632478632479,0.08130896406171133
Temporal,class_weight,36,l1,0.001,,,,,,,,
Temporal,class_weight,36,l1,0.01,,,,,,,,
Temporal,class_weight,36,l1,0.05,-0.08061069754618141,0.15962358117123118,0.49193548387096775,0.0731755784344957,0.8527964243393923,0.05246842984912758,0.41132478632478636,0.1205183138106675
Temporal,class_weight,36,l1,0.1,0.10290874000551421,0.12082424444578685,0.3629032258064517,0.04241863934962231,0.793507572890462,0.04721620109786799,0.4658119658119659,0.10556939595756945
Temporal,class_weight,36,l1,1.5,0.7124000551419907,0.05381278311294999,0.11559139784946237,0.011083617273165753,0.4088192294461644,0.022275257160317405,0.827991452991453,0.050259117462987474
Temporal,class_weight,36,l1,10.0,0.7285290874000551,0.07919907127243093,0.09946236559139786,0.014476249481544365,0.37311313414254593,0.04028163233935334,0.8279914529914532,0.0804409849747054
Temporal,class_weight,36,l2,0.001,-0.015508684863523553,0.10619348328424058,0.41935483870967744,0.07507655937510183,0.8389352430187276,0.03297017506024595,0.4038461538461539,0.1163304067420188
Temporal,class_weight,36,l2,0.01,0.14178384339674666,0.12114315401961812,0.38172043010752693,0.06693494407520824,0.7803521793112861,0.04515994540580433,0.5235042735042735,0.09541501522122267
Temporal,class_weight,36,l2,0.05,0.3004204576785222,0.11034690809673298,0.3010752688172043,0.057151321573842194,0.7073303180292427,0.057583818887156524,0.6014957264957265,0.07170865040405913
Temporal,class_weight,36,l2,0.1,0.388716570168183,0.05882957086963865,0.27688172043010756,0.04964028309843923,0.6687035187035186,0.04895044643823503,0.6655982905982906,0.038535659822374835
Temporal,class_weight,36,l2,1.5,0.6175902950096498,0.06788573806538203,0.15591397849462366,0.03566263215435914,0.4943118310125983,0.069749937479473,0.7735042735042735,0.052557153317302756
Temporal,class_weight,36,l2,10.0,0.6701130410807831,0.053754382318174324,0.12903225806451613,0.02633859938476536,0.4413320883909119,0.06128872371808138,0.7991452991452991,0.04342393468568712
