datatype,sampling,time_step,n_estimators,learning_rate,tss_mean,tss_std,far_mean,far_std,fdr_mean,fdr_std,pod_mean,pod_std
Non_temporal,SMOTE,8,5,0.001,0.22129790940766553,0.2073950170394729,0.18763066202090592,0.07648700917027916,0.6866901888960714,0.1468077877380832,0.4089285714285714,0.18804343017678937
Non_temporal,SMOTE,8,5,0.01,0.22129790940766553,0.2073950170394729,0.18763066202090592,0.07648700917027916,0.6866901888960714,0.1468077877380832,0.4089285714285714,0.18804343017678937
Non_temporal,SMOTE,8,5,0.05,0.22129790940766553,0.2073950170394729,0.18763066202090592,0.07648700917027916,0.6866901888960714,0.1468077877380832,0.4089285714285714,0.18804343017678937
Non_temporal,SMOTE,8,5,0.1,0.22129790940766553,0.2073950170394729,0.18763066202090592,0.07648700917027916,0.6866901888960714,0.1468077877380832,0.4089285714285714,0.18804343017678937
Non_temporal,SMOTE,8,10,0.001,0.22129790940766553,0.2073950170394729,0.18763066202090592,0.07648700917027916,0.6866901888960714,0.1468077877380832,0.4089285714285714,0.18804343017678937
Non_temporal,SMOTE,8,10,0.01,0.22129790940766553,0.2073950170394729,0.18763066202090592,0.07648700917027916,0.6866901888960714,0.1468077877380832,0.4089285714285714,0.18804343017678937
Non_temporal,SMOTE,8,10,0.05,0.22129790940766553,0.2073950170394729,0.18763066202090592,0.07648700917027916,0.6866901888960714,0.1468077877380832,0.4089285714285714,0.18804343017678937
Non_temporal,SMOTE,8,10,0.1,0.22129790940766553,0.2073950170394729,0.18763066202090592,0.07648700917027916,0.6866901888960714,0.1468077877380832,0.4089285714285714,0.18804343017678937
Non_temporal,SMOTE,8,20,0.001,0.22129790940766553,0.2073950170394729,0.18763066202090592,0.07648700917027916,0.6866901888960714,0.1468077877380832,0.4089285714285714,0.18804343017678937
Non_temporal,SMOTE,8,20,0.01,0.22129790940766553,0.2073950170394729,0.18763066202090592,0.07648700917027916,0.6866901888960714,0.1468077877380832,0.4089285714285714,0.18804343017678937
Non_temporal,SMOTE,8,20,0.05,0.22129790940766553,0.2073950170394729,0.18763066202090592,0.07648700917027916,0.6866901888960714,0.1468077877380832,0.4089285714285714,0.18804343017678937
Non_temporal,SMOTE,8,20,0.1,0.22129790940766553,0.2073950170394729,0.18763066202090592,0.07648700917027916,0.6866901888960714,0.1468077877380832,0.4089285714285714,0.18804343017678937
Non_temporal,SMOTE,8,50,0.001,0.22129790940766553,0.2073950170394729,0.18763066202090592,0.07648700917027916,0.6866901888960714,0.1468077877380832,0.4089285714285714,0.18804343017678937
Non_temporal,SMOTE,8,50,0.01,0.22129790940766553,0.2073950170394729,0.18763066202090592,0.07648700917027916,0.6866901888960714,0.1468077877380832,0.4089285714285714,0.18804343017678937
Non_temporal,SMOTE,8,50,0.05,0.22129790940766553,0.2073950170394729,0.18763066202090592,0.07648700917027916,0.6866901888960714,0.1468077877380832,0.4089285714285714,0.18804343017678937
Non_temporal,SMOTE,8,50,0.1,0.22129790940766553,0.2073950170394729,0.18763066202090592,0.07648700917027916,0.6866901888960714,0.1468077877380832,0.4089285714285714,0.18804343017678937
Non_temporal,SMOTE,12,5,0.001,0.3141840882694541,0.16597082732643775,0.16498257839721253,0.05553667051183627,0.632387334887335,0.1212952386617842,0.47916666666666663,0.16247625657497552
Non_temporal,SMOTE,12,5,0.01,0.3141840882694541,0.16597082732643775,0.16498257839721253,0.05553667051183627,0.632387334887335,0.1212952386617842,0.47916666666666663,0.16247625657497552
Non_temporal,SMOTE,12,5,0.05,0.3141840882694541,0.16597082732643775,0.16498257839721253,0.05553667051183627,0.632387334887335,0.1212952386617842,0.47916666666666663,0.16247625657497552
Non_temporal,SMOTE,12,5,0.1,0.3141840882694541,0.16597082732643775,0.16498257839721253,0.05553667051183627,0.632387334887335,0.1212952386617842,0.47916666666666663,0.16247625657497552
Non_temporal,SMOTE,12,10,0.001,0.3141840882694541,0.16597082732643775,0.16498257839721253,0.05553667051183627,0.632387334887335,0.1212952386617842,0.47916666666666663,0.16247625657497552
Non_temporal,SMOTE,12,10,0.01,0.3141840882694541,0.16597082732643775,0.16498257839721253,0.05553667051183627,0.632387334887335,0.1212952386617842,0.47916666666666663,0.16247625657497552
Non_temporal,SMOTE,12,10,0.05,0.3141840882694541,0.16597082732643775,0.16498257839721253,0.05553667051183627,0.632387334887335,0.1212952386617842,0.47916666666666663,0.16247625657497552
Non_temporal,SMOTE,12,10,0.1,0.3141840882694541,0.16597082732643775,0.16498257839721253,0.05553667051183627,0.632387334887335,0.1212952386617842,0.47916666666666663,0.16247625657497552
Non_temporal,SMOTE,12,20,0.001,0.3141840882694541,0.16597082732643775,0.16498257839721253,0.05553667051183627,0.632387334887335,0.1212952386617842,0.47916666666666663,0.16247625657497552
Non_temporal,SMOTE,12,20,0.01,0.3141840882694541,0.16597082732643775,0.16498257839721253,0.05553667051183627,0.632387334887335,0.1212952386617842,0.47916666666666663,0.16247625657497552
Non_temporal,SMOTE,12,20,0.05,0.3141840882694541,0.16597082732643775,0.16498257839721253,0.05553667051183627,0.632387334887335,0.1212952386617842,0.47916666666666663,0.16247625657497552
Non_temporal,SMOTE,12,20,0.1,0.3141840882694541,0.16597082732643775,0.16498257839721253,0.05553667051183627,0.632387334887335,0.1212952386617842,0.47916666666666663,0.16247625657497552
Non_temporal,SMOTE,12,50,0.001,0.3141840882694541,0.16597082732643775,0.16498257839721253,0.05553667051183627,0.632387334887335,0.1212952386617842,0.47916666666666663,0.16247625657497552
Non_temporal,SMOTE,12,50,0.01,0.3141840882694541,0.16597082732643775,0.16498257839721253,0.05553667051183627,0.632387334887335,0.1212952386617842,0.47916666666666663,0.16247625657497552
Non_temporal,SMOTE,12,50,0.05,0.3141840882694541,0.16597082732643775,0.16498257839721253,0.05553667051183627,0.632387334887335,0.1212952386617842,0.47916666666666663,0.16247625657497552
Non_temporal,SMOTE,12,50,0.1,0.3141840882694541,0.16597082732643775,0.16498257839721253,0.05553667051183627,0.632387334887335,0.1212952386617842,0.47916666666666663,0.16247625657497552
Non_temporal,SMOTE,24,5,0.001,0.4666805094130675,0.16410102710911353,0.15653377630121815,0.04162635143395893,0.5807160894660893,0.04959473262152051,0.6232142857142857,0.19140491591580058
Non_temporal,SMOTE,24,5,0.01,0.4666805094130675,0.16410102710911353,0.15653377630121815,0.04162635143395893,0.5807160894660893,0.04959473262152051,0.6232142857142857,0.19140491591580058
Non_temporal,SMOTE,24,5,0.05,0.4666805094130675,0.16410102710911353,0.15653377630121815,0.04162635143395893,0.5807160894660893,0.04959473262152051,0.6232142857142857,0.19140491591580058
Non_temporal,SMOTE,24,5,0.1,0.4666805094130675,0.16410102710911353,0.15653377630121815,0.04162635143395893,0.5807160894660893,0.04959473262152051,0.6232142857142857,0.19140491591580058
Non_temporal,SMOTE,24,10,0.001,0.4666805094130675,0.16410102710911353,0.15653377630121815,0.04162635143395893,0.5807160894660893,0.04959473262152051,0.6232142857142857,0.19140491591580058
Non_temporal,SMOTE,24,10,0.01,0.4666805094130675,0.16410102710911353,0.15653377630121815,0.04162635143395893,0.5807160894660893,0.04959473262152051,0.6232142857142857,0.19140491591580058
Non_temporal,SMOTE,24,10,0.05,0.4666805094130675,0.16410102710911353,0.15653377630121815,0.04162635143395893,0.5807160894660893,0.04959473262152051,0.6232142857142857,0.19140491591580058
Non_temporal,SMOTE,24,10,0.1,0.4666805094130675,0.16410102710911353,0.15653377630121815,0.04162635143395893,0.5807160894660893,0.04959473262152051,0.6232142857142857,0.19140491591580058
Non_temporal,SMOTE,24,20,0.001,0.4666805094130675,0.16410102710911353,0.15653377630121815,0.04162635143395893,0.5807160894660893,0.04959473262152051,0.6232142857142857,0.19140491591580058
Non_temporal,SMOTE,24,20,0.01,0.4666805094130675,0.16410102710911353,0.15653377630121815,0.04162635143395893,0.5807160894660893,0.04959473262152051,0.6232142857142857,0.19140491591580058
Non_temporal,SMOTE,24,20,0.05,0.4666805094130675,0.16410102710911353,0.15653377630121815,0.04162635143395893,0.5807160894660893,0.04959473262152051,0.6232142857142857,0.19140491591580058
Non_temporal,SMOTE,24,20,0.1,0.4666805094130675,0.16410102710911353,0.15653377630121815,0.04162635143395893,0.5807160894660893,0.04959473262152051,0.6232142857142857,0.19140491591580058
Non_temporal,SMOTE,24,50,0.001,0.4666805094130675,0.16410102710911353,0.15653377630121815,0.04162635143395893,0.5807160894660893,0.04959473262152051,0.6232142857142857,0.19140491591580058
Non_temporal,SMOTE,24,50,0.01,0.4666805094130675,0.16410102710911353,0.15653377630121815,0.04162635143395893,0.5807160894660893,0.04959473262152051,0.6232142857142857,0.19140491591580058
Non_temporal,SMOTE,24,50,0.05,0.4666805094130675,0.16410102710911353,0.15653377630121815,0.04162635143395893,0.5807160894660893,0.04959473262152051,0.6232142857142857,0.19140491591580058
Non_temporal,SMOTE,24,50,0.1,0.4666805094130675,0.16410102710911353,0.15653377630121815,0.04162635143395893,0.5807160894660893,0.04959473262152051,0.6232142857142857,0.19140491591580058
Non_temporal,SMOTE,36,5,0.001,0.524159891598916,0.20246355690244805,0.13695121951219513,0.06171936641251982,0.48309481368304896,0.16392559691368805,0.6611111111111111,0.1757040511207608
Non_temporal,SMOTE,36,5,0.01,0.524159891598916,0.20246355690244805,0.13695121951219513,0.06171936641251982,0.48309481368304896,0.16392559691368805,0.6611111111111111,0.1757040511207608
Non_temporal,SMOTE,36,5,0.05,0.524159891598916,0.20246355690244805,0.13695121951219513,0.06171936641251982,0.48309481368304896,0.16392559691368805,0.6611111111111111,0.1757040511207608
Non_temporal,SMOTE,36,5,0.1,0.524159891598916,0.20246355690244805,0.13695121951219513,0.06171936641251982,0.48309481368304896,0.16392559691368805,0.6611111111111111,0.1757040511207608
Non_temporal,SMOTE,36,10,0.001,0.524159891598916,0.20246355690244805,0.13695121951219513,0.06171936641251982,0.48309481368304896,0.16392559691368805,0.6611111111111111,0.1757040511207608
Non_temporal,SMOTE,36,10,0.01,0.524159891598916,0.20246355690244805,0.13695121951219513,0.06171936641251982,0.48309481368304896,0.16392559691368805,0.6611111111111111,0.1757040511207608
Non_temporal,SMOTE,36,10,0.05,0.524159891598916,0.20246355690244805,0.13695121951219513,0.06171936641251982,0.48309481368304896,0.16392559691368805,0.6611111111111111,0.1757040511207608
Non_temporal,SMOTE,36,10,0.1,0.524159891598916,0.20246355690244805,0.13695121951219513,0.06171936641251982,0.48309481368304896,0.16392559691368805,0.6611111111111111,0.1757040511207608
Non_temporal,SMOTE,36,20,0.001,0.524159891598916,0.20246355690244805,0.13695121951219513,0.06171936641251982,0.48309481368304896,0.16392559691368805,0.6611111111111111,0.1757040511207608
Non_temporal,SMOTE,36,20,0.01,0.524159891598916,0.20246355690244805,0.13695121951219513,0.06171936641251982,0.48309481368304896,0.16392559691368805,0.6611111111111111,0.1757040511207608
Non_temporal,SMOTE,36,20,0.05,0.524159891598916,0.20246355690244805,0.13695121951219513,0.06171936641251982,0.48309481368304896,0.16392559691368805,0.6611111111111111,0.1757040511207608
Non_temporal,SMOTE,36,20,0.1,0.524159891598916,0.20246355690244805,0.13695121951219513,0.06171936641251982,0.48309481368304896,0.16392559691368805,0.6611111111111111,0.1757040511207608
Non_temporal,SMOTE,36,50,0.001,0.524159891598916,0.20246355690244805,0.13695121951219513,0.06171936641251982,0.48309481368304896,0.16392559691368805,0.6611111111111111,0.1757040511207608
Non_temporal,SMOTE,36,50,0.01,0.524159891598916,0.20246355690244805,0.13695121951219513,0.06171936641251982,0.48309481368304896,0.16392559691368805,0.6611111111111111,0.1757040511207608
Non_temporal,SMOTE,36,50,0.05,0.524159891598916,0.20246355690244805,0.13695121951219513,0.06171936641251982,0.48309481368304896,0.16392559691368805,0.6611111111111111,0.1757040511207608
Non_temporal,SMOTE,36,50,0.1,0.524159891598916,0.20246355690244805,0.13695121951219513,0.06171936641251982,0.48309481368304896,0.16392559691368805,0.6611111111111111,0.1757040511207608
Non_temporal,SMOTE,48,5,0.001,0.481829268292683,0.1834660345725084,0.11817073170731707,0.03858826420615189,0.5003205128205128,0.08305059358936996,0.6,0.19999999999999998
Non_temporal,SMOTE,48,5,0.01,0.481829268292683,0.1834660345725084,0.11817073170731707,0.03858826420615189,0.5003205128205128,0.08305059358936996,0.6,0.19999999999999998
Non_temporal,SMOTE,48,5,0.05,0.481829268292683,0.1834660345725084,0.11817073170731707,0.03858826420615189,0.5003205128205128,0.08305059358936996,0.6,0.19999999999999998
Non_temporal,SMOTE,48,5,0.1,0.481829268292683,0.1834660345725084,0.11817073170731707,0.03858826420615189,0.5003205128205128,0.08305059358936996,0.6,0.19999999999999998
Non_temporal,SMOTE,48,10,0.001,0.481829268292683,0.1834660345725084,0.11817073170731707,0.03858826420615189,0.5003205128205128,0.08305059358936996,0.6,0.19999999999999998
Non_temporal,SMOTE,48,10,0.01,0.481829268292683,0.1834660345725084,0.11817073170731707,0.03858826420615189,0.5003205128205128,0.08305059358936996,0.6,0.19999999999999998
Non_temporal,SMOTE,48,10,0.05,0.481829268292683,0.1834660345725084,0.11817073170731707,0.03858826420615189,0.5003205128205128,0.08305059358936996,0.6,0.19999999999999998
Non_temporal,SMOTE,48,10,0.1,0.481829268292683,0.1834660345725084,0.11817073170731707,0.03858826420615189,0.5003205128205128,0.08305059358936996,0.6,0.19999999999999998
Non_temporal,SMOTE,48,20,0.001,0.481829268292683,0.1834660345725084,0.11817073170731707,0.03858826420615189,0.5003205128205128,0.08305059358936996,0.6,0.19999999999999998
Non_temporal,SMOTE,48,20,0.01,0.481829268292683,0.1834660345725084,0.11817073170731707,0.03858826420615189,0.5003205128205128,0.08305059358936996,0.6,0.19999999999999998
Non_temporal,SMOTE,48,20,0.05,0.481829268292683,0.1834660345725084,0.11817073170731707,0.03858826420615189,0.5003205128205128,0.08305059358936996,0.6,0.19999999999999998
Non_temporal,SMOTE,48,20,0.1,0.481829268292683,0.1834660345725084,0.11817073170731707,0.03858826420615189,0.5003205128205128,0.08305059358936996,0.6,0.19999999999999998
Non_temporal,SMOTE,48,50,0.001,0.481829268292683,0.1834660345725084,0.11817073170731707,0.03858826420615189,0.5003205128205128,0.08305059358936996,0.6,0.19999999999999998
Non_temporal,SMOTE,48,50,0.01,0.481829268292683,0.1834660345725084,0.11817073170731707,0.03858826420615189,0.5003205128205128,0.08305059358936996,0.6,0.19999999999999998
Non_temporal,SMOTE,48,50,0.05,0.481829268292683,0.1834660345725084,0.11817073170731707,0.03858826420615189,0.5003205128205128,0.08305059358936996,0.6,0.19999999999999998
Non_temporal,SMOTE,48,50,0.1,0.481829268292683,0.1834660345725084,0.11817073170731707,0.03858826420615189,0.5003205128205128,0.08305059358936996,0.6,0.19999999999999998
Non_temporal,RandomOverSampler,8,5,0.001,0.1604965156794425,0.19549124100795479,0.11986062717770032,0.04990423448573708,0.7007326007326007,0.18165359234931805,0.28035714285714286,0.18729580718146122
Non_temporal,RandomOverSampler,8,5,0.01,0.1604965156794425,0.19549124100795479,0.11986062717770032,0.04990423448573708,0.7007326007326007,0.18165359234931805,0.28035714285714286,0.18729580718146122
Non_temporal,RandomOverSampler,8,5,0.05,0.1604965156794425,0.19549124100795479,0.11986062717770032,0.04990423448573708,0.7007326007326007,0.18165359234931805,0.28035714285714286,0.18729580718146122
Non_temporal,RandomOverSampler,8,5,0.1,0.1604965156794425,0.19549124100795479,0.11986062717770032,0.04990423448573708,0.7007326007326007,0.18165359234931805,0.28035714285714286,0.18729580718146122
Non_temporal,RandomOverSampler,8,10,0.001,0.1604965156794425,0.19549124100795479,0.11986062717770032,0.04990423448573708,0.7007326007326007,0.18165359234931805,0.28035714285714286,0.18729580718146122
Non_temporal,RandomOverSampler,8,10,0.01,0.1604965156794425,0.19549124100795479,0.11986062717770032,0.04990423448573708,0.7007326007326007,0.18165359234931805,0.28035714285714286,0.18729580718146122
Non_temporal,RandomOverSampler,8,10,0.05,0.1604965156794425,0.19549124100795479,0.11986062717770032,0.04990423448573708,0.7007326007326007,0.18165359234931805,0.28035714285714286,0.18729580718146122
Non_temporal,RandomOverSampler,8,10,0.1,0.1604965156794425,0.19549124100795479,0.11986062717770032,0.04990423448573708,0.7007326007326007,0.18165359234931805,0.28035714285714286,0.18729580718146122
Non_temporal,RandomOverSampler,8,20,0.001,0.1604965156794425,0.19549124100795479,0.11986062717770032,0.04990423448573708,0.7007326007326007,0.18165359234931805,0.28035714285714286,0.18729580718146122
Non_temporal,RandomOverSampler,8,20,0.01,0.1604965156794425,0.19549124100795479,0.11986062717770032,0.04990423448573708,0.7007326007326007,0.18165359234931805,0.28035714285714286,0.18729580718146122
Non_temporal,RandomOverSampler,8,20,0.05,0.1604965156794425,0.19549124100795479,0.11986062717770032,0.04990423448573708,0.7007326007326007,0.18165359234931805,0.28035714285714286,0.18729580718146122
Non_temporal,RandomOverSampler,8,20,0.1,0.1604965156794425,0.19549124100795479,0.11986062717770032,0.04990423448573708,0.7007326007326007,0.18165359234931805,0.28035714285714286,0.18729580718146122
Non_temporal,RandomOverSampler,8,50,0.001,0.1604965156794425,0.19549124100795479,0.11986062717770032,0.04990423448573708,0.7007326007326007,0.18165359234931805,0.28035714285714286,0.18729580718146122
Non_temporal,RandomOverSampler,8,50,0.01,0.1604965156794425,0.19549124100795479,0.11986062717770032,0.04990423448573708,0.7007326007326007,0.18165359234931805,0.28035714285714286,0.18729580718146122
Non_temporal,RandomOverSampler,8,50,0.05,0.1604965156794425,0.19549124100795479,0.11986062717770032,0.04990423448573708,0.7007326007326007,0.18165359234931805,0.28035714285714286,0.18729580718146122
Non_temporal,RandomOverSampler,8,50,0.1,0.1604965156794425,0.19549124100795479,0.11986062717770032,0.04990423448573708,0.7007326007326007,0.18165359234931805,0.28035714285714286,0.18729580718146122
Non_temporal,RandomOverSampler,12,5,0.001,0.16234998064266357,0.11595419544004847,0.12653890824622532,0.05405031792163574,0.7050793650793652,0.1406917904292212,0.28888888888888886,0.1367614847232352
Non_temporal,RandomOverSampler,12,5,0.01,0.16234998064266357,0.11595419544004847,0.12653890824622532,0.05405031792163574,0.7050793650793652,0.1406917904292212,0.28888888888888886,0.1367614847232352
Non_temporal,RandomOverSampler,12,5,0.05,0.16234998064266357,0.11595419544004847,0.12653890824622532,0.05405031792163574,0.7050793650793652,0.1406917904292212,0.28888888888888886,0.1367614847232352
Non_temporal,RandomOverSampler,12,5,0.1,0.16234998064266357,0.11595419544004847,0.12653890824622532,0.05405031792163574,0.7050793650793652,0.1406917904292212,0.28888888888888886,0.1367614847232352
Non_temporal,RandomOverSampler,12,10,0.001,0.16234998064266357,0.11595419544004847,0.12653890824622532,0.05405031792163574,0.7050793650793652,0.1406917904292212,0.28888888888888886,0.1367614847232352
Non_temporal,RandomOverSampler,12,10,0.01,0.16234998064266357,0.11595419544004847,0.12653890824622532,0.05405031792163574,0.7050793650793652,0.1406917904292212,0.28888888888888886,0.1367614847232352
Non_temporal,RandomOverSampler,12,10,0.05,0.16234998064266357,0.11595419544004847,0.12653890824622532,0.05405031792163574,0.7050793650793652,0.1406917904292212,0.28888888888888886,0.1367614847232352
Non_temporal,RandomOverSampler,12,10,0.1,0.16234998064266357,0.11595419544004847,0.12653890824622532,0.05405031792163574,0.7050793650793652,0.1406917904292212,0.28888888888888886,0.1367614847232352
Non_temporal,RandomOverSampler,12,20,0.001,0.16234998064266357,0.11595419544004847,0.12653890824622532,0.05405031792163574,0.7050793650793652,0.1406917904292212,0.28888888888888886,0.1367614847232352
Non_temporal,RandomOverSampler,12,20,0.01,0.16234998064266357,0.11595419544004847,0.12653890824622532,0.05405031792163574,0.7050793650793652,0.1406917904292212,0.28888888888888886,0.1367614847232352
Non_temporal,RandomOverSampler,12,20,0.05,0.16234998064266357,0.11595419544004847,0.12653890824622532,0.05405031792163574,0.7050793650793652,0.1406917904292212,0.28888888888888886,0.1367614847232352
Non_temporal,RandomOverSampler,12,20,0.1,0.16234998064266357,0.11595419544004847,0.12653890824622532,0.05405031792163574,0.7050793650793652,0.1406917904292212,0.28888888888888886,0.1367614847232352
Non_temporal,RandomOverSampler,12,50,0.001,0.16234998064266357,0.11595419544004847,0.12653890824622532,0.05405031792163574,0.7050793650793652,0.1406917904292212,0.28888888888888886,0.1367614847232352
Non_temporal,RandomOverSampler,12,50,0.01,0.16234998064266357,0.11595419544004847,0.12653890824622532,0.05405031792163574,0.7050793650793652,0.1406917904292212,0.28888888888888886,0.1367614847232352
Non_temporal,RandomOverSampler,12,50,0.05,0.16234998064266357,0.11595419544004847,0.12653890824622532,0.05405031792163574,0.7050793650793652,0.1406917904292212,0.28888888888888886,0.1367614847232352
Non_temporal,RandomOverSampler,12,50,0.1,0.16234998064266357,0.11595419544004847,0.12653890824622532,0.05405031792163574,0.7050793650793652,0.1406917904292212,0.28888888888888886,0.1367614847232352
Non_temporal,RandomOverSampler,24,5,0.001,0.3618355481727575,0.1995248486874783,0.0792358803986711,0.053208290454067844,0.46997835497835494,0.21591913309762634,0.44107142857142856,0.19250132520084537
Non_temporal,RandomOverSampler,24,5,0.01,0.3618355481727575,0.1995248486874783,0.0792358803986711,0.053208290454067844,0.46997835497835494,0.21591913309762634,0.44107142857142856,0.19250132520084537
Non_temporal,RandomOverSampler,24,5,0.05,0.3618355481727575,0.1995248486874783,0.0792358803986711,0.053208290454067844,0.46997835497835494,0.21591913309762634,0.44107142857142856,0.19250132520084537
Non_temporal,RandomOverSampler,24,5,0.1,0.3618355481727575,0.1995248486874783,0.0792358803986711,0.053208290454067844,0.46997835497835494,0.21591913309762634,0.44107142857142856,0.19250132520084537
Non_temporal,RandomOverSampler,24,10,0.001,0.3618355481727575,0.1995248486874783,0.0792358803986711,0.053208290454067844,0.46997835497835494,0.21591913309762634,0.44107142857142856,0.19250132520084537
Non_temporal,RandomOverSampler,24,10,0.01,0.3618355481727575,0.1995248486874783,0.0792358803986711,0.053208290454067844,0.46997835497835494,0.21591913309762634,0.44107142857142856,0.19250132520084537
Non_temporal,RandomOverSampler,24,10,0.05,0.3618355481727575,0.1995248486874783,0.0792358803986711,0.053208290454067844,0.46997835497835494,0.21591913309762634,0.44107142857142856,0.19250132520084537
Non_temporal,RandomOverSampler,24,10,0.1,0.3618355481727575,0.1995248486874783,0.0792358803986711,0.053208290454067844,0.46997835497835494,0.21591913309762634,0.44107142857142856,0.19250132520084537
Non_temporal,RandomOverSampler,24,20,0.001,0.3618355481727575,0.1995248486874783,0.0792358803986711,0.053208290454067844,0.46997835497835494,0.21591913309762634,0.44107142857142856,0.19250132520084537
Non_temporal,RandomOverSampler,24,20,0.01,0.3618355481727575,0.1995248486874783,0.0792358803986711,0.053208290454067844,0.46997835497835494,0.21591913309762634,0.44107142857142856,0.19250132520084537
Non_temporal,RandomOverSampler,24,20,0.05,0.3618355481727575,0.1995248486874783,0.0792358803986711,0.053208290454067844,0.46997835497835494,0.21591913309762634,0.44107142857142856,0.19250132520084537
Non_temporal,RandomOverSampler,24,20,0.1,0.3618355481727575,0.1995248486874783,0.0792358803986711,0.053208290454067844,0.46997835497835494,0.21591913309762634,0.44107142857142856,0.19250132520084537
Non_temporal,RandomOverSampler,24,50,0.001,0.3618355481727575,0.1995248486874783,0.0792358803986711,0.053208290454067844,0.46997835497835494,0.21591913309762634,0.44107142857142856,0.19250132520084537
Non_temporal,RandomOverSampler,24,50,0.01,0.3618355481727575,0.1995248486874783,0.0792358803986711,0.053208290454067844,0.46997835497835494,0.21591913309762634,0.44107142857142856,0.19250132520084537
Non_temporal,RandomOverSampler,24,50,0.05,0.3618355481727575,0.1995248486874783,0.0792358803986711,0.053208290454067844,0.46997835497835494,0.21591913309762634,0.44107142857142856,0.19250132520084537
Non_temporal,RandomOverSampler,24,50,0.1,0.3618355481727575,0.1995248486874783,0.0792358803986711,0.053208290454067844,0.46997835497835494,0.21591913309762634,0.44107142857142856,0.19250132520084537
Non_temporal,RandomOverSampler,36,5,0.001,0.36603658536585365,0.23059284637106972,0.07146341463414635,0.04678605729962997,0.43392857142857144,0.20403195611385552,0.4375,0.20527852954305287
Non_temporal,RandomOverSampler,36,5,0.01,0.36603658536585365,0.23059284637106972,0.07146341463414635,0.04678605729962997,0.43392857142857144,0.20403195611385552,0.4375,0.20527852954305287
Non_temporal,RandomOverSampler,36,5,0.05,0.36603658536585365,0.23059284637106972,0.07146341463414635,0.04678605729962997,0.43392857142857144,0.20403195611385552,0.4375,0.20527852954305287
Non_temporal,RandomOverSampler,36,5,0.1,0.36603658536585365,0.23059284637106972,0.07146341463414635,0.04678605729962997,0.43392857142857144,0.20403195611385552,0.4375,0.20527852954305287
Non_temporal,RandomOverSampler,36,10,0.001,0.36603658536585365,0.23059284637106972,0.07146341463414635,0.04678605729962997,0.43392857142857144,0.20403195611385552,0.4375,0.20527852954305287
Non_temporal,RandomOverSampler,36,10,0.01,0.36603658536585365,0.23059284637106972,0.07146341463414635,0.04678605729962997,0.43392857142857144,0.20403195611385552,0.4375,0.20527852954305287
Non_temporal,RandomOverSampler,36,10,0.05,0.36603658536585365,0.23059284637106972,0.07146341463414635,0.04678605729962997,0.43392857142857144,0.20403195611385552,0.4375,0.20527852954305287
Non_temporal,RandomOverSampler,36,10,0.1,0.36603658536585365,0.23059284637106972,0.07146341463414635,0.04678605729962997,0.43392857142857144,0.20403195611385552,0.4375,0.20527852954305287
Non_temporal,RandomOverSampler,36,20,0.001,0.36603658536585365,0.23059284637106972,0.07146341463414635,0.04678605729962997,0.43392857142857144,0.20403195611385552,0.4375,0.20527852954305287
Non_temporal,RandomOverSampler,36,20,0.01,0.36603658536585365,0.23059284637106972,0.07146341463414635,0.04678605729962997,0.43392857142857144,0.20403195611385552,0.4375,0.20527852954305287
Non_temporal,RandomOverSampler,36,20,0.05,0.36603658536585365,0.23059284637106972,0.07146341463414635,0.04678605729962997,0.43392857142857144,0.20403195611385552,0.4375,0.20527852954305287
Non_temporal,RandomOverSampler,36,20,0.1,0.36603658536585365,0.23059284637106972,0.07146341463414635,0.04678605729962997,0.43392857142857144,0.20403195611385552,0.4375,0.20527852954305287
Non_temporal,RandomOverSampler,36,50,0.001,0.36603658536585365,0.23059284637106972,0.07146341463414635,0.04678605729962997,0.43392857142857144,0.20403195611385552,0.4375,0.20527852954305287
Non_temporal,RandomOverSampler,36,50,0.01,0.36603658536585365,0.23059284637106972,0.07146341463414635,0.04678605729962997,0.43392857142857144,0.20403195611385552,0.4375,0.20527852954305287
Non_temporal,RandomOverSampler,36,50,0.05,0.36603658536585365,0.23059284637106972,0.07146341463414635,0.04678605729962997,0.43392857142857144,0.20403195611385552,0.4375,0.20527852954305287
Non_temporal,RandomOverSampler,36,50,0.1,0.36603658536585365,0.23059284637106972,0.07146341463414635,0.04678605729962997,0.43392857142857144,0.20403195611385552,0.4375,0.20527852954305287
Non_temporal,RandomOverSampler,48,5,0.001,0.38384146341463415,0.1740731916635043,0.07865853658536585,0.032555494194691,0.47051587301587305,0.15582278330179564,0.4625,0.1681703005884214
Non_temporal,RandomOverSampler,48,5,0.01,0.38384146341463415,0.1740731916635043,0.07865853658536585,0.032555494194691,0.47051587301587305,0.15582278330179564,0.4625,0.1681703005884214
Non_temporal,RandomOverSampler,48,5,0.05,0.38384146341463415,0.1740731916635043,0.07865853658536585,0.032555494194691,0.47051587301587305,0.15582278330179564,0.4625,0.1681703005884214
Non_temporal,RandomOverSampler,48,5,0.1,0.38384146341463415,0.1740731916635043,0.07865853658536585,0.032555494194691,0.47051587301587305,0.15582278330179564,0.4625,0.1681703005884214
Non_temporal,RandomOverSampler,48,10,0.001,0.38384146341463415,0.1740731916635043,0.07865853658536585,0.032555494194691,0.47051587301587305,0.15582278330179564,0.4625,0.1681703005884214
Non_temporal,RandomOverSampler,48,10,0.01,0.38384146341463415,0.1740731916635043,0.07865853658536585,0.032555494194691,0.47051587301587305,0.15582278330179564,0.4625,0.1681703005884214
Non_temporal,RandomOverSampler,48,10,0.05,0.38384146341463415,0.1740731916635043,0.07865853658536585,0.032555494194691,0.47051587301587305,0.15582278330179564,0.4625,0.1681703005884214
Non_temporal,RandomOverSampler,48,10,0.1,0.38384146341463415,0.1740731916635043,0.07865853658536585,0.032555494194691,0.47051587301587305,0.15582278330179564,0.4625,0.1681703005884214
Non_temporal,RandomOverSampler,48,20,0.001,0.38384146341463415,0.1740731916635043,0.07865853658536585,0.032555494194691,0.47051587301587305,0.15582278330179564,0.4625,0.1681703005884214
Non_temporal,RandomOverSampler,48,20,0.01,0.38384146341463415,0.1740731916635043,0.07865853658536585,0.032555494194691,0.47051587301587305,0.15582278330179564,0.4625,0.1681703005884214
Non_temporal,RandomOverSampler,48,20,0.05,0.38384146341463415,0.1740731916635043,0.07865853658536585,0.032555494194691,0.47051587301587305,0.15582278330179564,0.4625,0.1681703005884214
Non_temporal,RandomOverSampler,48,20,0.1,0.38384146341463415,0.1740731916635043,0.07865853658536585,0.032555494194691,0.47051587301587305,0.15582278330179564,0.4625,0.1681703005884214
Non_temporal,RandomOverSampler,48,50,0.001,0.38384146341463415,0.1740731916635043,0.07865853658536585,0.032555494194691,0.47051587301587305,0.15582278330179564,0.4625,0.1681703005884214
Non_temporal,RandomOverSampler,48,50,0.01,0.38384146341463415,0.1740731916635043,0.07865853658536585,0.032555494194691,0.47051587301587305,0.15582278330179564,0.4625,0.1681703005884214
Non_temporal,RandomOverSampler,48,50,0.05,0.38384146341463415,0.1740731916635043,0.07865853658536585,0.032555494194691,0.47051587301587305,0.15582278330179564,0.4625,0.1681703005884214
Non_temporal,RandomOverSampler,48,50,0.1,0.38384146341463415,0.1740731916635043,0.07865853658536585,0.032555494194691,0.47051587301587305,0.15582278330179564,0.4625,0.1681703005884214
Non_temporal,RandomUnderSampler,8,5,0.001,0.338835656213705,0.1154624939346755,0.4058072009291521,0.1178766809880007,0.7327870813397129,0.05418793232098494,0.7446428571428572,0.08858654824866044
Non_temporal,RandomUnderSampler,8,5,0.01,0.338835656213705,0.1154624939346755,0.4058072009291521,0.1178766809880007,0.7327870813397129,0.05418793232098494,0.7446428571428572,0.08858654824866044
Non_temporal,RandomUnderSampler,8,5,0.05,0.338835656213705,0.1154624939346755,0.4058072009291521,0.1178766809880007,0.7327870813397129,0.05418793232098494,0.7446428571428572,0.08858654824866044
Non_temporal,RandomUnderSampler,8,5,0.1,0.338835656213705,0.1154624939346755,0.4058072009291521,0.1178766809880007,0.7327870813397129,0.05418793232098494,0.7446428571428572,0.08858654824866044
Non_temporal,RandomUnderSampler,8,10,0.001,0.338835656213705,0.1154624939346755,0.4058072009291521,0.1178766809880007,0.7327870813397129,0.05418793232098494,0.7446428571428572,0.08858654824866044
Non_temporal,RandomUnderSampler,8,10,0.01,0.338835656213705,0.1154624939346755,0.4058072009291521,0.1178766809880007,0.7327870813397129,0.05418793232098494,0.7446428571428572,0.08858654824866044
Non_temporal,RandomUnderSampler,8,10,0.05,0.338835656213705,0.1154624939346755,0.4058072009291521,0.1178766809880007,0.7327870813397129,0.05418793232098494,0.7446428571428572,0.08858654824866044
Non_temporal,RandomUnderSampler,8,10,0.1,0.338835656213705,0.1154624939346755,0.4058072009291521,0.1178766809880007,0.7327870813397129,0.05418793232098494,0.7446428571428572,0.08858654824866044
Non_temporal,RandomUnderSampler,8,20,0.001,0.338835656213705,0.1154624939346755,0.4058072009291521,0.1178766809880007,0.7327870813397129,0.05418793232098494,0.7446428571428572,0.08858654824866044
Non_temporal,RandomUnderSampler,8,20,0.01,0.338835656213705,0.1154624939346755,0.4058072009291521,0.1178766809880007,0.7327870813397129,0.05418793232098494,0.7446428571428572,0.08858654824866044
Non_temporal,RandomUnderSampler,8,20,0.05,0.338835656213705,0.1154624939346755,0.4058072009291521,0.1178766809880007,0.7327870813397129,0.05418793232098494,0.7446428571428572,0.08858654824866044
Non_temporal,RandomUnderSampler,8,20,0.1,0.338835656213705,0.1154624939346755,0.4058072009291521,0.1178766809880007,0.7327870813397129,0.05418793232098494,0.7446428571428572,0.08858654824866044
Non_temporal,RandomUnderSampler,8,50,0.001,0.338835656213705,0.1154624939346755,0.4058072009291521,0.1178766809880007,0.7327870813397129,0.05418793232098494,0.7446428571428572,0.08858654824866044
Non_temporal,RandomUnderSampler,8,50,0.01,0.338835656213705,0.1154624939346755,0.4058072009291521,0.1178766809880007,0.7327870813397129,0.05418793232098494,0.7446428571428572,0.08858654824866044
Non_temporal,RandomUnderSampler,8,50,0.05,0.338835656213705,0.1154624939346755,0.4058072009291521,0.1178766809880007,0.7327870813397129,0.05418793232098494,0.7446428571428572,0.08858654824866044
Non_temporal,RandomUnderSampler,8,50,0.1,0.338835656213705,0.1154624939346755,0.4058072009291521,0.1178766809880007,0.7327870813397129,0.05418793232098494,0.7446428571428572,0.08858654824866044
Non_temporal,RandomUnderSampler,12,5,0.001,0.22515001935733642,0.18784153740221418,0.4234610917537747,0.1028690529622703,0.7608753429806061,0.07750063947805957,0.648611111111111,0.18268509132546257
Non_temporal,RandomUnderSampler,12,5,0.01,0.22515001935733642,0.18784153740221418,0.4234610917537747,0.1028690529622703,0.7608753429806061,0.07750063947805957,0.648611111111111,0.18268509132546257
Non_temporal,RandomUnderSampler,12,5,0.05,0.22515001935733642,0.18784153740221418,0.4234610917537747,0.1028690529622703,0.7608753429806061,0.07750063947805957,0.648611111111111,0.18268509132546257
Non_temporal,RandomUnderSampler,12,5,0.1,0.22515001935733642,0.18784153740221418,0.4234610917537747,0.1028690529622703,0.7608753429806061,0.07750063947805957,0.648611111111111,0.18268509132546257
Non_temporal,RandomUnderSampler,12,10,0.001,0.22515001935733642,0.18784153740221418,0.4234610917537747,0.1028690529622703,0.7608753429806061,0.07750063947805957,0.648611111111111,0.18268509132546257
Non_temporal,RandomUnderSampler,12,10,0.01,0.22515001935733642,0.18784153740221418,0.4234610917537747,0.1028690529622703,0.7608753429806061,0.07750063947805957,0.648611111111111,0.18268509132546257
Non_temporal,RandomUnderSampler,12,10,0.05,0.22515001935733642,0.18784153740221418,0.4234610917537747,0.1028690529622703,0.7608753429806061,0.07750063947805957,0.648611111111111,0.18268509132546257
Non_temporal,RandomUnderSampler,12,10,0.1,0.22515001935733642,0.18784153740221418,0.4234610917537747,0.1028690529622703,0.7608753429806061,0.07750063947805957,0.648611111111111,0.18268509132546257
Non_temporal,RandomUnderSampler,12,20,0.001,0.22515001935733642,0.18784153740221418,0.4234610917537747,0.1028690529622703,0.7608753429806061,0.07750063947805957,0.648611111111111,0.18268509132546257
Non_temporal,RandomUnderSampler,12,20,0.01,0.22515001935733642,0.18784153740221418,0.4234610917537747,0.1028690529622703,0.7608753429806061,0.07750063947805957,0.648611111111111,0.18268509132546257
Non_temporal,RandomUnderSampler,12,20,0.05,0.22515001935733642,0.18784153740221418,0.4234610917537747,0.1028690529622703,0.7608753429806061,0.07750063947805957,0.648611111111111,0.18268509132546257
Non_temporal,RandomUnderSampler,12,20,0.1,0.22515001935733642,0.18784153740221418,0.4234610917537747,0.1028690529622703,0.7608753429806061,0.07750063947805957,0.648611111111111,0.18268509132546257
Non_temporal,RandomUnderSampler,12,50,0.001,0.22515001935733642,0.18784153740221418,0.4234610917537747,0.1028690529622703,0.7608753429806061,0.07750063947805957,0.648611111111111,0.18268509132546257
Non_temporal,RandomUnderSampler,12,50,0.01,0.22515001935733642,0.18784153740221418,0.4234610917537747,0.1028690529622703,0.7608753429806061,0.07750063947805957,0.648611111111111,0.18268509132546257
Non_temporal,RandomUnderSampler,12,50,0.05,0.22515001935733642,0.18784153740221418,0.4234610917537747,0.1028690529622703,0.7608753429806061,0.07750063947805957,0.648611111111111,0.18268509132546257
Non_temporal,RandomUnderSampler,12,50,0.1,0.22515001935733642,0.18784153740221418,0.4234610917537747,0.1028690529622703,0.7608753429806061,0.07750063947805957,0.648611111111111,0.18268509132546257
Non_temporal,RandomUnderSampler,24,5,0.001,0.28669712070874864,0.13166223826973744,0.3972314507198228,0.08859503044211914,0.7542123030394355,0.05081744996145082,0.6839285714285714,0.12678571428571428
Non_temporal,RandomUnderSampler,24,5,0.01,0.28669712070874864,0.13166223826973744,0.3972314507198228,0.08859503044211914,0.7542123030394355,0.05081744996145082,0.6839285714285714,0.12678571428571428
Non_temporal,RandomUnderSampler,24,5,0.05,0.28669712070874864,0.13166223826973744,0.3972314507198228,0.08859503044211914,0.7542123030394355,0.05081744996145082,0.6839285714285714,0.12678571428571428
Non_temporal,RandomUnderSampler,24,5,0.1,0.28669712070874864,0.13166223826973744,0.3972314507198228,0.08859503044211914,0.7542123030394355,0.05081744996145082,0.6839285714285714,0.12678571428571428
Non_temporal,RandomUnderSampler,24,10,0.001,0.28669712070874864,0.13166223826973744,0.3972314507198228,0.08859503044211914,0.7542123030394355,0.05081744996145082,0.6839285714285714,0.12678571428571428
Non_temporal,RandomUnderSampler,24,10,0.01,0.28669712070874864,0.13166223826973744,0.3972314507198228,0.08859503044211914,0.7542123030394355,0.05081744996145082,0.6839285714285714,0.12678571428571428
Non_temporal,RandomUnderSampler,24,10,0.05,0.28669712070874864,0.13166223826973744,0.3972314507198228,0.08859503044211914,0.7542123030394355,0.05081744996145082,0.6839285714285714,0.12678571428571428
Non_temporal,RandomUnderSampler,24,10,0.1,0.28669712070874864,0.13166223826973744,0.3972314507198228,0.08859503044211914,0.7542123030394355,0.05081744996145082,0.6839285714285714,0.12678571428571428
Non_temporal,RandomUnderSampler,24,20,0.001,0.28669712070874864,0.13166223826973744,0.3972314507198228,0.08859503044211914,0.7542123030394355,0.05081744996145082,0.6839285714285714,0.12678571428571428
Non_temporal,RandomUnderSampler,24,20,0.01,0.28669712070874864,0.13166223826973744,0.3972314507198228,0.08859503044211914,0.7542123030394355,0.05081744996145082,0.6839285714285714,0.12678571428571428
Non_temporal,RandomUnderSampler,24,20,0.05,0.28669712070874864,0.13166223826973744,0.3972314507198228,0.08859503044211914,0.7542123030394355,0.05081744996145082,0.6839285714285714,0.12678571428571428
Non_temporal,RandomUnderSampler,24,20,0.1,0.28669712070874864,0.13166223826973744,0.3972314507198228,0.08859503044211914,0.7542123030394355,0.05081744996145082,0.6839285714285714,0.12678571428571428
Non_temporal,RandomUnderSampler,24,50,0.001,0.28669712070874864,0.13166223826973744,0.3972314507198228,0.08859503044211914,0.7542123030394355,0.05081744996145082,0.6839285714285714,0.12678571428571428
Non_temporal,RandomUnderSampler,24,50,0.01,0.28669712070874864,0.13166223826973744,0.3972314507198228,0.08859503044211914,0.7542123030394355,0.05081744996145082,0.6839285714285714,0.12678571428571428
Non_temporal,RandomUnderSampler,24,50,0.05,0.28669712070874864,0.13166223826973744,0.3972314507198228,0.08859503044211914,0.7542123030394355,0.05081744996145082,0.6839285714285714,0.12678571428571428
Non_temporal,RandomUnderSampler,24,50,0.1,0.28669712070874864,0.13166223826973744,0.3972314507198228,0.08859503044211914,0.7542123030394355,0.05081744996145082,0.6839285714285714,0.12678571428571428
Non_temporal,RandomUnderSampler,36,5,0.001,0.38645663956639564,0.16768067790230415,0.33298780487804874,0.08776525613483983,0.6813570087425923,0.07323283987337821,0.7194444444444444,0.157967413423477
Non_temporal,RandomUnderSampler,36,5,0.01,0.38645663956639564,0.16768067790230415,0.33298780487804874,0.08776525613483983,0.6813570087425923,0.07323283987337821,0.7194444444444444,0.157967413423477
Non_temporal,RandomUnderSampler,36,5,0.05,0.38645663956639564,0.16768067790230415,0.33298780487804874,0.08776525613483983,0.6813570087425923,0.07323283987337821,0.7194444444444444,0.157967413423477
Non_temporal,RandomUnderSampler,36,5,0.1,0.38645663956639564,0.16768067790230415,0.33298780487804874,0.08776525613483983,0.6813570087425923,0.07323283987337821,0.7194444444444444,0.157967413423477
Non_temporal,RandomUnderSampler,36,10,0.001,0.38645663956639564,0.16768067790230415,0.33298780487804874,0.08776525613483983,0.6813570087425923,0.07323283987337821,0.7194444444444444,0.157967413423477
Non_temporal,RandomUnderSampler,36,10,0.01,0.38645663956639564,0.16768067790230415,0.33298780487804874,0.08776525613483983,0.6813570087425923,0.07323283987337821,0.7194444444444444,0.157967413423477
Non_temporal,RandomUnderSampler,36,10,0.05,0.38645663956639564,0.16768067790230415,0.33298780487804874,0.08776525613483983,0.6813570087425923,0.07323283987337821,0.7194444444444444,0.157967413423477
Non_temporal,RandomUnderSampler,36,10,0.1,0.38645663956639564,0.16768067790230415,0.33298780487804874,0.08776525613483983,0.6813570087425923,0.07323283987337821,0.7194444444444444,0.157967413423477
Non_temporal,RandomUnderSampler,36,20,0.001,0.38645663956639564,0.16768067790230415,0.33298780487804874,0.08776525613483983,0.6813570087425923,0.07323283987337821,0.7194444444444444,0.157967413423477
Non_temporal,RandomUnderSampler,36,20,0.01,0.38645663956639564,0.16768067790230415,0.33298780487804874,0.08776525613483983,0.6813570087425923,0.07323283987337821,0.7194444444444444,0.157967413423477
Non_temporal,RandomUnderSampler,36,20,0.05,0.38645663956639564,0.16768067790230415,0.33298780487804874,0.08776525613483983,0.6813570087425923,0.07323283987337821,0.7194444444444444,0.157967413423477
Non_temporal,RandomUnderSampler,36,20,0.1,0.38645663956639564,0.16768067790230415,0.33298780487804874,0.08776525613483983,0.6813570087425923,0.07323283987337821,0.7194444444444444,0.157967413423477
Non_temporal,RandomUnderSampler,36,50,0.001,0.38645663956639564,0.16768067790230415,0.33298780487804874,0.08776525613483983,0.6813570087425923,0.07323283987337821,0.7194444444444444,0.157967413423477
Non_temporal,RandomUnderSampler,36,50,0.01,0.38645663956639564,0.16768067790230415,0.33298780487804874,0.08776525613483983,0.6813570087425923,0.07323283987337821,0.7194444444444444,0.157967413423477
Non_temporal,RandomUnderSampler,36,50,0.05,0.38645663956639564,0.16768067790230415,0.33298780487804874,0.08776525613483983,0.6813570087425923,0.07323283987337821,0.7194444444444444,0.157967413423477
Non_temporal,RandomUnderSampler,36,50,0.1,0.38645663956639564,0.16768067790230415,0.33298780487804874,0.08776525613483983,0.6813570087425923,0.07323283987337821,0.7194444444444444,0.157967413423477
Non_temporal,RandomUnderSampler,48,5,0.001,0.3484146341463415,0.12257074345252889,0.3265853658536585,0.07460743982562945,0.7058777209576442,0.05649849725233867,0.675,0.1274754878398196
Non_temporal,RandomUnderSampler,48,5,0.01,0.3484146341463415,0.12257074345252889,0.3265853658536585,0.07460743982562945,0.7058777209576442,0.05649849725233867,0.675,0.1274754878398196
Non_temporal,RandomUnderSampler,48,5,0.05,0.3484146341463415,0.12257074345252889,0.3265853658536585,0.07460743982562945,0.7058777209576442,0.05649849725233867,0.675,0.1274754878398196
Non_temporal,RandomUnderSampler,48,5,0.1,0.3484146341463415,0.12257074345252889,0.3265853658536585,0.07460743982562945,0.7058777209576442,0.05649849725233867,0.675,0.1274754878398196
Non_temporal,RandomUnderSampler,48,10,0.001,0.3484146341463415,0.12257074345252889,0.3265853658536585,0.07460743982562945,0.7058777209576442,0.05649849725233867,0.675,0.1274754878398196
Non_temporal,RandomUnderSampler,48,10,0.01,0.3484146341463415,0.12257074345252889,0.3265853658536585,0.07460743982562945,0.7058777209576442,0.05649849725233867,0.675,0.1274754878398196
Non_temporal,RandomUnderSampler,48,10,0.05,0.3484146341463415,0.12257074345252889,0.3265853658536585,0.07460743982562945,0.7058777209576442,0.05649849725233867,0.675,0.1274754878398196
Non_temporal,RandomUnderSampler,48,10,0.1,0.3484146341463415,0.12257074345252889,0.3265853658536585,0.07460743982562945,0.7058777209576442,0.05649849725233867,0.675,0.1274754878398196
Non_temporal,RandomUnderSampler,48,20,0.001,0.3484146341463415,0.12257074345252889,0.3265853658536585,0.07460743982562945,0.7058777209576442,0.05649849725233867,0.675,0.1274754878398196
Non_temporal,RandomUnderSampler,48,20,0.01,0.3484146341463415,0.12257074345252889,0.3265853658536585,0.07460743982562945,0.7058777209576442,0.05649849725233867,0.675,0.1274754878398196
Non_temporal,RandomUnderSampler,48,20,0.05,0.3484146341463415,0.12257074345252889,0.3265853658536585,0.07460743982562945,0.7058777209576442,0.05649849725233867,0.675,0.1274754878398196
Non_temporal,RandomUnderSampler,48,20,0.1,0.3484146341463415,0.12257074345252889,0.3265853658536585,0.07460743982562945,0.7058777209576442,0.05649849725233867,0.675,0.1274754878398196
Non_temporal,RandomUnderSampler,48,50,0.001,0.3484146341463415,0.12257074345252889,0.3265853658536585,0.07460743982562945,0.7058777209576442,0.05649849725233867,0.675,0.1274754878398196
Non_temporal,RandomUnderSampler,48,50,0.01,0.3484146341463415,0.12257074345252889,0.3265853658536585,0.07460743982562945,0.7058777209576442,0.05649849725233867,0.675,0.1274754878398196
Non_temporal,RandomUnderSampler,48,50,0.05,0.3484146341463415,0.12257074345252889,0.3265853658536585,0.07460743982562945,0.7058777209576442,0.05649849725233867,0.675,0.1274754878398196
Non_temporal,RandomUnderSampler,48,50,0.1,0.3484146341463415,0.12257074345252889,0.3265853658536585,0.07460743982562945,0.7058777209576442,0.05649849725233867,0.675,0.1274754878398196
Non_temporal,class_weight,8,5,0.001,0.1799651567944251,0.19009972472521217,0.11289198606271778,0.043622246193893356,0.6808225108225108,0.1764548364017151,0.2928571428571428,0.18901598031998917
Non_temporal,class_weight,8,5,0.01,0.1799651567944251,0.19009972472521217,0.11289198606271778,0.043622246193893356,0.6808225108225108,0.1764548364017151,0.2928571428571428,0.18901598031998917
Non_temporal,class_weight,8,5,0.05,0.1799651567944251,0.19009972472521217,0.11289198606271778,0.043622246193893356,0.6808225108225108,0.1764548364017151,0.2928571428571428,0.18901598031998917
Non_temporal,class_weight,8,5,0.1,0.1799651567944251,0.19009972472521217,0.11289198606271778,0.043622246193893356,0.6808225108225108,0.1764548364017151,0.2928571428571428,0.18901598031998917
Non_temporal,class_weight,8,10,0.001,0.1799651567944251,0.19009972472521217,0.11289198606271778,0.043622246193893356,0.6808225108225108,0.1764548364017151,0.2928571428571428,0.18901598031998917
Non_temporal,class_weight,8,10,0.01,0.1799651567944251,0.19009972472521217,0.11289198606271778,0.043622246193893356,0.6808225108225108,0.1764548364017151,0.2928571428571428,0.18901598031998917
Non_temporal,class_weight,8,10,0.05,0.1799651567944251,0.19009972472521217,0.11289198606271778,0.043622246193893356,0.6808225108225108,0.1764548364017151,0.2928571428571428,0.18901598031998917
Non_temporal,class_weight,8,10,0.1,0.1799651567944251,0.19009972472521217,0.11289198606271778,0.043622246193893356,0.6808225108225108,0.1764548364017151,0.2928571428571428,0.18901598031998917
Non_temporal,class_weight,8,20,0.001,0.1799651567944251,0.19009972472521217,0.11289198606271778,0.043622246193893356,0.6808225108225108,0.1764548364017151,0.2928571428571428,0.18901598031998917
Non_temporal,class_weight,8,20,0.01,0.1799651567944251,0.19009972472521217,0.11289198606271778,0.043622246193893356,0.6808225108225108,0.1764548364017151,0.2928571428571428,0.18901598031998917
Non_temporal,class_weight,8,20,0.05,0.1799651567944251,0.19009972472521217,0.11289198606271778,0.043622246193893356,0.6808225108225108,0.1764548364017151,0.2928571428571428,0.18901598031998917
Non_temporal,class_weight,8,20,0.1,0.1799651567944251,0.19009972472521217,0.11289198606271778,0.043622246193893356,0.6808225108225108,0.1764548364017151,0.2928571428571428,0.18901598031998917
Non_temporal,class_weight,8,50,0.001,0.1799651567944251,0.19009972472521217,0.11289198606271778,0.043622246193893356,0.6808225108225108,0.1764548364017151,0.2928571428571428,0.18901598031998917
Non_temporal,class_weight,8,50,0.01,0.1799651567944251,0.19009972472521217,0.11289198606271778,0.043622246193893356,0.6808225108225108,0.1764548364017151,0.2928571428571428,0.18901598031998917
Non_temporal,class_weight,8,50,0.05,0.1799651567944251,0.19009972472521217,0.11289198606271778,0.043622246193893356,0.6808225108225108,0.1764548364017151,0.2928571428571428,0.18901598031998917
Non_temporal,class_weight,8,50,0.1,0.1799651567944251,0.19009972472521217,0.11289198606271778,0.043622246193893356,0.6808225108225108,0.1764548364017151,0.2928571428571428,0.18901598031998917
Non_temporal,class_weight,12,5,0.001,0.22754548974061167,0.2040156667672911,0.11689895470383276,0.061506482786774466,0.6146825396825397,0.25770105248426733,0.34444444444444444,0.18159954587423502
Non_temporal,class_weight,12,5,0.01,0.22754548974061167,0.2040156667672911,0.11689895470383276,0.061506482786774466,0.6146825396825397,0.25770105248426733,0.34444444444444444,0.18159954587423502
Non_temporal,class_weight,12,5,0.05,0.22754548974061167,0.2040156667672911,0.11689895470383276,0.061506482786774466,0.6146825396825397,0.25770105248426733,0.34444444444444444,0.18159954587423502
Non_temporal,class_weight,12,5,0.1,0.22754548974061167,0.2040156667672911,0.11689895470383276,0.061506482786774466,0.6146825396825397,0.25770105248426733,0.34444444444444444,0.18159954587423502
Non_temporal,class_weight,12,10,0.001,0.22754548974061167,0.2040156667672911,0.11689895470383276,0.061506482786774466,0.6146825396825397,0.25770105248426733,0.34444444444444444,0.18159954587423502
Non_temporal,class_weight,12,10,0.01,0.22754548974061167,0.2040156667672911,0.11689895470383276,0.061506482786774466,0.6146825396825397,0.25770105248426733,0.34444444444444444,0.18159954587423502
Non_temporal,class_weight,12,10,0.05,0.22754548974061167,0.2040156667672911,0.11689895470383276,0.061506482786774466,0.6146825396825397,0.25770105248426733,0.34444444444444444,0.18159954587423502
Non_temporal,class_weight,12,10,0.1,0.22754548974061167,0.2040156667672911,0.11689895470383276,0.061506482786774466,0.6146825396825397,0.25770105248426733,0.34444444444444444,0.18159954587423502
Non_temporal,class_weight,12,20,0.001,0.22754548974061167,0.2040156667672911,0.11689895470383276,0.061506482786774466,0.6146825396825397,0.25770105248426733,0.34444444444444444,0.18159954587423502
Non_temporal,class_weight,12,20,0.01,0.22754548974061167,0.2040156667672911,0.11689895470383276,0.061506482786774466,0.6146825396825397,0.25770105248426733,0.34444444444444444,0.18159954587423502
Non_temporal,class_weight,12,20,0.05,0.22754548974061167,0.2040156667672911,0.11689895470383276,0.061506482786774466,0.6146825396825397,0.25770105248426733,0.34444444444444444,0.18159954587423502
Non_temporal,class_weight,12,20,0.1,0.22754548974061167,0.2040156667672911,0.11689895470383276,0.061506482786774466,0.6146825396825397,0.25770105248426733,0.34444444444444444,0.18159954587423502
Non_temporal,class_weight,12,50,0.001,0.22754548974061167,0.2040156667672911,0.11689895470383276,0.061506482786774466,0.6146825396825397,0.25770105248426733,0.34444444444444444,0.18159954587423502
Non_temporal,class_weight,12,50,0.01,0.22754548974061167,0.2040156667672911,0.11689895470383276,0.061506482786774466,0.6146825396825397,0.25770105248426733,0.34444444444444444,0.18159954587423502
Non_temporal,class_weight,12,50,0.05,0.22754548974061167,0.2040156667672911,0.11689895470383276,0.061506482786774466,0.6146825396825397,0.25770105248426733,0.34444444444444444,0.18159954587423502
Non_temporal,class_weight,12,50,0.1,0.22754548974061167,0.2040156667672911,0.11689895470383276,0.061506482786774466,0.6146825396825397,0.25770105248426733,0.34444444444444444,0.18159954587423502
Non_temporal,class_weight,24,5,0.001,0.4166528239202658,0.12948531103147903,0.08156146179401993,0.06163467251197932,0.417005772005772,0.13259019387195897,0.49821428571428567,0.17303009352510368
Non_temporal,class_weight,24,5,0.01,0.4166528239202658,0.12948531103147903,0.08156146179401993,0.06163467251197932,0.417005772005772,0.13259019387195897,0.49821428571428567,0.17303009352510368
Non_temporal,class_weight,24,5,0.05,0.4166528239202658,0.12948531103147903,0.08156146179401993,0.06163467251197932,0.417005772005772,0.13259019387195897,0.49821428571428567,0.17303009352510368
Non_temporal,class_weight,24,5,0.1,0.4166528239202658,0.12948531103147903,0.08156146179401993,0.06163467251197932,0.417005772005772,0.13259019387195897,0.49821428571428567,0.17303009352510368
Non_temporal,class_weight,24,10,0.001,0.4166528239202658,0.12948531103147903,0.08156146179401993,0.06163467251197932,0.417005772005772,0.13259019387195897,0.49821428571428567,0.17303009352510368
Non_temporal,class_weight,24,10,0.01,0.4166528239202658,0.12948531103147903,0.08156146179401993,0.06163467251197932,0.417005772005772,0.13259019387195897,0.49821428571428567,0.17303009352510368
Non_temporal,class_weight,24,10,0.05,0.4166528239202658,0.12948531103147903,0.08156146179401993,0.06163467251197932,0.417005772005772,0.13259019387195897,0.49821428571428567,0.17303009352510368
Non_temporal,class_weight,24,10,0.1,0.4166528239202658,0.12948531103147903,0.08156146179401993,0.06163467251197932,0.417005772005772,0.13259019387195897,0.49821428571428567,0.17303009352510368
Non_temporal,class_weight,24,20,0.001,0.4166528239202658,0.12948531103147903,0.08156146179401993,0.06163467251197932,0.417005772005772,0.13259019387195897,0.49821428571428567,0.17303009352510368
Non_temporal,class_weight,24,20,0.01,0.4166528239202658,0.12948531103147903,0.08156146179401993,0.06163467251197932,0.417005772005772,0.13259019387195897,0.49821428571428567,0.17303009352510368
Non_temporal,class_weight,24,20,0.05,0.4166528239202658,0.12948531103147903,0.08156146179401993,0.06163467251197932,0.417005772005772,0.13259019387195897,0.49821428571428567,0.17303009352510368
Non_temporal,class_weight,24,20,0.1,0.4166528239202658,0.12948531103147903,0.08156146179401993,0.06163467251197932,0.417005772005772,0.13259019387195897,0.49821428571428567,0.17303009352510368
Non_temporal,class_weight,24,50,0.001,0.4166528239202658,0.12948531103147903,0.08156146179401993,0.06163467251197932,0.417005772005772,0.13259019387195897,0.49821428571428567,0.17303009352510368
Non_temporal,class_weight,24,50,0.01,0.4166528239202658,0.12948531103147903,0.08156146179401993,0.06163467251197932,0.417005772005772,0.13259019387195897,0.49821428571428567,0.17303009352510368
Non_temporal,class_weight,24,50,0.05,0.4166528239202658,0.12948531103147903,0.08156146179401993,0.06163467251197932,0.417005772005772,0.13259019387195897,0.49821428571428567,0.17303009352510368
Non_temporal,class_weight,24,50,0.1,0.4166528239202658,0.12948531103147903,0.08156146179401993,0.06163467251197932,0.417005772005772,0.13259019387195897,0.49821428571428567,0.17303009352510368
Non_temporal,class_weight,36,5,0.001,0.4723238482384824,0.126482042157842,0.08323170731707318,0.04377118761195922,0.3972366522366523,0.11996014686507922,0.5555555555555556,0.11866671868496571
Non_temporal,class_weight,36,5,0.01,0.4723238482384824,0.126482042157842,0.08323170731707318,0.04377118761195922,0.3972366522366523,0.11996014686507922,0.5555555555555556,0.11866671868496571
Non_temporal,class_weight,36,5,0.05,0.4723238482384824,0.126482042157842,0.08323170731707318,0.04377118761195922,0.3972366522366523,0.11996014686507922,0.5555555555555556,0.11866671868496571
Non_temporal,class_weight,36,5,0.1,0.4723238482384824,0.126482042157842,0.08323170731707318,0.04377118761195922,0.3972366522366523,0.11996014686507922,0.5555555555555556,0.11866671868496571
Non_temporal,class_weight,36,10,0.001,0.4723238482384824,0.126482042157842,0.08323170731707318,0.04377118761195922,0.3972366522366523,0.11996014686507922,0.5555555555555556,0.11866671868496571
Non_temporal,class_weight,36,10,0.01,0.4723238482384824,0.126482042157842,0.08323170731707318,0.04377118761195922,0.3972366522366523,0.11996014686507922,0.5555555555555556,0.11866671868496571
Non_temporal,class_weight,36,10,0.05,0.4723238482384824,0.126482042157842,0.08323170731707318,0.04377118761195922,0.3972366522366523,0.11996014686507922,0.5555555555555556,0.11866671868496571
Non_temporal,class_weight,36,10,0.1,0.4723238482384824,0.126482042157842,0.08323170731707318,0.04377118761195922,0.3972366522366523,0.11996014686507922,0.5555555555555556,0.11866671868496571
Non_temporal,class_weight,36,20,0.001,0.4723238482384824,0.126482042157842,0.08323170731707318,0.04377118761195922,0.3972366522366523,0.11996014686507922,0.5555555555555556,0.11866671868496571
Non_temporal,class_weight,36,20,0.01,0.4723238482384824,0.126482042157842,0.08323170731707318,0.04377118761195922,0.3972366522366523,0.11996014686507922,0.5555555555555556,0.11866671868496571
Non_temporal,class_weight,36,20,0.05,0.4723238482384824,0.126482042157842,0.08323170731707318,0.04377118761195922,0.3972366522366523,0.11996014686507922,0.5555555555555556,0.11866671868496571
Non_temporal,class_weight,36,20,0.1,0.4723238482384824,0.126482042157842,0.08323170731707318,0.04377118761195922,0.3972366522366523,0.11996014686507922,0.5555555555555556,0.11866671868496571
Non_temporal,class_weight,36,50,0.001,0.4723238482384824,0.126482042157842,0.08323170731707318,0.04377118761195922,0.3972366522366523,0.11996014686507922,0.5555555555555556,0.11866671868496571
Non_temporal,class_weight,36,50,0.01,0.4723238482384824,0.126482042157842,0.08323170731707318,0.04377118761195922,0.3972366522366523,0.11996014686507922,0.5555555555555556,0.11866671868496571
Non_temporal,class_weight,36,50,0.05,0.4723238482384824,0.126482042157842,0.08323170731707318,0.04377118761195922,0.3972366522366523,0.11996014686507922,0.5555555555555556,0.11866671868496571
Non_temporal,class_weight,36,50,0.1,0.4723238482384824,0.126482042157842,0.08323170731707318,0.04377118761195922,0.3972366522366523,0.11996014686507922,0.5555555555555556,0.11866671868496571
Non_temporal,class_weight,48,5,0.001,0.32371951219512196,0.16300217560034638,0.07628048780487806,0.04632417039344887,0.4747619047619048,0.18669217512785116,0.4,0.14577379737113252
Non_temporal,class_weight,48,5,0.01,0.32371951219512196,0.16300217560034638,0.07628048780487806,0.04632417039344887,0.4747619047619048,0.18669217512785116,0.4,0.14577379737113252
Non_temporal,class_weight,48,5,0.05,0.32371951219512196,0.16300217560034638,0.07628048780487806,0.04632417039344887,0.4747619047619048,0.18669217512785116,0.4,0.14577379737113252
Non_temporal,class_weight,48,5,0.1,0.32371951219512196,0.16300217560034638,0.07628048780487806,0.04632417039344887,0.4747619047619048,0.18669217512785116,0.4,0.14577379737113252
Non_temporal,class_weight,48,10,0.001,0.32371951219512196,0.16300217560034638,0.07628048780487806,0.04632417039344887,0.4747619047619048,0.18669217512785116,0.4,0.14577379737113252
Non_temporal,class_weight,48,10,0.01,0.32371951219512196,0.16300217560034638,0.07628048780487806,0.04632417039344887,0.4747619047619048,0.18669217512785116,0.4,0.14577379737113252
Non_temporal,class_weight,48,10,0.05,0.32371951219512196,0.16300217560034638,0.07628048780487806,0.04632417039344887,0.4747619047619048,0.18669217512785116,0.4,0.14577379737113252
Non_temporal,class_weight,48,10,0.1,0.32371951219512196,0.16300217560034638,0.07628048780487806,0.04632417039344887,0.4747619047619048,0.18669217512785116,0.4,0.14577379737113252
Non_temporal,class_weight,48,20,0.001,0.32371951219512196,0.16300217560034638,0.07628048780487806,0.04632417039344887,0.4747619047619048,0.18669217512785116,0.4,0.14577379737113252
Non_temporal,class_weight,48,20,0.01,0.32371951219512196,0.16300217560034638,0.07628048780487806,0.04632417039344887,0.4747619047619048,0.18669217512785116,0.4,0.14577379737113252
Non_temporal,class_weight,48,20,0.05,0.32371951219512196,0.16300217560034638,0.07628048780487806,0.04632417039344887,0.4747619047619048,0.18669217512785116,0.4,0.14577379737113252
Non_temporal,class_weight,48,20,0.1,0.32371951219512196,0.16300217560034638,0.07628048780487806,0.04632417039344887,0.4747619047619048,0.18669217512785116,0.4,0.14577379737113252
Non_temporal,class_weight,48,50,0.001,0.32371951219512196,0.16300217560034638,0.07628048780487806,0.04632417039344887,0.4747619047619048,0.18669217512785116,0.4,0.14577379737113252
Non_temporal,class_weight,48,50,0.01,0.32371951219512196,0.16300217560034638,0.07628048780487806,0.04632417039344887,0.4747619047619048,0.18669217512785116,0.4,0.14577379737113252
Non_temporal,class_weight,48,50,0.05,0.32371951219512196,0.16300217560034638,0.07628048780487806,0.04632417039344887,0.4747619047619048,0.18669217512785116,0.4,0.14577379737113252
Non_temporal,class_weight,48,50,0.1,0.32371951219512196,0.16300217560034638,0.07628048780487806,0.04632417039344887,0.4747619047619048,0.18669217512785116,0.4,0.14577379737113252
Temporal,SMOTE,12,5,0.001,0.31802824368613847,0.18292439459257567,0.14804318488529017,0.051548777201617005,0.6143145743145743,0.13655478101871674,0.4660714285714286,0.16297027711975517
Temporal,SMOTE,12,5,0.01,0.31802824368613847,0.18292439459257567,0.14804318488529017,0.051548777201617005,0.6143145743145743,0.13655478101871674,0.4660714285714286,0.16297027711975517
Temporal,SMOTE,12,5,0.05,0.31802824368613847,0.18292439459257567,0.14804318488529017,0.051548777201617005,0.6143145743145743,0.13655478101871674,0.4660714285714286,0.16297027711975517
Temporal,SMOTE,12,5,0.1,0.31802824368613847,0.18292439459257567,0.14804318488529017,0.051548777201617005,0.6143145743145743,0.13655478101871674,0.4660714285714286,0.16297027711975517
Temporal,SMOTE,12,10,0.001,0.31802824368613847,0.18292439459257567,0.14804318488529017,0.051548777201617005,0.6143145743145743,0.13655478101871674,0.4660714285714286,0.16297027711975517
Temporal,SMOTE,12,10,0.01,0.31802824368613847,0.18292439459257567,0.14804318488529017,0.051548777201617005,0.6143145743145743,0.13655478101871674,0.4660714285714286,0.16297027711975517
Temporal,SMOTE,12,10,0.05,0.31802824368613847,0.18292439459257567,0.14804318488529017,0.051548777201617005,0.6143145743145743,0.13655478101871674,0.4660714285714286,0.16297027711975517
Temporal,SMOTE,12,10,0.1,0.31802824368613847,0.18292439459257567,0.14804318488529017,0.051548777201617005,0.6143145743145743,0.13655478101871674,0.4660714285714286,0.16297027711975517
Temporal,SMOTE,12,20,0.001,0.31802824368613847,0.18292439459257567,0.14804318488529017,0.051548777201617005,0.6143145743145743,0.13655478101871674,0.4660714285714286,0.16297027711975517
Temporal,SMOTE,12,20,0.01,0.31802824368613847,0.18292439459257567,0.14804318488529017,0.051548777201617005,0.6143145743145743,0.13655478101871674,0.4660714285714286,0.16297027711975517
Temporal,SMOTE,12,20,0.05,0.31802824368613847,0.18292439459257567,0.14804318488529017,0.051548777201617005,0.6143145743145743,0.13655478101871674,0.4660714285714286,0.16297027711975517
Temporal,SMOTE,12,20,0.1,0.31802824368613847,0.18292439459257567,0.14804318488529017,0.051548777201617005,0.6143145743145743,0.13655478101871674,0.4660714285714286,0.16297027711975517
Temporal,SMOTE,12,50,0.001,0.31802824368613847,0.18292439459257567,0.14804318488529017,0.051548777201617005,0.6143145743145743,0.13655478101871674,0.4660714285714286,0.16297027711975517
Temporal,SMOTE,12,50,0.01,0.31802824368613847,0.18292439459257567,0.14804318488529017,0.051548777201617005,0.6143145743145743,0.13655478101871674,0.4660714285714286,0.16297027711975517
Temporal,SMOTE,12,50,0.05,0.31802824368613847,0.18292439459257567,0.14804318488529017,0.051548777201617005,0.6143145743145743,0.13655478101871674,0.4660714285714286,0.16297027711975517
Temporal,SMOTE,12,50,0.1,0.31802824368613847,0.18292439459257567,0.14804318488529017,0.051548777201617005,0.6143145743145743,0.13655478101871674,0.4660714285714286,0.16297027711975517
Temporal,SMOTE,24,5,0.001,0.6053850843324527,0.23268186682514588,0.12318634423897583,0.055181034524440495,0.4449417249417249,0.18436321102271128,0.7285714285714285,0.22471637452484816
Temporal,SMOTE,24,5,0.01,0.6053850843324527,0.23268186682514588,0.12318634423897583,0.055181034524440495,0.4449417249417249,0.18436321102271128,0.7285714285714285,0.22471637452484816
Temporal,SMOTE,24,5,0.05,0.6053850843324527,0.23268186682514588,0.12318634423897583,0.055181034524440495,0.4449417249417249,0.18436321102271128,0.7285714285714285,0.22471637452484816
Temporal,SMOTE,24,5,0.1,0.6053850843324527,0.23268186682514588,0.12318634423897583,0.055181034524440495,0.4449417249417249,0.18436321102271128,0.7285714285714285,0.22471637452484816
Temporal,SMOTE,24,10,0.001,0.6053850843324527,0.23268186682514588,0.12318634423897583,0.055181034524440495,0.4449417249417249,0.18436321102271128,0.7285714285714285,0.22471637452484816
Temporal,SMOTE,24,10,0.01,0.6053850843324527,0.23268186682514588,0.12318634423897583,0.055181034524440495,0.4449417249417249,0.18436321102271128,0.7285714285714285,0.22471637452484816
Temporal,SMOTE,24,10,0.05,0.6053850843324527,0.23268186682514588,0.12318634423897583,0.055181034524440495,0.4449417249417249,0.18436321102271128,0.7285714285714285,0.22471637452484816
Temporal,SMOTE,24,10,0.1,0.6053850843324527,0.23268186682514588,0.12318634423897583,0.055181034524440495,0.4449417249417249,0.18436321102271128,0.7285714285714285,0.22471637452484816
Temporal,SMOTE,24,20,0.001,0.6053850843324527,0.23268186682514588,0.12318634423897583,0.055181034524440495,0.4449417249417249,0.18436321102271128,0.7285714285714285,0.22471637452484816
Temporal,SMOTE,24,20,0.01,0.6053850843324527,0.23268186682514588,0.12318634423897583,0.055181034524440495,0.4449417249417249,0.18436321102271128,0.7285714285714285,0.22471637452484816
Temporal,SMOTE,24,20,0.05,0.6053850843324527,0.23268186682514588,0.12318634423897583,0.055181034524440495,0.4449417249417249,0.18436321102271128,0.7285714285714285,0.22471637452484816
Temporal,SMOTE,24,20,0.1,0.6053850843324527,0.23268186682514588,0.12318634423897583,0.055181034524440495,0.4449417249417249,0.18436321102271128,0.7285714285714285,0.22471637452484816
Temporal,SMOTE,24,50,0.001,0.6053850843324527,0.23268186682514588,0.12318634423897583,0.055181034524440495,0.4449417249417249,0.18436321102271128,0.7285714285714285,0.22471637452484816
Temporal,SMOTE,24,50,0.01,0.6053850843324527,0.23268186682514588,0.12318634423897583,0.055181034524440495,0.4449417249417249,0.18436321102271128,0.7285714285714285,0.22471637452484816
Temporal,SMOTE,24,50,0.05,0.6053850843324527,0.23268186682514588,0.12318634423897583,0.055181034524440495,0.4449417249417249,0.18436321102271128,0.7285714285714285,0.22471637452484816
Temporal,SMOTE,24,50,0.1,0.6053850843324527,0.23268186682514588,0.12318634423897583,0.055181034524440495,0.4449417249417249,0.18436321102271128,0.7285714285714285,0.22471637452484816
Temporal,SMOTE,36,5,0.001,0.5362553342816501,0.1407198267598171,0.12624466571834994,0.06104825827249236,0.4664700577200578,0.09805370813755908,0.6625,0.1685491056648126
Temporal,SMOTE,36,5,0.01,0.5362553342816501,0.1407198267598171,0.12624466571834994,0.06104825827249236,0.4664700577200578,0.09805370813755908,0.6625,0.1685491056648126
Temporal,SMOTE,36,5,0.05,0.5362553342816501,0.1407198267598171,0.12624466571834994,0.06104825827249236,0.4664700577200578,0.09805370813755908,0.6625,0.1685491056648126
Temporal,SMOTE,36,5,0.1,0.5362553342816501,0.1407198267598171,0.12624466571834994,0.06104825827249236,0.4664700577200578,0.09805370813755908,0.6625,0.1685491056648126
Temporal,SMOTE,36,10,0.001,0.5362553342816501,0.1407198267598171,0.12624466571834994,0.06104825827249236,0.4664700577200578,0.09805370813755908,0.6625,0.1685491056648126
Temporal,SMOTE,36,10,0.01,0.5362553342816501,0.1407198267598171,0.12624466571834994,0.06104825827249236,0.4664700577200578,0.09805370813755908,0.6625,0.1685491056648126
Temporal,SMOTE,36,10,0.05,0.5362553342816501,0.1407198267598171,0.12624466571834994,0.06104825827249236,0.4664700577200578,0.09805370813755908,0.6625,0.1685491056648126
Temporal,SMOTE,36,10,0.1,0.5362553342816501,0.1407198267598171,0.12624466571834994,0.06104825827249236,0.4664700577200578,0.09805370813755908,0.6625,0.1685491056648126
Temporal,SMOTE,36,20,0.001,0.5362553342816501,0.1407198267598171,0.12624466571834994,0.06104825827249236,0.4664700577200578,0.09805370813755908,0.6625,0.1685491056648126
Temporal,SMOTE,36,20,0.01,0.5362553342816501,0.1407198267598171,0.12624466571834994,0.06104825827249236,0.4664700577200578,0.09805370813755908,0.6625,0.1685491056648126
Temporal,SMOTE,36,20,0.05,0.5362553342816501,0.1407198267598171,0.12624466571834994,0.06104825827249236,0.4664700577200578,0.09805370813755908,0.6625,0.1685491056648126
Temporal,SMOTE,36,20,0.1,0.5362553342816501,0.1407198267598171,0.12624466571834994,0.06104825827249236,0.4664700577200578,0.09805370813755908,0.6625,0.1685491056648126
Temporal,SMOTE,36,50,0.001,0.5362553342816501,0.1407198267598171,0.12624466571834994,0.06104825827249236,0.4664700577200578,0.09805370813755908,0.6625,0.1685491056648126
Temporal,SMOTE,36,50,0.01,0.5362553342816501,0.1407198267598171,0.12624466571834994,0.06104825827249236,0.4664700577200578,0.09805370813755908,0.6625,0.1685491056648126
Temporal,SMOTE,36,50,0.05,0.5362553342816501,0.1407198267598171,0.12624466571834994,0.06104825827249236,0.4664700577200578,0.09805370813755908,0.6625,0.1685491056648126
Temporal,SMOTE,36,50,0.1,0.5362553342816501,0.1407198267598171,0.12624466571834994,0.06104825827249236,0.4664700577200578,0.09805370813755908,0.6625,0.1685491056648126
Temporal,RandomOverSampler,12,5,0.001,0.4373048004626952,0.1484164572936787,0.06983805668016194,0.03049939987809289,0.4141269841269842,0.14364237456693274,0.5071428571428571,0.14511606895650034
Temporal,RandomOverSampler,12,5,0.01,0.4373048004626952,0.1484164572936787,0.06983805668016194,0.03049939987809289,0.4141269841269842,0.14364237456693274,0.5071428571428571,0.14511606895650034
Temporal,RandomOverSampler,12,5,0.05,0.4373048004626952,0.1484164572936787,0.06983805668016194,0.03049939987809289,0.4141269841269842,0.14364237456693274,0.5071428571428571,0.14511606895650034
Temporal,RandomOverSampler,12,5,0.1,0.4373048004626952,0.1484164572936787,0.06983805668016194,0.03049939987809289,0.4141269841269842,0.14364237456693274,0.5071428571428571,0.14511606895650034
Temporal,RandomOverSampler,12,10,0.001,0.4373048004626952,0.1484164572936787,0.06983805668016194,0.03049939987809289,0.4141269841269842,0.14364237456693274,0.5071428571428571,0.14511606895650034
Temporal,RandomOverSampler,12,10,0.01,0.4373048004626952,0.1484164572936787,0.06983805668016194,0.03049939987809289,0.4141269841269842,0.14364237456693274,0.5071428571428571,0.14511606895650034
Temporal,RandomOverSampler,12,10,0.05,0.4373048004626952,0.1484164572936787,0.06983805668016194,0.03049939987809289,0.4141269841269842,0.14364237456693274,0.5071428571428571,0.14511606895650034
Temporal,RandomOverSampler,12,10,0.1,0.4373048004626952,0.1484164572936787,0.06983805668016194,0.03049939987809289,0.4141269841269842,0.14364237456693274,0.5071428571428571,0.14511606895650034
Temporal,RandomOverSampler,12,20,0.001,0.4373048004626952,0.1484164572936787,0.06983805668016194,0.03049939987809289,0.4141269841269842,0.14364237456693274,0.5071428571428571,0.14511606895650034
Temporal,RandomOverSampler,12,20,0.01,0.4373048004626952,0.1484164572936787,0.06983805668016194,0.03049939987809289,0.4141269841269842,0.14364237456693274,0.5071428571428571,0.14511606895650034
Temporal,RandomOverSampler,12,20,0.05,0.4373048004626952,0.1484164572936787,0.06983805668016194,0.03049939987809289,0.4141269841269842,0.14364237456693274,0.5071428571428571,0.14511606895650034
Temporal,RandomOverSampler,12,20,0.1,0.4373048004626952,0.1484164572936787,0.06983805668016194,0.03049939987809289,0.4141269841269842,0.14364237456693274,0.5071428571428571,0.14511606895650034
Temporal,RandomOverSampler,12,50,0.001,0.4373048004626952,0.1484164572936787,0.06983805668016194,0.03049939987809289,0.4141269841269842,0.14364237456693274,0.5071428571428571,0.14511606895650034
Temporal,RandomOverSampler,12,50,0.01,0.4373048004626952,0.1484164572936787,0.06983805668016194,0.03049939987809289,0.4141269841269842,0.14364237456693274,0.5071428571428571,0.14511606895650034
Temporal,RandomOverSampler,12,50,0.05,0.4373048004626952,0.1484164572936787,0.06983805668016194,0.03049939987809289,0.4141269841269842,0.14364237456693274,0.5071428571428571,0.14511606895650034
Temporal,RandomOverSampler,12,50,0.1,0.4373048004626952,0.1484164572936787,0.06983805668016194,0.03049939987809289,0.4141269841269842,0.14364237456693274,0.5071428571428571,0.14511606895650034
Temporal,RandomOverSampler,24,5,0.001,0.6034672830725463,0.1816162336819409,0.05903271692745378,0.050969488397209134,0.25191253191253193,0.1529936138502975,0.6624999999999999,0.20461044370576342
Temporal,RandomOverSampler,24,5,0.01,0.6034672830725463,0.1816162336819409,0.05903271692745378,0.050969488397209134,0.25191253191253193,0.1529936138502975,0.6624999999999999,0.20461044370576342
Temporal,RandomOverSampler,24,5,0.05,0.6034672830725463,0.1816162336819409,0.05903271692745378,0.050969488397209134,0.25191253191253193,0.1529936138502975,0.6624999999999999,0.20461044370576342
Temporal,RandomOverSampler,24,5,0.1,0.6034672830725463,0.1816162336819409,0.05903271692745378,0.050969488397209134,0.25191253191253193,0.1529936138502975,0.6624999999999999,0.20461044370576342
Temporal,RandomOverSampler,24,10,0.001,0.6034672830725463,0.1816162336819409,0.05903271692745378,0.050969488397209134,0.25191253191253193,0.1529936138502975,0.6624999999999999,0.20461044370576342
Temporal,RandomOverSampler,24,10,0.01,0.6034672830725463,0.1816162336819409,0.05903271692745378,0.050969488397209134,0.25191253191253193,0.1529936138502975,0.6624999999999999,0.20461044370576342
Temporal,RandomOverSampler,24,10,0.05,0.6034672830725463,0.1816162336819409,0.05903271692745378,0.050969488397209134,0.25191253191253193,0.1529936138502975,0.6624999999999999,0.20461044370576342
Temporal,RandomOverSampler,24,10,0.1,0.6034672830725463,0.1816162336819409,0.05903271692745378,0.050969488397209134,0.25191253191253193,0.1529936138502975,0.6624999999999999,0.20461044370576342
Temporal,RandomOverSampler,24,20,0.001,0.6034672830725463,0.1816162336819409,0.05903271692745378,0.050969488397209134,0.25191253191253193,0.1529936138502975,0.6624999999999999,0.20461044370576342
Temporal,RandomOverSampler,24,20,0.01,0.6034672830725463,0.1816162336819409,0.05903271692745378,0.050969488397209134,0.25191253191253193,0.1529936138502975,0.6624999999999999,0.20461044370576342
Temporal,RandomOverSampler,24,20,0.05,0.6034672830725463,0.1816162336819409,0.05903271692745378,0.050969488397209134,0.25191253191253193,0.1529936138502975,0.6624999999999999,0.20461044370576342
Temporal,RandomOverSampler,24,20,0.1,0.6034672830725463,0.1816162336819409,0.05903271692745378,0.050969488397209134,0.25191253191253193,0.1529936138502975,0.6624999999999999,0.20461044370576342
Temporal,RandomOverSampler,24,50,0.001,0.6034672830725463,0.1816162336819409,0.05903271692745378,0.050969488397209134,0.25191253191253193,0.1529936138502975,0.6624999999999999,0.20461044370576342
Temporal,RandomOverSampler,24,50,0.01,0.6034672830725463,0.1816162336819409,0.05903271692745378,0.050969488397209134,0.25191253191253193,0.1529936138502975,0.6624999999999999,0.20461044370576342
Temporal,RandomOverSampler,24,50,0.05,0.6034672830725463,0.1816162336819409,0.05903271692745378,0.050969488397209134,0.25191253191253193,0.1529936138502975,0.6624999999999999,0.20461044370576342
Temporal,RandomOverSampler,24,50,0.1,0.6034672830725463,0.1816162336819409,0.05903271692745378,0.050969488397209134,0.25191253191253193,0.1529936138502975,0.6624999999999999,0.20461044370576342
Temporal,RandomOverSampler,36,5,0.001,0.6167648851859378,0.13983871632026962,0.061806543385490756,0.029641545010843737,0.30374458874458876,0.11597612056946749,0.6785714285714286,0.14529175433434283
Temporal,RandomOverSampler,36,5,0.01,0.6167648851859378,0.13983871632026962,0.061806543385490756,0.029641545010843737,0.30374458874458876,0.11597612056946749,0.6785714285714286,0.14529175433434283
Temporal,RandomOverSampler,36,5,0.05,0.6167648851859378,0.13983871632026962,0.061806543385490756,0.029641545010843737,0.30374458874458876,0.11597612056946749,0.6785714285714286,0.14529175433434283
Temporal,RandomOverSampler,36,5,0.1,0.6167648851859378,0.13983871632026962,0.061806543385490756,0.029641545010843737,0.30374458874458876,0.11597612056946749,0.6785714285714286,0.14529175433434283
Temporal,RandomOverSampler,36,10,0.001,0.6167648851859378,0.13983871632026962,0.061806543385490756,0.029641545010843737,0.30374458874458876,0.11597612056946749,0.6785714285714286,0.14529175433434283
Temporal,RandomOverSampler,36,10,0.01,0.6167648851859378,0.13983871632026962,0.061806543385490756,0.029641545010843737,0.30374458874458876,0.11597612056946749,0.6785714285714286,0.14529175433434283
Temporal,RandomOverSampler,36,10,0.05,0.6167648851859378,0.13983871632026962,0.061806543385490756,0.029641545010843737,0.30374458874458876,0.11597612056946749,0.6785714285714286,0.14529175433434283
Temporal,RandomOverSampler,36,10,0.1,0.6167648851859378,0.13983871632026962,0.061806543385490756,0.029641545010843737,0.30374458874458876,0.11597612056946749,0.6785714285714286,0.14529175433434283
Temporal,RandomOverSampler,36,20,0.001,0.6167648851859378,0.13983871632026962,0.061806543385490756,0.029641545010843737,0.30374458874458876,0.11597612056946749,0.6785714285714286,0.14529175433434283
Temporal,RandomOverSampler,36,20,0.01,0.6167648851859378,0.13983871632026962,0.061806543385490756,0.029641545010843737,0.30374458874458876,0.11597612056946749,0.6785714285714286,0.14529175433434283
Temporal,RandomOverSampler,36,20,0.05,0.6167648851859378,0.13983871632026962,0.061806543385490756,0.029641545010843737,0.30374458874458876,0.11597612056946749,0.6785714285714286,0.14529175433434283
Temporal,RandomOverSampler,36,20,0.1,0.6167648851859378,0.13983871632026962,0.061806543385490756,0.029641545010843737,0.30374458874458876,0.11597612056946749,0.6785714285714286,0.14529175433434283
Temporal,RandomOverSampler,36,50,0.001,0.6167648851859378,0.13983871632026962,0.061806543385490756,0.029641545010843737,0.30374458874458876,0.11597612056946749,0.6785714285714286,0.14529175433434283
Temporal,RandomOverSampler,36,50,0.01,0.6167648851859378,0.13983871632026962,0.061806543385490756,0.029641545010843737,0.30374458874458876,0.11597612056946749,0.6785714285714286,0.14529175433434283
Temporal,RandomOverSampler,36,50,0.05,0.6167648851859378,0.13983871632026962,0.061806543385490756,0.029641545010843737,0.30374458874458876,0.11597612056946749,0.6785714285714286,0.14529175433434283
Temporal,RandomOverSampler,36,50,0.1,0.6167648851859378,0.13983871632026962,0.061806543385490756,0.029641545010843737,0.30374458874458876,0.11597612056946749,0.6785714285714286,0.14529175433434283
Temporal,RandomUnderSampler,12,5,0.001,0.4047884133410449,0.16350123787028673,0.3219973009446694,0.08607553626807715,0.6907625870861166,0.0754118814115766,0.7267857142857143,0.10071491894431123
Temporal,RandomUnderSampler,12,5,0.01,0.4047884133410449,0.16350123787028673,0.3219973009446694,0.08607553626807715,0.6907625870861166,0.0754118814115766,0.7267857142857143,0.10071491894431123
Temporal,RandomUnderSampler,12,5,0.05,0.4047884133410449,0.16350123787028673,0.3219973009446694,0.08607553626807715,0.6907625870861166,0.0754118814115766,0.7267857142857143,0.10071491894431123
Temporal,RandomUnderSampler,12,5,0.1,0.4047884133410449,0.16350123787028673,0.3219973009446694,0.08607553626807715,0.6907625870861166,0.0754118814115766,0.7267857142857143,0.10071491894431123
Temporal,RandomUnderSampler,12,10,0.001,0.4047884133410449,0.16350123787028673,0.3219973009446694,0.08607553626807715,0.6907625870861166,0.0754118814115766,0.7267857142857143,0.10071491894431123
Temporal,RandomUnderSampler,12,10,0.01,0.4047884133410449,0.16350123787028673,0.3219973009446694,0.08607553626807715,0.6907625870861166,0.0754118814115766,0.7267857142857143,0.10071491894431123
Temporal,RandomUnderSampler,12,10,0.05,0.4047884133410449,0.16350123787028673,0.3219973009446694,0.08607553626807715,0.6907625870861166,0.0754118814115766,0.7267857142857143,0.10071491894431123
Temporal,RandomUnderSampler,12,10,0.1,0.4047884133410449,0.16350123787028673,0.3219973009446694,0.08607553626807715,0.6907625870861166,0.0754118814115766,0.7267857142857143,0.10071491894431123
Temporal,RandomUnderSampler,12,20,0.001,0.4047884133410449,0.16350123787028673,0.3219973009446694,0.08607553626807715,0.6907625870861166,0.0754118814115766,0.7267857142857143,0.10071491894431123
Temporal,RandomUnderSampler,12,20,0.01,0.4047884133410449,0.16350123787028673,0.3219973009446694,0.08607553626807715,0.6907625870861166,0.0754118814115766,0.7267857142857143,0.10071491894431123
Temporal,RandomUnderSampler,12,20,0.05,0.4047884133410449,0.16350123787028673,0.3219973009446694,0.08607553626807715,0.6907625870861166,0.0754118814115766,0.7267857142857143,0.10071491894431123
Temporal,RandomUnderSampler,12,20,0.1,0.4047884133410449,0.16350123787028673,0.3219973009446694,0.08607553626807715,0.6907625870861166,0.0754118814115766,0.7267857142857143,0.10071491894431123
Temporal,RandomUnderSampler,12,50,0.001,0.4047884133410449,0.16350123787028673,0.3219973009446694,0.08607553626807715,0.6907625870861166,0.0754118814115766,0.7267857142857143,0.10071491894431123
Temporal,RandomUnderSampler,12,50,0.01,0.4047884133410449,0.16350123787028673,0.3219973009446694,0.08607553626807715,0.6907625870861166,0.0754118814115766,0.7267857142857143,0.10071491894431123
Temporal,RandomUnderSampler,12,50,0.05,0.4047884133410449,0.16350123787028673,0.3219973009446694,0.08607553626807715,0.6907625870861166,0.0754118814115766,0.7267857142857143,0.10071491894431123
Temporal,RandomUnderSampler,12,50,0.1,0.4047884133410449,0.16350123787028673,0.3219973009446694,0.08607553626807715,0.6907625870861166,0.0754118814115766,0.7267857142857143,0.10071491894431123
Temporal,RandomUnderSampler,24,5,0.001,0.5073232066653119,0.14758146837466862,0.2087482219061166,0.10878877674747997,0.5481114499535552,0.14888942020207133,0.7160714285714286,0.15719357947629867
Temporal,RandomUnderSampler,24,5,0.01,0.5073232066653119,0.14758146837466862,0.2087482219061166,0.10878877674747997,0.5481114499535552,0.14888942020207133,0.7160714285714286,0.15719357947629867
Temporal,RandomUnderSampler,24,5,0.05,0.5073232066653119,0.14758146837466862,0.2087482219061166,0.10878877674747997,0.5481114499535552,0.14888942020207133,0.7160714285714286,0.15719357947629867
Temporal,RandomUnderSampler,24,5,0.1,0.5073232066653119,0.14758146837466862,0.2087482219061166,0.10878877674747997,0.5481114499535552,0.14888942020207133,0.7160714285714286,0.15719357947629867
Temporal,RandomUnderSampler,24,10,0.001,0.5073232066653119,0.14758146837466862,0.2087482219061166,0.10878877674747997,0.5481114499535552,0.14888942020207133,0.7160714285714286,0.15719357947629867
Temporal,RandomUnderSampler,24,10,0.01,0.5073232066653119,0.14758146837466862,0.2087482219061166,0.10878877674747997,0.5481114499535552,0.14888942020207133,0.7160714285714286,0.15719357947629867
Temporal,RandomUnderSampler,24,10,0.05,0.5073232066653119,0.14758146837466862,0.2087482219061166,0.10878877674747997,0.5481114499535552,0.14888942020207133,0.7160714285714286,0.15719357947629867
Temporal,RandomUnderSampler,24,10,0.1,0.5073232066653119,0.14758146837466862,0.2087482219061166,0.10878877674747997,0.5481114499535552,0.14888942020207133,0.7160714285714286,0.15719357947629867
Temporal,RandomUnderSampler,24,20,0.001,0.5073232066653119,0.14758146837466862,0.2087482219061166,0.10878877674747997,0.5481114499535552,0.14888942020207133,0.7160714285714286,0.15719357947629867
Temporal,RandomUnderSampler,24,20,0.01,0.5073232066653119,0.14758146837466862,0.2087482219061166,0.10878877674747997,0.5481114499535552,0.14888942020207133,0.7160714285714286,0.15719357947629867
Temporal,RandomUnderSampler,24,20,0.05,0.5073232066653119,0.14758146837466862,0.2087482219061166,0.10878877674747997,0.5481114499535552,0.14888942020207133,0.7160714285714286,0.15719357947629867
Temporal,RandomUnderSampler,24,20,0.1,0.5073232066653119,0.14758146837466862,0.2087482219061166,0.10878877674747997,0.5481114499535552,0.14888942020207133,0.7160714285714286,0.15719357947629867
Temporal,RandomUnderSampler,24,50,0.001,0.5073232066653119,0.14758146837466862,0.2087482219061166,0.10878877674747997,0.5481114499535552,0.14888942020207133,0.7160714285714286,0.15719357947629867
Temporal,RandomUnderSampler,24,50,0.01,0.5073232066653119,0.14758146837466862,0.2087482219061166,0.10878877674747997,0.5481114499535552,0.14888942020207133,0.7160714285714286,0.15719357947629867
Temporal,RandomUnderSampler,24,50,0.05,0.5073232066653119,0.14758146837466862,0.2087482219061166,0.10878877674747997,0.5481114499535552,0.14888942020207133,0.7160714285714286,0.15719357947629867
Temporal,RandomUnderSampler,24,50,0.1,0.5073232066653119,0.14758146837466862,0.2087482219061166,0.10878877674747997,0.5481114499535552,0.14888942020207133,0.7160714285714286,0.15719357947629867
Temporal,RandomUnderSampler,36,5,0.001,0.4824705344442187,0.1581015452854074,0.27645803698435284,0.07206914361672974,0.6362255133926961,0.08685522054764475,0.7589285714285714,0.15030793222513547
Temporal,RandomUnderSampler,36,5,0.01,0.4824705344442187,0.1581015452854074,0.27645803698435284,0.07206914361672974,0.6362255133926961,0.08685522054764475,0.7589285714285714,0.15030793222513547
Temporal,RandomUnderSampler,36,5,0.05,0.4824705344442187,0.1581015452854074,0.27645803698435284,0.07206914361672974,0.6362255133926961,0.08685522054764475,0.7589285714285714,0.15030793222513547
Temporal,RandomUnderSampler,36,5,0.1,0.4824705344442187,0.1581015452854074,0.27645803698435284,0.07206914361672974,0.6362255133926961,0.08685522054764475,0.7589285714285714,0.15030793222513547
Temporal,RandomUnderSampler,36,10,0.001,0.4824705344442187,0.1581015452854074,0.27645803698435284,0.07206914361672974,0.6362255133926961,0.08685522054764475,0.7589285714285714,0.15030793222513547
Temporal,RandomUnderSampler,36,10,0.01,0.4824705344442187,0.1581015452854074,0.27645803698435284,0.07206914361672974,0.6362255133926961,0.08685522054764475,0.7589285714285714,0.15030793222513547
Temporal,RandomUnderSampler,36,10,0.05,0.4824705344442187,0.1581015452854074,0.27645803698435284,0.07206914361672974,0.6362255133926961,0.08685522054764475,0.7589285714285714,0.15030793222513547
Temporal,RandomUnderSampler,36,10,0.1,0.4824705344442187,0.1581015452854074,0.27645803698435284,0.07206914361672974,0.6362255133926961,0.08685522054764475,0.7589285714285714,0.15030793222513547
Temporal,RandomUnderSampler,36,20,0.001,0.4824705344442187,0.1581015452854074,0.27645803698435284,0.07206914361672974,0.6362255133926961,0.08685522054764475,0.7589285714285714,0.15030793222513547
Temporal,RandomUnderSampler,36,20,0.01,0.4824705344442187,0.1581015452854074,0.27645803698435284,0.07206914361672974,0.6362255133926961,0.08685522054764475,0.7589285714285714,0.15030793222513547
Temporal,RandomUnderSampler,36,20,0.05,0.4824705344442187,0.1581015452854074,0.27645803698435284,0.07206914361672974,0.6362255133926961,0.08685522054764475,0.7589285714285714,0.15030793222513547
Temporal,RandomUnderSampler,36,20,0.1,0.4824705344442187,0.1581015452854074,0.27645803698435284,0.07206914361672974,0.6362255133926961,0.08685522054764475,0.7589285714285714,0.15030793222513547
Temporal,RandomUnderSampler,36,50,0.001,0.4824705344442187,0.1581015452854074,0.27645803698435284,0.07206914361672974,0.6362255133926961,0.08685522054764475,0.7589285714285714,0.15030793222513547
Temporal,RandomUnderSampler,36,50,0.01,0.4824705344442187,0.1581015452854074,0.27645803698435284,0.07206914361672974,0.6362255133926961,0.08685522054764475,0.7589285714285714,0.15030793222513547
Temporal,RandomUnderSampler,36,50,0.05,0.4824705344442187,0.1581015452854074,0.27645803698435284,0.07206914361672974,0.6362255133926961,0.08685522054764475,0.7589285714285714,0.15030793222513547
Temporal,RandomUnderSampler,36,50,0.1,0.4824705344442187,0.1581015452854074,0.27645803698435284,0.07206914361672974,0.6362255133926961,0.08685522054764475,0.7589285714285714,0.15030793222513547
Temporal,class_weight,12,5,0.001,0.4717828224407172,0.1782587276963247,0.062145748987854244,0.02901398172146323,0.36904761904761907,0.16735496573243233,0.5339285714285714,0.1757727109603972
Temporal,class_weight,12,5,0.01,0.4717828224407172,0.1782587276963247,0.062145748987854244,0.02901398172146323,0.36904761904761907,0.16735496573243233,0.5339285714285714,0.1757727109603972
Temporal,class_weight,12,5,0.05,0.4717828224407172,0.1782587276963247,0.062145748987854244,0.02901398172146323,0.36904761904761907,0.16735496573243233,0.5339285714285714,0.1757727109603972
Temporal,class_weight,12,5,0.1,0.4717828224407172,0.1782587276963247,0.062145748987854244,0.02901398172146323,0.36904761904761907,0.16735496573243233,0.5339285714285714,0.1757727109603972
Temporal,class_weight,12,10,0.001,0.4717828224407172,0.1782587276963247,0.062145748987854244,0.02901398172146323,0.36904761904761907,0.16735496573243233,0.5339285714285714,0.1757727109603972
Temporal,class_weight,12,10,0.01,0.4717828224407172,0.1782587276963247,0.062145748987854244,0.02901398172146323,0.36904761904761907,0.16735496573243233,0.5339285714285714,0.1757727109603972
Temporal,class_weight,12,10,0.05,0.4717828224407172,0.1782587276963247,0.062145748987854244,0.02901398172146323,0.36904761904761907,0.16735496573243233,0.5339285714285714,0.1757727109603972
Temporal,class_weight,12,10,0.1,0.4717828224407172,0.1782587276963247,0.062145748987854244,0.02901398172146323,0.36904761904761907,0.16735496573243233,0.5339285714285714,0.1757727109603972
Temporal,class_weight,12,20,0.001,0.4717828224407172,0.1782587276963247,0.062145748987854244,0.02901398172146323,0.36904761904761907,0.16735496573243233,0.5339285714285714,0.1757727109603972
Temporal,class_weight,12,20,0.01,0.4717828224407172,0.1782587276963247,0.062145748987854244,0.02901398172146323,0.36904761904761907,0.16735496573243233,0.5339285714285714,0.1757727109603972
Temporal,class_weight,12,20,0.05,0.4717828224407172,0.1782587276963247,0.062145748987854244,0.02901398172146323,0.36904761904761907,0.16735496573243233,0.5339285714285714,0.1757727109603972
Temporal,class_weight,12,20,0.1,0.4717828224407172,0.1782587276963247,0.062145748987854244,0.02901398172146323,0.36904761904761907,0.16735496573243233,0.5339285714285714,0.1757727109603972
Temporal,class_weight,12,50,0.001,0.4717828224407172,0.1782587276963247,0.062145748987854244,0.02901398172146323,0.36904761904761907,0.16735496573243233,0.5339285714285714,0.1757727109603972
Temporal,class_weight,12,50,0.01,0.4717828224407172,0.1782587276963247,0.062145748987854244,0.02901398172146323,0.36904761904761907,0.16735496573243233,0.5339285714285714,0.1757727109603972
Temporal,class_weight,12,50,0.05,0.4717828224407172,0.1782587276963247,0.062145748987854244,0.02901398172146323,0.36904761904761907,0.16735496573243233,0.5339285714285714,0.1757727109603972
Temporal,class_weight,12,50,0.1,0.4717828224407172,0.1782587276963247,0.062145748987854244,0.02901398172146323,0.36904761904761907,0.16735496573243233,0.5339285714285714,0.1757727109603972
Temporal,class_weight,24,5,0.001,0.5428012599065231,0.16206514012192552,0.05362731152204836,0.029613799981490028,0.2839285714285714,0.1380739412970678,0.5964285714285714,0.17113069358158484
Temporal,class_weight,24,5,0.01,0.5428012599065231,0.16206514012192552,0.05362731152204836,0.029613799981490028,0.2839285714285714,0.1380739412970678,0.5964285714285714,0.17113069358158484
Temporal,class_weight,24,5,0.05,0.5428012599065231,0.16206514012192552,0.05362731152204836,0.029613799981490028,0.2839285714285714,0.1380739412970678,0.5964285714285714,0.17113069358158484
Temporal,class_weight,24,5,0.1,0.5428012599065231,0.16206514012192552,0.05362731152204836,0.029613799981490028,0.2839285714285714,0.1380739412970678,0.5964285714285714,0.17113069358158484
Temporal,class_weight,24,10,0.001,0.5428012599065231,0.16206514012192552,0.05362731152204836,0.029613799981490028,0.2839285714285714,0.1380739412970678,0.5964285714285714,0.17113069358158484
Temporal,class_weight,24,10,0.01,0.5428012599065231,0.16206514012192552,0.05362731152204836,0.029613799981490028,0.2839285714285714,0.1380739412970678,0.5964285714285714,0.17113069358158484
Temporal,class_weight,24,10,0.05,0.5428012599065231,0.16206514012192552,0.05362731152204836,0.029613799981490028,0.2839285714285714,0.1380739412970678,0.5964285714285714,0.17113069358158484
Temporal,class_weight,24,10,0.1,0.5428012599065231,0.16206514012192552,0.05362731152204836,0.029613799981490028,0.2839285714285714,0.1380739412970678,0.5964285714285714,0.17113069358158484
Temporal,class_weight,24,20,0.001,0.5428012599065231,0.16206514012192552,0.05362731152204836,0.029613799981490028,0.2839285714285714,0.1380739412970678,0.5964285714285714,0.17113069358158484
Temporal,class_weight,24,20,0.01,0.5428012599065231,0.16206514012192552,0.05362731152204836,0.029613799981490028,0.2839285714285714,0.1380739412970678,0.5964285714285714,0.17113069358158484
Temporal,class_weight,24,20,0.05,0.5428012599065231,0.16206514012192552,0.05362731152204836,0.029613799981490028,0.2839285714285714,0.1380739412970678,0.5964285714285714,0.17113069358158484
Temporal,class_weight,24,20,0.1,0.5428012599065231,0.16206514012192552,0.05362731152204836,0.029613799981490028,0.2839285714285714,0.1380739412970678,0.5964285714285714,0.17113069358158484
Temporal,class_weight,24,50,0.001,0.5428012599065231,0.16206514012192552,0.05362731152204836,0.029613799981490028,0.2839285714285714,0.1380739412970678,0.5964285714285714,0.17113069358158484
Temporal,class_weight,24,50,0.01,0.5428012599065231,0.16206514012192552,0.05362731152204836,0.029613799981490028,0.2839285714285714,0.1380739412970678,0.5964285714285714,0.17113069358158484
Temporal,class_weight,24,50,0.05,0.5428012599065231,0.16206514012192552,0.05362731152204836,0.029613799981490028,0.2839285714285714,0.1380739412970678,0.5964285714285714,0.17113069358158484
Temporal,class_weight,24,50,0.1,0.5428012599065231,0.16206514012192552,0.05362731152204836,0.029613799981490028,0.2839285714285714,0.1380739412970678,0.5964285714285714,0.17113069358158484
Temporal,class_weight,36,5,0.001,0.6964920747815484,0.17127526417204,0.04815078236130868,0.02829626226022424,0.24345238095238092,0.14891543849826064,0.7446428571428572,0.14704790625742986
Temporal,class_weight,36,5,0.01,0.6964920747815484,0.17127526417204,0.04815078236130868,0.02829626226022424,0.24345238095238092,0.14891543849826064,0.7446428571428572,0.14704790625742986
Temporal,class_weight,36,5,0.05,0.6964920747815484,0.17127526417204,0.04815078236130868,0.02829626226022424,0.24345238095238092,0.14891543849826064,0.7446428571428572,0.14704790625742986
Temporal,class_weight,36,5,0.1,0.6964920747815484,0.17127526417204,0.04815078236130868,0.02829626226022424,0.24345238095238092,0.14891543849826064,0.7446428571428572,0.14704790625742986
Temporal,class_weight,36,10,0.001,0.6964920747815484,0.17127526417204,0.04815078236130868,0.02829626226022424,0.24345238095238092,0.14891543849826064,0.7446428571428572,0.14704790625742986
Temporal,class_weight,36,10,0.01,0.6964920747815484,0.17127526417204,0.04815078236130868,0.02829626226022424,0.24345238095238092,0.14891543849826064,0.7446428571428572,0.14704790625742986
Temporal,class_weight,36,10,0.05,0.6964920747815484,0.17127526417204,0.04815078236130868,0.02829626226022424,0.24345238095238092,0.14891543849826064,0.7446428571428572,0.14704790625742986
Temporal,class_weight,36,10,0.1,0.6964920747815484,0.17127526417204,0.04815078236130868,0.02829626226022424,0.24345238095238092,0.14891543849826064,0.7446428571428572,0.14704790625742986
Temporal,class_weight,36,20,0.001,0.6964920747815484,0.17127526417204,0.04815078236130868,0.02829626226022424,0.24345238095238092,0.14891543849826064,0.7446428571428572,0.14704790625742986
Temporal,class_weight,36,20,0.01,0.6964920747815484,0.17127526417204,0.04815078236130868,0.02829626226022424,0.24345238095238092,0.14891543849826064,0.7446428571428572,0.14704790625742986
Temporal,class_weight,36,20,0.05,0.6964920747815484,0.17127526417204,0.04815078236130868,0.02829626226022424,0.24345238095238092,0.14891543849826064,0.7446428571428572,0.14704790625742986
Temporal,class_weight,36,20,0.1,0.6964920747815484,0.17127526417204,0.04815078236130868,0.02829626226022424,0.24345238095238092,0.14891543849826064,0.7446428571428572,0.14704790625742986
Temporal,class_weight,36,50,0.001,0.6964920747815484,0.17127526417204,0.04815078236130868,0.02829626226022424,0.24345238095238092,0.14891543849826064,0.7446428571428572,0.14704790625742986
Temporal,class_weight,36,50,0.01,0.6964920747815484,0.17127526417204,0.04815078236130868,0.02829626226022424,0.24345238095238092,0.14891543849826064,0.7446428571428572,0.14704790625742986
Temporal,class_weight,36,50,0.05,0.6964920747815484,0.17127526417204,0.04815078236130868,0.02829626226022424,0.24345238095238092,0.14891543849826064,0.7446428571428572,0.14704790625742986
Temporal,class_weight,36,50,0.1,0.6964920747815484,0.17127526417204,0.04815078236130868,0.02829626226022424,0.24345238095238092,0.14891543849826064,0.7446428571428572,0.14704790625742986
