USFLUX,MEANGBT,MEANJZH,MEANPOT,SHRGT45,TOTUSJH,MEANGBH,MEANALP,MEANGAM,MEANGBZ,MEANJZD,TOTUSJZ,SAVNCPP,TOTPOT,MEANSHR,AREA_ACR,R_VALUE,ABSNJZH,HARPNUM,NOAA,Class,Peak Time
1.742542e+22,110.305,0.0269153,13063.93,52.876,2575.372,83.372,0.06064697,59.751,119.75,0.09912507,44819850000000.0,26280620000000.0,5.098315e+23,49.919,776.300354,4.728,790.906,377,11158,X2.2,2011.02.13_13:56_TAI
2.760337e+22,91.339,-0.00436145,10385.64,42.248,1804.829,52.444,-0.00871083,48.924,96.108,0.11228573,35811580000000.0,6303004000000.0,5.487936e+23,41.769,967.674744,4.254,173.529,401,11166,M2.0,2011.03.06_02:30_TAI
5.712703e+22,93.323,0.00775337,10983.51,34.062,4354.476,53.287,0.01605595,44.227,103.374,0.05254352,82943270000000.0,39328250000000.0,1.188865e+24,38.558,2116.946533,5.082,631.9,393,11164,M3.7,2011.03.06_08:12_TAI
2.31809e+22,114.006,0.00886903,4568.461,18.244,1608.422,52.416,0.02731529,37.849,115.458,0.12027697,33471830000000.0,18802040000000.0,2.251023e+23,30.918,1095.482422,4.303,329.059,637,11226,M2.5,2011.06.05_18:41_TAI
2.055033e+22,111.825,0.03330122,14011.66,46.641,2840.259,78.565,0.07212018,55.638,120.666,0.07327458,45647720000000.0,42342420000000.0,5.932266e+23,45.41,1273.533447,4.784,1061.609,750,11261,M6.0,2011.08.02_01:48_TAI
1.960747e+22,106.54,0.03188976,11877.49,45.542,2484.24,71.944,0.07886149,53.843,112.535,0.26985049,41613500000000.0,39625910000000.0,5.16451e+23,44.659,1256.206299,4.739,1044.103,750,11261,M9.3,2011.08.02_15:57_TAI
1.610171e+22,109.015,0.0083264,9216.73,39.491,1661.601,68.339,0.02405243,51.496,110.552,0.3638669,34132540000000.0,13168720000000.0,3.489689e+23,41.612,1297.287842,4.352,237.386,833,11283,X1.8,2011.09.06_10:38_TAI
5.84119e+22,106.148,-0.01024404,8590.774,34.821,4605.517,59.165,-0.02584729,46.778,109.184,0.18862098,97965570000000.0,24996880000000.0,1.066187e+24,38.945,3315.342773,4.793,957.306,1321,11402,M8.7,2012.01.21_15:59_TAI
5.802683e+22,71.71,-0.00731494,3844.322,10.757,2507.335,31.964,-0.0204142,29.869,76.673,0.0099841,48208110000000.0,26323850000000.0,4.328842e+23,22.601,1212.75708,4.643,620.204,1321,11402,X1.8,2012.01.26_06:37_TAI
3.513754e+22,55.37,-0.02306779,15935.68,43.962,2179.433,37.533,-0.03168762,48.911,74.715,0.15495391,28741380000000.0,33065060000000.0,8.330078e+23,43.77,1199.032715,4.556,907.925,1449,11429,X1.1,2012.03.03_16:09_TAI
4.770267e+22,84.271,-0.0265606,16026.35,41.305,4224.59,58.89,-0.03984113,49.304,101.535,0.03793158,64337900000000.0,52827950000000.0,1.232454e+24,43.868,1552.376343,4.95,1538.018,1449,11429,X5.4,2012.03.05_12:24_TAI
4.808829e+22,84.603,-0.02767894,15974.75,40.728,4221.199,58.667,-0.04135624,49.068,102.315,0.03858977,63646100000000.0,55842750000000.0,1.235148e+24,43.647,1559.189941,4.996,1611.412,1449,11430,X1.3,2012.03.05_13:14_TAI
5.652392e+22,90.408,-0.02921071,16107.17,52.89,5870.174,63.439,-0.05620049,55.409,102.833,-0.02573578,101285900000000.0,89938060000000.0,1.759626e+24,48.885,2318.640869,5.284,2402.785,1449,11429,M6.3,2012.03.07_15:53_TAI
5.022993e+22,97.247,-0.02623654,13906.97,48.328,4497.273,62.425,-0.05331531,52.542,104.717,-0.04317858,82866650000000.0,87078950000000.0,1.367376e+24,45.581,2350.527832,4.997,1942.396,1449,11429,M8.4,2012.03.09_05:44_TAI
5.484781e+22,94.399,-0.01513538,9579.588,29.963,3544.214,48.169,-0.03194812,41.794,98.917,-0.19338351,67953740000000.0,50607590000000.0,9.839539e+23,36.071,1891.246704,4.631,1170.57,1449,11429,M7.9,2012.03.12_05:41_TAI
4.567101e+22,86.257,-0.00806555,7368.469,20.736,2501.177,40.117,-0.01869225,36.767,90.221,-0.16944195,48309870000000.0,28848690000000.0,6.383572e+23,31.476,1351.406128,4.585,526.148,1638,11476,M5.1,2012.05.15_13:47_TAI
3.118089e+22,100.358,0.00500624,8603.95,36.713,2314.422,60.35,0.01065666,47.688,107.916,-0.02410121,46931600000000.0,4293262000000.0,5.227821e+23,40.483,1196.090942,4.693,229.04,1750,11504,M1.2,2012.06.12_01:17_TAI
5.068874e+22,109.536,-0.01301609,13827.4,41.249,5758.624,70.76,-0.02404683,50.274,121.899,-0.10846316,96457520000000.0,19258850000000.0,1.308484e+24,42.897,2172.993652,5.213,927.436,1807,11515,X1.1,2012.07.05_11:08_TAI
7.544582e+22,93.368,-0.01778376,13223.17,30.678,6867.61,56.613,-0.0287686,42.975,109.203,-0.1280316,102863900000000.0,54356370000000.0,1.625565e+24,36.639,2565.902832,5.042,1646.171,1807,11515,M6.9,2012.07.07_04:32_TAI
9.523126e+22,95.907,0.00876598,11822.08,43.82,7395.614,56.309,0.01926593,51.686,100.142,0.24195127,146662000000000.0,60869900000000.0,2.384571e+24,44.433,4697.911621,5.08,1331.369,1834,11520,X1.4,2012.07.11_04:49_TAI
1.184454e+23,83.783,0.0049753,8885.825,25.717,6953.045,41.718,0.01044633,39.739,90.084,-0.10073915,127553900000000.0,36773060000000.0,1.950727e+24,33.778,3506.539551,4.96,822.417,1834,11520,M1.8,2012.07.16_05:15_TAI
8.778855e+22,80.911,-0.00264053,5443.6,18.145,4363.23,37.847,-0.00680258,35.531,86.742,-0.05453749,83248180000000.0,12291180000000.0,9.355132e+23,29.307,2392.012939,4.43,341.682,1879,11532,M6.2,2012.07.27_08:56_TAI
1.614201e+22,125.575,-0.01949233,7208.939,31.562,2131.047,77.317,-0.0465189,48.456,132.804,0.34347311,37554690000000.0,14208150000000.0,2.386938e+23,37.916,856.428955,4.573,485.905,2220,11618,M3.5,2012.11.20_03:30_TAI
2.062153e+22,109.702,-0.01126122,6995.061,28.588,1736.791,57.668,-0.02762098,43.123,111.92,0.33303988,35152970000000.0,11822800000000.0,2.940207e+23,36.284,1051.927612,4.189,356.384,2635,11719,M6.5,2013.04.09_19:16_TAI
2.98697e+22,88.801,-0.00228152,3140.347,10.927,1314.458,34.367,-0.00763307,30.345,91.108,0.00693055,29631340000000.0,3568167000000.0,2.006813e+23,25.632,884.953186,3.201,109.782,2739,11745,M5.0,2013.05.21_01:32_TAI
2.894845e+22,78.764,0.01147966,6605.467,23.644,1567.897,39.907,0.0252307,38.285,84.152,-0.43077397,27642480000000.0,21337920000000.0,3.482712e+23,30.645,744.646606,4.426,455.742,2790,11762,M5.9,2013.06.06_10:49_TAI
2.324112e+22,111.953,-0.01255252,6851.818,32.065,2437.681,66.141,-0.03502146,46.524,116.745,0.22628939,49566700000000.0,19788810000000.0,3.466098e+23,38.527,1374.837891,4.653,478.126,3291,11875,M4.3,2013.10.21_09:20_TAI
3.457619e+22,92.281,0.01074641,11386.5,35.25,2318.53,49.131,0.02228912,45.878,95.729,0.02129743,45840500000000.0,20396590000000.0,7.745673e+23,39.73,1364.817627,4.482,550.442,3295,11877,M9.3,2013.10.22_12:30_TAI
4.486194e+22,96.802,-0.01121383,11166.92,34.083,3314.916,53.46,-0.02334485,45.513,103.208,0.14885218,64641990000000.0,31027060000000.0,9.801106e+23,39.042,1863.131836,4.763,741.1,3291,11875,X1.0,2013.10.26_14:03_TAI
4.587292e+22,97.546,-0.01318005,11763.08,34.487,3432.814,53.686,-0.02564875,44.966,105.717,0.14809518,64820380000000.0,37392120000000.0,1.002441e+24,39.028,1891.241089,4.793,845.751,3291,11875,M5.1,2013.10.26_16:41_TAI
6.351692e+22,70.268,-0.01238834,11252.67,30.596,3445.187,37.073,-0.0250524,42.41,81.444,0.04304122,60063870000000.0,52063810000000.0,1.309846e+24,35.852,2008.4552,4.531,1085.801,3291,11875,X2.3,2013.10.28_09:54_TAI
5.272518e+22,96.013,0.00903666,11194.5,42.383,4600.942,58.131,0.02126733,49.952,100.878,0.02437569,90434760000000.0,15884180000000.0,1.239846e+24,43.416,2401.651123,4.906,753.621,3341,11890,X1.1,2013.11.06_16:26_TAI
3.630907e+22,106.664,0.011741,11430.57,47.802,3498.427,69.71,0.02648725,55.203,108.423,0.15873364,68017260000000.0,16296180000000.0,8.918879e+23,46.207,2210.021729,4.546,689.784,3341,11890,X1.1,2013.11.08_17:14_TAI
4.90577e+22,97.35,0.00922291,8656.392,28.121,3583.474,51.974,0.01916019,41.132,105.886,-0.15371539,64966430000000.0,19341650000000.0,7.74927e+23,35.225,1565.986206,4.902,621.679,3364,11893,X1.0,2013.11.17_22:26_TAI
1.156361e+23,76.874,0.00838909,10369.88,29.736,7088.455,42.737,0.01644042,42.465,85.807,0.04573341,131710400000000.0,53814650000000.0,2.194802e+24,37.411,3593.579102,5.026,1336.936,3563,11943,M4.0,2014.01.03_07:46_TAI
6.050118e+22,78.786,0.00382445,5679.849,18.527,3120.286,37.467,0.00841624,35.129,84.941,-0.19737107,51644850000000.0,9916035000000.0,6.100851e+23,29.567,1808.149048,4.498,309.314,3535,11936,M1.9,2014.01.03_10:52_TAI
9.429233e+22,96.11,0.01568061,16786.85,46.886,8126.544,58.496,0.02675382,52.338,102.531,0.21409258,150734300000000.0,66287580000000.0,2.991879e+24,45.836,4496.771973,5.065,2104.322,3563,11944,X1.2,2014.01.06_06:32_TAI
5.376578e+21,101.674,-0.00391347,5140.341,14.521,314.437,49.074,-0.00765272,34.005,103.953,-0.55393755,4840367000000.0,1879737000000.0,4.555391e+22,26.504,133.737045,3.548,26.111,3587,11947,M3.6,2014.01.06_15:47_TAI
1.821418e+22,112.428,0.00617323,7096.705,30.057,1653.21,61.769,0.01607058,45.975,113.461,-0.02278656,34584780000000.0,6332598000000.0,2.790099e+23,37.068,976.960083,3.986,182.752,3721,11974,M1.7,2014.02.09_15:31_TAI
1.073104e+22,123.634,0.00441434,7443.374,31.094,1003.249,76.936,0.01117805,49.35,125.174,0.23570956,19957870000000.0,6423135000000.0,1.700836e+23,37.479,779.701538,4.047,75.949,3894,12017,X1.0,2014.03.28_05:48_TAI
2.829131e+22,96.696,0.00391252,11077.5,52.724,2635.087,64.566,0.00917479,57.194,100.723,0.3511894,56170020000000.0,8980707000000.0,7.098992e+23,48.49,1477.619873,4.556,188.787,3999,12036,M7.3,2014.04.17_01:03_TAI
6.737644e+22,82.154,0.00828886,5689.841,17.814,3960.89,38.204,0.0207865,34.789,92.879,-0.23853222,67064480000000.0,26985450000000.0,7.257734e+23,27.931,2027.421509,4.605,796.096,4000,12035,X1.3,2014.04.23_12:27_TAI
4.220366e+22,90.309,-0.00789286,7542.144,26.008,2869.853,48.254,-0.01757059,40.267,96.344,-0.13499998,50731280000000.0,16982090000000.0,5.991851e+23,33.926,1208.783813,4.428,472.151,4071,12051,M1.8,2014.05.04_21:03_TAI
4.122505e+22,84.764,-0.00454504,7528.114,23.521,2520.2,43.263,-0.00995288,37.675,92.816,-0.27947584,44104030000000.0,10631220000000.0,5.5788e+23,31.635,1155.432373,4.545,253.604,4071,12051,M1.0,2014.05.05_10:09_TAI
6.692475e+22,95.547,0.00533935,10818.14,37.972,4627.196,53.999,0.0107249,47.134,101.739,-0.11307433,93747270000000.0,23527390000000.0,1.381456e+24,40.547,3003.106445,4.844,513.39,4197,12085,M3.1,2014.06.11_10:16_TAI
1.392048e+23,97.513,-0.00322057,20737.07,51.029,12607.896,60.538,-0.0052296,53.686,111.281,0.12487602,222075000000000.0,12421840000000.0,5.261111e+24,47.839,6764.608398,5.502,615.232,4698,12192,M4.0,2014.10.22_19:48_TAI
4.930995e+22,76.102,0.01715722,6136.529,20.496,3563.71,42.179,0.04062641,36.847,86.574,-0.02441877,59844080000000.0,39770970000000.0,5.703893e+23,30.939,1271.967041,4.672,1200.782,4781,12205,M2.0,2014.11.05_16:25_TAI
4.894444e+22,88.309,0.02379431,6875.051,20.027,4202.876,47.295,0.05590031,36.975,98.35,0.01184574,67148410000000.0,53437770000000.0,6.330634e+23,31.218,1329.393311,4.809,1649.779,4781,12205,X1.6,2014.11.06_05:26_TAI
1.095266e+23,72.116,-0.00101832,8549.578,22.11,5407.631,33.186,-0.002329,36.221,80.26,-0.01853002,100017400000000.0,15936300000000.0,1.733505e+24,31.387,3206.274414,4.658,155.467,4817,12209,M3.7,2014.11.14_08:46_TAI
1.604168e+22,102.54,0.00957321,6587.156,24.183,1164.184,55.144,0.02022246,40.089,107.36,-0.01078876,21389520000000.0,6402938000000.0,1.907858e+23,33.466,506.648529,4.261,208.782,4941,12241,M1.1,2014.12.15_13:50_TAI
5.613046e+22,110.06,0.00897049,8343.594,29.907,4883.515,59.235,0.02451445,44.906,114.576,0.4560633,100538100000000.0,35890670000000.0,1.023465e+24,36.518,4382.071289,4.948,828.551,4920,12242,M8.7,2014.12.15_16:51_TAI
3.254522e+22,91.536,0.0139285,13163.45,51.864,2995.556,62.188,0.02972116,56.061,99.827,0.17399679,61404800000000.0,25312470000000.0,9.094475e+23,48.676,1355.388306,4.818,724.603,4941,12241,M6.9,2014.12.17_09:58_TAI
8.821024e+22,105.815,0.00866818,10043.46,33.186,7289.925,57.984,0.02191776,44.914,111.634,0.38633388,143738200000000.0,62227540000000.0,1.848961e+24,38.094,4729.348633,5.208,1201.6,4920,12242,X1.8,2014.12.18_12:28_TAI
2.816481e+22,80.763,0.01797048,17171.88,62.305,2269.556,57.75,0.0355242,60.658,87.191,0.15144141,46308480000000.0,38209610000000.0,1.025336e+24,52.943,1379.793823,4.556,807.971,4941,12241,M1.0,2014.12.20_00:17_TAI
2.829194e+22,91.394,-0.00115759,9351.127,33.876,2014.775,54.234,-0.0023224,45.375,98.696,-0.12458461,36489920000000.0,2473362000000.0,4.847518e+23,38.968,930.184448,4.439,45.184,5026,12257,M5.6,2015.01.11_16:24_TAI
1.606893e+22,109.991,0.00039584,10035.13,45.917,1740.325,74.81,0.00099088,55.11,112.457,0.09997111,35130110000000.0,2041868000000.0,3.622839e+23,44.982,881.773926,4.576,10.761,5144,12280,M2.4,2015.02.08_11:35_TAI
3.098457e+22,83.137,0.01755049,6472.347,22.392,1910.49,41.222,0.04202406,37.509,89.463,-0.19571799,35692830000000.0,36926470000000.0,3.817203e+23,31.479,862.508301,4.35,779.382,5298,12297,M5.8,2015.03.08_11:53_TAI
3.041272e+22,85.671,0.01784524,6607.173,23.171,1894.107,41.881,0.04203934,38.187,91.426,-0.08921897,35040430000000.0,35003020000000.0,3.817573e+23,32.379,887.661194,4.317,776.357,5298,12297,M5.1,2015.03.08_15:24_TAI
2.910127e+22,100.207,0.03458467,9441.82,31.098,2929.056,54.547,0.07901946,43.866,107.245,0.14932667,48275900000000.0,53820910000000.0,5.570896e+23,37.719,1161.824463,4.876,1536.493,5298,12297,X2.2,2015.03.10_04:22_TAI
3.198216e+22,103.601,0.0211311,9777.96,25.573,2864.839,51.784,0.04739438,39.905,109.545,0.22411808,46500290000000.0,28601690000000.0,6.063479e+23,34.146,1231.363037,4.812,986.695,5298,12297,M1.0,2015.03.16_11:34_TAI
4.453214e+22,73.63,-0.00641204,12903.62,37.718,2696.719,46.314,-0.01029721,46.497,86.219,-0.07748511,43941410000000.0,12850530000000.0,9.563753e+23,40.202,1545.511841,4.607,357.849,5692,12371,M3.0,2015.06.17_05:36_TAI
4.994036e+22,80.01,-0.00837439,17487.45,55.021,3716.653,55.031,-0.01423604,55.376,90.383,0.01685627,71459850000000.0,16421910000000.0,1.61944e+24,49.752,1846.559937,5.0,583.938,5692,12371,M2.0,2015.06.19_13:42_TAI
5.015658e+22,79.743,-0.00854644,17101.89,55.519,3725.598,54.52,-0.01491845,55.741,89.593,-0.02123933,72956730000000.0,17118870000000.0,1.624617e+24,49.932,1869.245972,4.953,611.335,5692,12371,M2.6,2015.06.19_14:36_TAI
4.428558e+22,79.505,-0.01704092,19624.54,62.149,3499.114,55.536,-0.02895888,60.194,88.345,-0.06177873,67275310000000.0,36948450000000.0,1.705514e+24,53.69,1865.553467,4.795,1115.123,5692,12371,M6.5,2015.06.21_06:23_TAI
4.040898e+22,87.528,-0.01056354,15297.54,54.967,3160.399,55.762,-0.02054786,56.714,94.066,-0.13614893,62858420000000.0,22791220000000.0,1.284548e+24,49.952,1745.056396,4.664,667.901,5692,12371,M7.9,2015.06.23_20:16_TAI
2.89449e+22,100.018,0.00217546,6199.981,16.761,2058.698,51.896,0.00472683,35.461,109.71,-0.13139457,36048240000000.0,6876608000000.0,3.115442e+23,29.655,933.717468,4.663,82.313,5885,12403,M1.4,2015.08.19_21:48_TAI
3.505552e+22,101.741,-0.00156415,6867.446,27.424,2710.381,57.289,-0.0037133,42.459,109.616,-0.12479847,53868290000000.0,3444353000000.0,4.676513e+23,35.788,1352.263672,4.802,80.2,5885,12403,M1.2,2015.08.20_18:49_TAI
4.237066e+21,134.977,0.00312283,2720.873,6.108,311.709,58.456,0.00756168,31.599,137.155,-0.24613492,5531892000000.0,813365100000.0,2.082425e+22,23.927,140.460495,3.481,17.997,5982,12423,M3.6,2015.09.26_15:55_TAI
2.301484e+22,101.315,0.00110009,9710.405,33.188,1876.13,62.917,0.00187641,44.851,110.686,-0.07004265,32813240000000.0,1839708000000.0,3.781578e+23,38.038,761.595947,4.809,32.259,6052,12445,M1.9,2015.11.02_15:26_TAI
3.806065e+22,102.055,0.00296957,10293.54,43.362,3187.343,62.705,0.00735739,52.916,105.047,0.21611357,65621000000000.0,16507020000000.0,8.707824e+23,44.109,2157.787109,4.638,189.15,6063,12443,M3.7,2015.11.03_01:52_TAI
2.95622e+22,103.551,0.00620431,5135.087,16.263,1606.46,43.999,0.0155208,34.064,106.385,-0.12031108,32020540000000.0,16328930000000.0,2.93237e+23,28.55,972.647644,4.053,266.773,6206,12473,M2.3,2015.12.31_12:11_TAI
4.785588e+22,88.114,-0.00887936,17243.73,48.779,3158.213,52.549,-0.01464546,52.861,94.875,0.17826177,65874180000000.0,29193190000000.0,1.567443e+24,47.172,2066.996826,4.753,607.73,6483,12529,M6.7,2016.04.16_12:29_TAI
4.55256e+22,79.772,-0.00536001,10909.0,40.757,2910.79,45.082,-0.01088246,48.756,85.828,-0.0288822,55423520000000.0,12531500000000.0,9.758435e+23,42.535,1530.712036,4.705,361.018,6670,12567,M7.6,2016.07.21_17:16_TAI
4.570643e+22,78.571,-0.00530352,10865.08,41.15,2924.399,44.457,-0.01085455,48.764,84.453,0.01226132,55568210000000.0,13141190000000.0,9.821168e+23,42.833,1544.248535,4.719,360.958,6670,12567,M5.5,2016.07.21_17:31_TAI
1.125057e+22,87.257,0.00395057,13417.63,51.399,678.484,52.963,0.00734075,53.907,89.31,0.35170281,14150870000000.0,3076343000000.0,2.96761e+23,45.852,466.37796,3.989,65.793,6972,12644,M4.4,2017.03.31_09:48_TAI
1.229449e+22,87.835,0.00234464,10574.15,46.233,708.026,50.903,0.00494012,50.469,90.337,0.3263469,16097640000000.0,3253966000000.0,2.667456e+23,43.472,451.231567,3.936,44.534,6972,12644,M5.3,2017.03.31_20:02_TAI
1.533396e+22,90.382,0.00148889,8038.554,37.855,917.654,47.85,0.00363615,46.85,94.118,0.11941198,20134500000000.0,1541675000000.0,2.62245e+23,39.946,503.427368,4.125,36.575,6972,12644,M2.1,2017.04.01_06:38_TAI
1.749252e+22,98.802,0.00608798,7534.002,35.434,1197.252,52.201,0.01426228,45.836,103.963,-0.12974378,25298720000000.0,8062131000000.0,2.709086e+23,38.791,571.571899,4.322,164.838,6972,12644,M1.2,2017.04.01_13:05_TAI
2.952685e+22,91.14,0.00774185,7190.226,31.397,2360.855,52.278,0.01776363,42.832,102.682,0.00043226,44621600000000.0,11380960000000.0,4.151688e+23,37.049,930.730347,4.555,336.593,6972,12644,M5.8,2017.04.02_02:29_TAI
2.711777e+22,86.609,-0.00926422,14924.78,55.709,1973.279,56.229,-0.01875974,58.671,88.766,0.18263529,42406470000000.0,7752053000000.0,9.049572e+23,50.65,1346.364746,3.869,422.949,7075,12665,M2.4,2017.07.12_14:09_TAI
5.029191e+21,95.372,-0.00524526,9320.304,55.571,432.379,65.274,-0.01384757,61.687,94.888,-0.06579634,10446200000000.0,3525868000000.0,1.22639e+23,49.65,228.408707,3.783,51.97,7115,12673,M1.5,2017.09.03_03:30_TAI
3.42646e+22,101.735,-0.04313459,20235.58,56.081,5280.184,75.76,-0.07036982,58.318,120.57,-0.05783701,74808950000000.0,58061870000000.0,1.308537e+24,50.438,1348.213257,5.156,2100.266,7115,12673,X9.3,2017.09.05_00:02_TAI
4.066698e+22,105.565,-0.06671126,21382.89,51.503,6593.411,75.517,-0.0998897,54.402,123.527,-0.20845592,83320160000000.0,91031540000000.0,1.530849e+24,47.529,1555.746338,5.208,3596.204,7115,12673,M7.3,2017.09.05_22:15_TAI
4.181662e+22,103.192,-0.06845314,21951.77,50.326,6618.145,73.144,-0.09946083,53.65,120.155,-0.22844732,81715490000000.0,91028820000000.0,1.580642e+24,47.051,1559.338379,5.152,3711.461,7115,12673,X1.3,2017.09.06_02:36_TAI
4.533103e+22,110.105,-0.03697439,21630.71,47.17,7357.481,76.954,-0.06190259,51.792,126.385,-0.31327546,100571700000000.0,78371730000000.0,1.764815e+24,45.785,1717.884888,5.305,2271.374,7115,12673,M3.9,2017.09.06_11:59_TAI
4.92655e+22,108.463,-0.05700319,19179.24,42.577,7444.161,73.292,-0.08348453,49.545,123.547,-0.23068549,93623960000000.0,93209600000000.0,1.599623e+24,43.165,1757.873413,5.294,3579.857,7115,12673,M1.2,2017.09.06_15:43_TAI
5.263238e+22,104.241,-0.05010771,19214.29,41.237,7474.539,69.445,-0.0738772,47.951,118.697,-0.02490371,96872350000000.0,83182480000000.0,1.693337e+24,41.954,1807.80603,5.236,3325.148,7115,12673,M8.1,2017.09.06_19:49_TAI
8.121292e+21,116.993,-0.00908344,4236.705,23.846,672.013,55.927,-0.02490482,41.945,122.449,-0.36893585,14154370000000.0,5072181000000.0,7.359505e+22,34.342,281.88501,3.926,118.811,7570,12816,M1.1,2021.04.18_11:42_TAI
1.88632e+22,88.806,-0.00155762,6426.026,24.624,951.757,37.104,-0.00458971,39.037,90.768,-0.14430729,22963880000000.0,2515242000000.0,2.759399e+23,34.184,602.063599,4.089,50.362,7590,12824,M1.4,2021.05.21_09:36_TAI
1.714441e+22,96.028,-0.00611931,6924.855,27.852,959.621,41.474,-0.01759275,41.054,98.456,-0.10537636,23613420000000.0,11259340000000.0,2.679865e+23,35.958,638.586365,3.933,178.317,7590,12824,M1.1,2021.05.21_23:08_TAI
1.687435e+22,110.736,0.0186025,7676.793,34.22,1399.417,60.616,0.04221513,46.995,114.703,0.08363889,28044950000000.0,23542850000000.0,2.629833e+23,39.211,661.021301,4.482,479.833,7716,12860,M4.7,2021.08.26_18:11_TAI
1.92647e+22,93.368,0.02099181,5673.563,19.076,1376.274,42.946,0.0567632,36.083,101.328,-0.24817376,26175200000000.0,28677880000000.0,2.199694e+23,30.794,519.924683,4.351,612.793,7745,12871,M2.8,2021.09.21_16:42_TAI
1.891905e+22,100.038,0.02307851,5848.583,18.42,1460.342,44.13,0.06021021,35.174,107.132,-0.29359016,26152040000000.0,29010440000000.0,2.161528e+23,30.391,583.38147,4.36,642.206,7745,12871,M1.8,2021.09.22_03:28_TAI
1.568897e+22,89.946,-0.00645697,15170.16,44.46,1060.611,48.395,-0.01183284,50.146,93.481,0.20846853,21353580000000.0,12532010000000.0,4.829552e+23,44.033,609.841675,4.313,154.774,7770,12882,M1.6,2021.10.07_18:38_TAI
2.90482e+22,108.273,0.01438402,7415.961,34.922,2613.045,60.424,0.03687375,46.748,113.084,-0.04861756,52073990000000.0,35529630000000.0,4.575225e+23,39.188,1378.851074,4.554,668.195,7798,12887,X1.0,2021.10.27_03:35_TAI
2.328916e+22,106.792,0.00453966,4509.516,19.858,1404.986,46.081,0.01385556,37.99,108.278,-0.05422259,30355490000000.0,9540169000000.0,2.301329e+23,31.777,921.390686,3.85,174.441,7798,12887,M1.5,2021.10.30_13:45_TAI
3.135815e+22,118.878,-0.0015266,6188.408,29.205,2615.623,68.877,-0.00409936,46.03,118.118,0.07263092,53459790000000.0,1860614000000.0,4.135538e+23,36.39,2005.446167,4.198,76.817,7871,12908,M1.8,2021.12.18_23:36_TAI
2.99287e+22,130.318,0.00221259,6439.904,28.201,2882.857,71.993,0.00539952,45.046,132.528,0.169788,56888670000000.0,7666852000000.0,3.946712e+23,35.918,2045.391602,4.473,102.102,7871,12908,M1.3,2021.12.20_19:06_TAI
1.011934e+22,92.486,-0.03208761,13071.11,50.203,887.068,63.068,-0.06067283,54.725,101.165,-0.00765107,16859510000000.0,20733490000000.0,2.563577e+23,46.622,376.882996,4.431,473.87,7934,12929,M1.5,2022.01.17_05:44_TAI
3.554001e+22,104.394,0.00354673,7280.806,27.993,2568.655,53.839,0.00854469,41.533,111.994,-0.03383767,53117050000000.0,17260750000000.0,5.069673e+23,35.728,1379.301025,4.8,185.952,7966,12936,M1.1,2022.01.28_11:32_TAI
2.313902e+22,72.66,0.00376718,5662.018,16.115,1075.237,35.017,0.0087482,34.415,74.738,-0.20783494,18976250000000.0,4833037000000.0,2.471705e+23,27.304,498.442108,3.953,123.827,7976,12939,M1.4,2022.02.10_20:44_TAI
1.118494e+22,95.222,-0.00933824,2723.78,10.356,621.583,37.582,-0.0284344,30.797,97.298,0.03340783,12062880000000.0,5105697000000.0,6.224648e+22,25.987,268.620422,3.118,160.692,8043,12958,M2.0,2022.03.01_05:39_TAI
1.428128e+22,113.222,-0.00160546,5924.703,22.793,1107.721,59.078,-0.00333083,40.729,118.141,-0.19553596,19935580000000.0,2008068000000.0,1.557209e+23,33.231,429.024445,4.279,31.772,8060,12964,M2.2,2022.03.10_10:32_TAI
1.918417e+22,90.366,0.0036369,1737.008,4.816,885.922,33.232,0.01304807,27.32,91.905,-0.15642326,19124060000000.0,6618583000000.0,7.156229e+22,22.103,449.783234,3.741,112.809,8086,12974,M1.4,2022.03.23_17:26_TAI
4.060443e+22,94.753,-0.00567266,9727.683,33.681,2563.614,48.202,-0.0129528,45.318,98.255,-0.10401648,55051910000000.0,24681940000000.0,8.126052e+23,39.166,1509.821289,4.58,356.799,8088,12975,M4.0,2022.03.26_23:29_TAI
4.39381e+22,100.239,0.01098679,12231.25,47.002,4392.501,65.08,0.02494997,54.177,106.822,0.01388926,85120330000000.0,24497610000000.0,1.167447e+24,45.838,2217.50708,4.944,789.621,8088,12975,X1.3,2022.03.29_05:37_TAI
5.171064e+22,96.195,0.0103757,12376.79,46.663,4660.991,58.827,0.02201089,52.557,102.133,-0.07224352,89095410000000.0,32443100000000.0,1.33974e+24,45.491,2415.52832,5.007,845.661,8088,12975,M9.6,2022.03.30_06:35_TAI
6.17877e+22,84.689,0.00929071,9722.275,32.428,4249.471,46.071,0.02006118,43.522,92.465,-0.12720844,79082700000000.0,51892650000000.0,1.174104e+24,37.666,2094.564697,4.809,844.813,8088,12976,M3.9,2022.04.01_01:55_TAI
1.109309e+23,76.629,-0.00259071,10447.4,35.665,6717.708,41.0,-0.00565396,44.958,82.441,-0.1254496,134390500000000.0,16350910000000.0,2.331337e+24,39.52,3329.828369,5.346,435.302,8155,12993,M9.6,2022.04.19_13:59_TAI
9.977034e+22,77.418,-0.0027034,5666.594,20.126,4691.77,34.137,-0.00757716,36.897,79.402,-0.20155112,96733840000000.0,17053070000000.0,1.195123e+24,30.708,2771.574951,4.639,429.3,8155,12996,M1.2,2022.04.27_19:30_TAI
7.760408e+22,67.652,-0.0006488,4929.578,19.556,3496.172,31.184,-0.00184592,36.499,71.454,-0.15684943,70884990000000.0,10350860000000.0,8.103633e+23,29.799,2140.000732,5.135,80.307,8155,12994,M4.8,2022.04.28_21:58_TAI
5.866157e+22,64.233,-0.0005401,4350.137,18.778,2390.63,28.905,-0.00182798,36.722,68.535,-0.1969004,53117660000000.0,10656890000000.0,5.862331e+23,29.176,1811.202881,4.923,54.801,8155,12994,X1.1,2022.04.29_01:47_TAI
4.851359e+22,72.387,-0.00029816,4429.719,15.192,2042.529,30.48,-0.00092253,34.266,75.163,-0.21783379,43220070000000.0,9203946000000.0,4.658109e+23,26.75,1254.408936,5.346,23.608,8155,12994,M1.9,2022.04.29_07:47_TAI
2.624737e+22,125.15,-0.00317629,3187.865,10.6,2065.617,56.589,-0.01110521,33.81,123.794,-0.43935674,42423190000000.0,10048280000000.0,1.806531e+23,28.006,1491.177612,3.889,135.532,8206,13006,X1.5,2022.05.09_01:55_TAI
3.621487e+21,142.994,-0.00288349,2511.623,2.269,279.933,66.979,-0.00910348,31.163,138.313,0.82269567,5713148000000.0,2347850000000.0,1.764171e+22,23.129,375.124847,0.0,15.251,8240,13016,M1.3,2022.05.24_06:24_TAI
3.044555e+22,83.199,-0.00664238,3762.868,13.714,1544.787,33.529,-0.02031846,32.55,85.268,-0.35872373,31119310000000.0,9356729000000.0,2.40428e+23,27.306,808.340942,4.527,319.572,8301,13032,M3.4,2022.06.11_16:07_TAI
4.74358e+22,81.528,-0.00455844,7110.982,25.765,2666.131,41.479,-0.0102973,41.238,86.339,-0.04149661,50856150000000.0,7431765000000.0,6.587644e+23,34.145,1358.890381,4.641,317.974,8390,13053,M2.5,2022.07.07_08:49_TAI
4.266568e+21,121.265,0.01252254,5664.12,27.63,331.805,60.922,0.03310942,43.698,121.689,0.37309587,7199532000000.0,3866371000000.0,5.077487e+22,35.799,197.981491,3.362,84.527,8507,13078,M1.0,2022.08.14_02:36_TAI
1.37937e+22,115.665,0.05625264,16130.7,46.128,1801.106,77.606,0.10615056,53.373,135.126,0.47206116,30938790000000.0,55175980000000.0,4.161064e+23,45.88,595.094727,4.822,1092.539,8507,13078,M2.0,2022.08.16_01:45_TAI
1.86931e+22,114.31,0.05829353,15658.19,44.911,2434.387,77.668,0.1097864,52.149,131.723,0.50607401,40630500000000.0,72605160000000.0,5.430346e+23,45.061,767.151184,4.909,1522.219,8507,13078,M1.3,2022.08.16_22:09_TAI
1.915492e+22,111.239,0.05890912,15134.99,45.532,2522.483,74.92,0.1149371,52.038,128.639,0.51652122,41798080000000.0,76984470000000.0,5.530498e+23,45.504,769.154724,4.934,1620.884,8507,13078,M1.5,2022.08.16_22:55_TAI
2.062624e+22,112.011,0.05016358,12300.54,38.176,2341.656,68.223,0.0957322,49.096,124.875,0.3704128,37659970000000.0,67455400000000.0,4.711207e+23,41.706,782.049316,4.841,1446.718,8507,13078,M1.6,2022.08.17_16:44_TAI
2.652884e+22,96.523,0.01464976,11088.88,39.322,2141.456,61.365,0.02789125,47.876,111.211,-0.0891065,41024920000000.0,31397960000000.0,5.395946e+23,41.784,925.171387,4.802,536.767,8528,13088,M4.8,2022.08.25_14:40_TAI
4.643671e+22,84.621,0.01189069,14285.55,39.426,3923.331,55.032,0.01932067,47.055,112.39,0.02549023,59745070000000.0,28625280000000.0,1.081357e+24,41.643,1507.200439,4.808,677.734,8528,13088,M6.7,2022.08.27_04:19_TAI
9.201058e+21,97.775,0.00517828,13403.5,47.065,737.861,64.933,0.01029407,56.389,99.367,0.13416323,14478900000000.0,1923142000000.0,2.589608e+23,44.685,628.744446,3.902,75.334,8625,13110,M5.8,2022.09.30_08:10_TAI
1.131454e+22,93.086,0.00864291,11558.21,48.63,981.547,59.79,0.02003833,56.845,98.306,0.36694333,19984440000000.0,3878147000000.0,3.075642e+23,46.385,664.716309,4.108,173.169,8625,13110,M8.7,2022.09.30_14:21_TAI
1.483089e+22,103.719,0.01037727,10249.95,45.725,1276.193,67.534,0.023085,54.955,105.963,0.08604119,26100980000000.0,6763832000000.0,3.287801e+23,44.491,745.882874,4.18,250.621,8625,13110,X1.0,2022.10.01_08:25_TAI
1.77462e+22,104.274,0.01106504,8939.792,43.739,1526.367,63.81,0.02722627,52.816,108.168,0.15312317,32710210000000.0,8669178000000.0,3.514836e+23,43.888,817.660522,4.35,327.581,8625,13110,M4.2,2022.10.01_22:11_TAI
2.221647e+22,108.657,0.01157971,7821.874,39.666,2010.429,64.675,0.02780739,50.602,113.987,-0.01475334,40752420000000.0,13890820000000.0,3.72766e+23,42.016,944.688782,4.516,415.515,8625,13110,M1.2,2022.10.02_08:28_TAI
2.989199e+22,95.547,0.01555733,7903.26,33.872,2461.442,54.178,0.03609146,45.869,103.48,-0.05380315,45555220000000.0,23112790000000.0,4.745082e+23,38.886,1093.404419,4.659,703.316,8625,13110,M1.6,2022.10.03_01:15_TAI
6.597233e+22,107.547,0.00023605,6375.929,28.635,5142.354,54.911,0.00069857,43.185,108.435,-0.0644466,108038800000000.0,3746054000000.0,9.383107e+23,36.601,3261.036621,4.635,26.156,8640,13112,M3.9,2022.10.09_20:42_TAI
6.545217e+22,112.665,0.00134325,6999.162,28.408,5363.99,58.256,0.00363921,43.104,113.669,-0.24018271,110143700000000.0,13166260000000.0,9.712737e+23,36.629,3217.905518,4.673,140.354,8640,13112,M1.5,2022.10.09_22:52_TAI
1.072291e+22,121.666,0.00688284,3383.276,18.672,819.989,54.02,0.0239689,36.745,122.183,0.1614158,18066600000000.0,6266185000000.0,8.030135e+22,31.705,658.4198,3.779,123.01,8818,13152,M1.0,2022.11.29_19:21_TAI
5.073186e+21,140.092,-0.0052246,5092.18,27.856,520.228,77.963,-0.0120556,46.9,141.499,0.3277401,9570757000000.0,1653103000000.0,5.161247e+22,35.807,256.265747,3.499,39.869,8882,13165,M2.4,2022.12.12_19:40_TAI
3.560331e+22,61.961,0.00028975,12744.29,33.213,1667.063,31.836,0.00055716,44.278,67.3,-0.05701946,26055240000000.0,3252567000000.0,8.42187e+23,36.136,1145.048584,4.473,14.417,8844,13153,M1.1,2022.12.12_20:31_TAI
6.203007e+21,145.892,-0.01027868,5055.367,20.574,584.886,85.038,-0.02234478,43.855,143.682,0.53550559,10813010000000.0,2386863000000.0,5.867145e+22,32.818,309.003754,3.394,89.825,8882,13165,M2.2,2022.12.13_05:12_TAI
6.700106e+21,158.115,-0.01226218,4589.104,15.523,572.013,83.888,-0.02298605,39.935,156.878,-0.14180891,9737327000000.0,3061877000000.0,5.178524e+22,29.359,324.226929,3.083,104.192,8882,13165,M4.5,2022.12.13_10:06_TAI
7.64963e+21,125.342,-0.00581825,4138.482,24.733,682.383,66.791,-0.01520984,44.381,126.8,0.23665676,13517770000000.0,1455347000000.0,6.633227e+22,35.072,310.77887,3.753,70.22,8882,13165,M1.0,2022.12.13_19:58_TAI
2.5635e+22,85.706,-0.00512487,11041.78,47.664,1739.582,50.314,-0.0105599,51.662,89.999,-0.01741191,35012210000000.0,3536408000000.0,5.784789e+23,45.112,907.199158,4.434,202.155,8918,13176,M1.4,2022.12.29_03:28_TAI
2.322554e+22,106.44,0.00184259,14180.66,43.944,1969.459,70.807,0.00373777,53.066,114.571,0.25395948,36702740000000.0,4388575000000.0,6.401743e+23,44.009,1510.719849,4.523,62.631,8942,13181,M2.1,2023.01.07_21:01_TAI
3.691185e+22,121.851,0.0057021,5424.083,25.529,3089.671,62.727,0.01597273,41.823,123.352,-0.23219121,64619590000000.0,17018100000000.0,4.194696e+23,34.777,2710.902344,4.421,332.033,8950,13182,M4.6,2023.01.13_09:00_TAI
1.207746e+22,99.144,0.0061186,2532.477,6.112,691.984,41.2,0.01632207,28.658,102.009,-0.25854176,12938850000000.0,4150881000000.0,5.767287e+22,22.216,248.936096,3.65,104.916,8971,13188,M6.0,2023.01.13_15:42_TAI
6.457506e+22,111.539,-0.00949676,5442.056,28.642,4855.807,56.284,-0.03074628,43.356,110.103,0.029177,107590400000000.0,39898090000000.0,8.108297e+23,36.379,3718.818604,4.455,1065.442,8978,13196,M1.0,2023.01.18_22:27_TAI
1.451228e+22,126.49,-0.01092776,5620.934,30.336,1430.305,70.058,-0.02965812,46.333,130.918,-0.01261691,29755180000000.0,6416076000000.0,1.77738e+23,38.058,694.435852,4.423,260.179,9058,13213,M1.6,2023.02.07_04:03_TAI
2.133874e+22,124.989,-0.00209306,5138.585,20.027,1507.921,58.439,-0.00541116,38.217,123.867,-0.18610398,31673990000000.0,3050224000000.0,2.171277e+23,31.523,1068.202637,4.079,66.595,9121,13229,M3.7,2023.02.23_08:30_TAI
2.04183e+22,110.919,-0.00063801,4102.801,16.544,1231.788,46.68,-0.00187491,35.207,110.816,-0.06756453,26922190000000.0,2184967000000.0,1.764017e+23,29.747,882.149048,3.876,20.655,9121,13229,M6.3,2023.02.24_07:44_TAI
3.999554e+22,101.786,-0.00630434,11827.9,42.87,3529.49,61.148,-0.01376102,50.702,110.61,0.03001038,69522880000000.0,16931430000000.0,9.662134e+23,43.457,1665.019653,4.936,387.767,9133,13234,M8.6,2023.02.27_05:50_TAI
5.297315e+22,91.458,-0.00621248,14027.14,38.473,4026.121,50.849,-0.01111423,47.097,100.496,-0.28708315,73192160000000.0,16045610000000.0,1.351901e+24,41.485,2026.256958,4.996,450.821,9133,13234,M3.8,2023.03.01_09:16_TAI
5.926093e+22,79.113,-0.00564085,11371.35,30.762,4027.629,42.813,-0.01135894,43.028,87.627,-0.05725629,70085860000000.0,14076720000000.0,1.279382e+24,37.073,1920.439819,4.686,477.853,9133,13234,M3.2,2023.03.01_22:32_TAI
5.993607e+22,80.527,-0.00935281,11801.47,31.921,4187.155,43.373,-0.01812948,42.86,89.781,-0.15322863,69080690000000.0,24562760000000.0,1.302776e+24,37.151,1927.810669,4.726,777.425,9133,13234,X2.0,2023.03.02_05:52_TAI
6.096668e+22,62.786,-0.00847803,10942.49,29.334,3519.318,35.635,-0.01833072,42.55,71.213,-0.10438852,58594800000000.0,28066030000000.0,1.290379e+24,35.304,1707.441895,4.47,752.756,9133,13234,M5.2,2023.03.03_03:57_TAI
1.175982e+22,112.631,0.01721935,5514.312,25.799,1000.409,56.788,0.04148856,43.351,119.167,0.30658007,19334840000000.0,9471420000000.0,1.315402e+23,35.77,351.299255,4.145,309.277,9152,13243,M5.8,2023.03.04_14:28_TAI
5.269267e+22,97.324,0.0106203,5593.704,18.903,3444.466,43.067,0.02748975,35.662,100.675,-0.1743869,63782550000000.0,32083200000000.0,5.815399e+23,30.554,1766.691162,4.56,831.378,9250,13256,M5.4,2023.03.28_19:37_TAI
2.99271e+22,125.589,0.00190842,3014.82,12.581,2305.519,57.9,0.00655583,35.552,122.999,0.42499098,49249820000000.0,10887190000000.0,1.93172e+23,28.121,2563.337158,4.08,92.073,9374,13283,M1.7,2023.04.20_06:12_TAI
3.507106e+22,87.67,0.0109828,7435.487,25.97,2441.438,44.602,0.02402923,40.908,93.409,-0.04467866,41662750000000.0,15622880000000.0,5.010303e+23,34.303,1044.041016,4.574,557.223,9470,13296,M3.9,2023.05.02_20:44_TAI
3.676967e+22,94.935,0.01843291,10333.89,35.071,3066.458,53.577,0.03587564,45.245,103.195,-0.13710007,54132250000000.0,34275120000000.0,7.044461e+23,38.964,1409.887451,4.708,946.161,9470,13296,M2.1,2023.05.03_20:01_TAI
2.351921e+22,117.031,0.00960013,8298.216,37.567,1921.173,70.123,0.02146066,49.606,117.169,0.02776395,39104590000000.0,14553580000000.0,3.940565e+23,40.257,1371.360718,4.242,343.262,9470,13296,M6.5,2023.05.07_15:54_TAI
2.468123e+22,106.903,0.00806683,7255.182,38.152,2107.772,61.909,0.02128627,49.77,108.653,0.18951546,46675860000000.0,15260020000000.0,4.048328e+23,41.308,1356.639282,4.387,338.928,9470,13296,M1.2,2023.05.07_18:13_TAI
2.562099e+22,106.532,0.01676079,7323.975,38.245,2276.067,63.017,0.04652764,49.383,108.442,0.07140948,47047180000000.0,28218570000000.0,4.205961e+23,41.092,1371.525391,4.512,724.77,9470,13296,M4.2,2023.05.08_06:58_TAI
2.681885e+22,107.195,0.01955648,7119.402,37.294,2517.042,60.954,0.05383967,48.851,111.35,0.15701367,52572900000000.0,39002300000000.0,4.298001e+23,40.813,1402.310547,4.572,888.998,9470,13296,M5.0,2023.05.08_08:52_TAI
3.054767e+22,100.845,0.02418035,7544.764,35.432,2863.146,56.81,0.06653922,46.251,107.638,0.08473978,58659820000000.0,56634880000000.0,5.093055e+23,39.591,1346.427246,4.729,1229.087,9470,13296,M2.2,2023.05.09_02:21_TAI
5.355937e+21,73.423,0.00028017,17469.03,65.832,304.124,52.073,0.00048531,61.912,71.482,0.10573587,6578858000000.0,475072700000.0,1.94529e+23,53.485,239.444504,2.762,2.349,9478,13294,M2.1,2023.05.09_21:01_TAI
6.021079e+21,82.665,0.00179674,14628.03,58.915,362.974,54.218,0.00341443,59.335,80.758,0.16820614,8127915000000.0,869787000000.0,1.872925e+23,50.495,253.541183,2.31,17.322,9478,13294,M1.8,2023.05.10_06:29_TAI
6.976827e+22,88.088,-0.00768222,6518.138,25.263,4806.9,45.029,-0.01871264,40.099,93.112,-0.03682366,87100610000000.0,18019550000000.0,9.128064e+23,33.926,2121.721924,4.981,810.074,9561,13314,M1.9,2023.05.21_01:37_TAI
4.18592e+22,104.269,-4.154e-05,14485.78,39.039,3102.672,58.127,-7.422e-05,48.592,106.612,0.01362613,64368350000000.0,448041400000.0,1.172811e+24,41.526,2423.514893,4.385,2.532,9559,13312,M1.1,2023.05.24_02:46_TAI
4.265721e+22,89.036,0.00348581,4864.201,15.015,2740.696,43.54,0.00878202,34.204,96.028,-0.04086882,50021550000000.0,10508580000000.0,3.960291e+23,28.696,1207.119507,4.588,213.701,9632,13327,M4.7,2023.06.05_23:46_TAI
2.099243e+22,65.043,-3.619e-05,7348.546,27.198,850.185,34.114,-8.733e-05,41.042,68.527,-0.13702391,16780980000000.0,2354311000000.0,3.093764e+23,33.449,455.699768,4.084,1.147,9643,13331,M2.5,2023.06.08_05:11_TAI
4.882185e+22,102.062,0.00318599,5413.443,24.429,3374.538,47.149,0.00940037,40.17,103.961,-0.21223532,70962520000000.0,9189421000000.0,5.734037e+23,34.814,1861.29126,4.557,254.102,9680,13336,M2.5,2023.06.17_01:53_TAI
2.916081e+22,102.245,0.00613584,2674.66,12.007,1955.077,42.225,0.02519123,33.387,102.709,-0.20051685,45152630000000.0,17872110000000.0,1.862278e+23,28.284,1435.482544,3.651,321.683,9679,13337,M1.1,2023.06.23_00:17_TAI
4.764504e+22,93.256,0.01860403,21503.19,48.611,4191.362,56.413,0.02472245,53.044,103.836,-0.23939563,71993950000000.0,48168660000000.0,1.821777e+24,46.603,2226.306396,5.08,1186.807,9781,13363,M2.9,2023.07.13_19:41_TAI
5.589621e+22,96.445,0.01166422,19152.12,43.056,4336.523,54.756,0.01659216,48.875,105.706,-0.32555777,78641620000000.0,39543830000000.0,1.824977e+24,43.212,2349.371582,4.994,836.896,9781,13363,M4.0,2023.07.15_05:46_TAI
1.218802e+22,107.241,0.00152424,2541.644,10.598,731.097,42.04,0.00475268,32.561,110.625,-0.18346179,14673740000000.0,3029144000000.0,6.459196e+22,26.305,352.852905,3.707,29.165,9822,13376,M1.3,2023.07.17_07:48_TAI
1.229404e+22,105.499,0.00115289,2539.367,10.157,721.292,41.353,0.00363979,32.431,108.879,-0.19047746,14521880000000.0,2369416000000.0,6.540755e+22,26.191,355.031036,3.791,22.36,9822,13376,M1.4,2023.07.17_08:05_TAI
2.60381e+22,100.048,0.00555511,12306.39,42.223,1853.375,55.884,0.0114031,51.56,101.431,0.30939516,38103810000000.0,7073079000000.0,6.899543e+23,42.329,1848.396729,4.27,234.503,9862,13386,M1.9,2023.08.02_16:24_TAI
5.25111e+22,88.177,0.01296981,9390.272,23.495,3363.406,43.575,0.02900262,38.878,92.294,0.00161387,59819570000000.0,44808860000000.0,9.255129e+23,31.918,1870.650513,4.598,962.554,9862,13386,M2.4,2023.08.05_16:41_TAI
2.614225e+22,66.839,0.00411189,20185.19,38.664,1921.843,45.732,0.00608214,45.741,81.448,-0.20701444,26263260000000.0,3454056000000.0,8.314407e+23,39.138,718.947021,4.205,127.534,9987,13415,M1.4,2023.08.23_13:09_TAI
3.086003e+22,78.42,0.01363132,9537.241,27.411,1951.823,43.906,0.02796084,41.177,91.291,0.23031332,36176610000000.0,26919270000000.0,5.393766e+23,34.535,968.348022,4.602,580.49,9981,13413,M3.3,2023.08.31_19:12_TAI
3.335258e+22,66.807,0.01235607,9303.966,27.107,1790.258,38.344,0.02515585,40.88,78.115,0.23651507,30825230000000.0,26188720000000.0,5.515876e+23,33.653,1215.695923,4.383,551.55,9981,13413,M1.1,2023.09.01_12:23_TAI
9.04647e+21,133.903,-0.00868937,4077.373,14.316,720.58,62.652,-0.0207365,36.669,134.465,-0.226053,13606490000000.0,3247421000000.0,6.940861e+22,28.87,400.587158,3.541,111.372,10078,13429,M1.4,2023.09.12_19:45_TAI
7.423618e+21,135.893,-0.00518747,4037.627,18.084,635.945,65.196,-0.01305607,39.499,136.604,0.36224979,12635760000000.0,2753102000000.0,5.965926e+22,30.875,410.579102,2.975,57.716,10078,13429,M2.5,2023.09.13_09:26_TAI
3.468403e+22,73.636,0.00933987,6530.378,17.898,1770.432,35.733,0.02183411,35.215,79.761,-0.06427648,33588710000000.0,20338550000000.0,4.277169e+23,29.41,830.393494,4.312,460.605,10115,13435,M4.0,2023.09.18_08:14_TAI
3.516235e+22,82.771,0.01289621,8066.637,23.969,2066.277,39.049,0.02965376,38.358,89.434,0.06540948,40393280000000.0,29619910000000.0,5.50587e+23,33.641,1038.731445,4.448,662.736,10115,13435,M8.2,2023.09.19_02:19_TAI
3.37767e+22,96.091,0.01702031,9189.722,32.747,2620.903,49.471,0.04039661,44.058,103.148,0.44653538,52650270000000.0,43749410000000.0,6.395328e+23,38.519,1281.42334,4.635,891.898,10115,13435,M8.7,2023.09.20_00:54_TAI
3.953402e+21,127.335,-0.00393594,5453.802,35.594,467.401,83.05,-0.01324811,51.236,127.834,-0.25839838,10787060000000.0,1028969000000.0,5.435066e+22,40.718,246.947861,3.911,29.535,10114,13443,M1.4,2023.09.21_04:23_TAI
2.267004e+22,108.744,0.02705188,12954.58,43.014,2108.029,65.415,0.05351374,50.719,116.937,0.65723473,38873290000000.0,35402740000000.0,5.60962e+23,43.352,1404.954102,4.632,881.999,10115,13435,M1.9,2023.09.21_11:00_TAI
1.450375e+22,124.773,0.01673678,5120.702,28.536,1447.597,69.724,0.04737961,46.804,126.842,0.37344813,29840670000000.0,19237000000000.0,1.664155e+23,36.18,1183.741089,4.258,409.516,10409,13499,M1.1,2023.11.22_21:33_TAI
2.268891e+22,116.761,-0.00909014,7240.286,33.763,2053.421,65.491,-0.02341491,47.721,120.515,0.26648992,42023280000000.0,9837424000000.0,3.573859e+23,38.444,1386.580566,4.422,337.853,10489,13514,M5.8,2023.12.12_19:44_TAI
4.15275e+22,107.33,-0.01114908,8907.091,37.287,3750.764,62.268,-0.02640889,48.267,114.883,0.09519275,74788530000000.0,32174350000000.0,7.767755e+23,40.814,1857.846436,4.972,732.115,10489,13514,M6.9,2023.12.13_19:34_TAI
1.406394e+22,123.203,0.00388309,5027.83,18.928,1041.38,58.199,0.00953949,37.308,123.153,-0.32202539,20505980000000.0,5957200000000.0,1.361343e+23,31.044,642.130066,3.984,79.165,10507,13519,M4.2,2023.12.19_17:38_TAI
1.705704e+22,99.998,0.00271463,9714.147,31.668,1131.436,46.452,0.00610689,43.019,103.948,-0.24095446,23203300000000.0,3455013000000.0,3.300545e+23,37.166,888.328247,4.305,69.448,10647,13561,M3.4,2024.01.21_09:21_TAI
4.273285e+22,103.181,-0.01372006,9343.25,41.341,3672.677,58.124,-0.02938322,49.604,110.783,-0.02976075,72527270000000.0,23389590000000.0,8.042409e+23,43.309,1632.781616,4.831,889.266,10678,13559,M5.1,2024.01.21_15:31_TAI
4.439501e+22,104.11,-0.01164973,10205.78,43.827,3736.86,59.622,-0.02366959,50.59,111.472,-0.09698023,72480880000000.0,20976220000000.0,8.930957e+23,43.97,1688.549805,4.789,767.624,10678,13559,M1.0,2024.01.22_01:08_TAI
1.970183e+22,84.043,0.00416402,6987.205,22.837,1046.414,36.162,0.01088319,37.298,87.859,-0.00966126,22472290000000.0,4956514000000.0,2.89626e+23,32.998,705.95459,4.371,129.967,10647,13561,M4.3,2024.01.22_04:40_TAI
2.131291e+22,85.713,0.00442964,6152.43,19.403,1040.734,34.104,0.0122863,36.133,89.209,-0.12349354,21455170000000.0,4158393000000.0,2.782286e+23,30.261,695.123535,4.599,150.834,10647,13561,M2.6,2024.01.22_13:40_TAI
4.755625e+22,83.908,-0.00685509,6168.572,23.565,2452.411,38.657,-0.0173848,38.995,87.33,-0.12708703,47503970000000.0,13450860000000.0,5.96756e+23,32.601,1478.170532,4.422,499.352,10678,13559,M1.2,2024.01.27_13:40_TAI
4.680115e+22,86.957,-0.0061975,6534.352,22.616,2446.326,41.175,-0.01458959,38.246,90.364,-0.25207549,46511860000000.0,11935810000000.0,5.893428e+23,32.061,1445.882202,4.432,420.885,10678,13559,M6.8,2024.01.27_16:38_TAI
2.564297e+22,98.501,0.04653068,17505.38,39.758,2881.871,63.963,0.06852109,48.357,117.393,-0.00131938,39117010000000.0,48883360000000.0,7.307517e+23,41.286,833.823364,4.905,1462.599,10769,13575,M2.2,2024.02.04_14:28_TAI
2.572281e+22,99.515,0.04752387,17526.0,39.137,2939.895,64.933,0.06937575,48.275,117.688,0.04448948,39814460000000.0,46279340000000.0,7.315658e+23,41.294,829.404907,4.884,1493.723,10769,13575,M4.2,2024.02.04_15:12_TAI
2.508003e+22,88.073,0.02850103,12029.71,31.734,2141.869,50.184,0.04969445,44.255,99.841,-0.07871658,31370350000000.0,32895490000000.0,5.222547e+23,38.161,683.595215,4.668,931.699,10769,13575,M5.1,2024.02.05_15:31_TAI
6.128996e+22,117.616,0.00738509,9401.465,34.142,5777.851,62.156,0.0180965,46.553,124.351,0.19725293,112369100000000.0,32466800000000.0,1.207591e+24,38.952,4062.044922,4.879,714.271,10779,13576,M9.0,2024.02.09_11:07_TAI
5.134148e+22,109.171,0.0097543,9180.509,41.33,4750.184,64.618,0.02616593,52.145,112.5,0.14708467,96042870000000.0,45713670000000.0,1.076198e+24,43.229,4235.897949,4.829,860.954,10779,13576,M6.5,2024.02.10_15:48_TAI
8.518206e+22,96.148,0.01090137,7847.68,20.514,6130.024,45.303,0.02636897,37.097,102.331,-0.08048675,113405600000000.0,46421940000000.0,1.305926e+24,32.585,3142.033936,4.795,1365.953,10779,13576,M1.8,2024.02.14_05:07_TAI
7.334214e+22,87.885,-0.00835636,15845.81,45.634,5381.106,51.003,-0.01456905,50.705,94.796,-0.00027114,101980500000000.0,30357020000000.0,2.221018e+24,45.235,2927.902344,5.04,881.922,10856,13590,M1.5,2024.02.27_06:54_TAI
2.764597e+22,115.734,0.00855151,5292.11,26.933,2875.864,65.099,0.02974841,45.621,118.079,0.19329414,61606960000000.0,13951200000000.0,3.547602e+23,35.491,2669.92627,4.319,431.655,10897,13599,M7.4,2024.03.09_00:13_TAI
3.744007e+21,101.351,0.00233039,2664.09,4.11,259.69,44.702,0.00602915,27.761,111.141,0.01575327,4516283000000.0,908400700000.0,1.876571e+22,19.93,61.154011,3.318,12.36,10965,13612,M2.7,2024.03.16_15:32_TAI
4.530919e+22,107.403,-0.00972492,4708.463,16.857,2866.37,40.577,-0.03300032,34.471,109.283,-0.11311089,62252390000000.0,18942640000000.0,4.776266e+23,30.417,2339.293945,4.246,742.809,10973,13614,X1.1,2024.03.21_13:33_TAI
9.528519e+22,96.899,0.00241119,10510.22,33.373,7768.748,55.93,0.00502964,44.677,107.008,0.0026086,141501400000000.0,16464600000000.0,1.886513e+24,38.655,3575.707031,5.319,325.877,10976,13615,X1.1,2024.03.27_08:56_TAI
8.743011e+22,99.948,0.00047269,3151.997,12.828,5157.025,42.518,0.00142642,33.23,101.513,-0.1445072,107542700000000.0,10312320000000.0,5.638239e+23,28.506,2992.199219,4.302,63.665,11079,13638,M2.2,2024.04.16_14:48_TAI
7.533693e+22,111.809,0.00147502,5708.179,27.703,6577.249,60.816,0.00452296,43.803,113.318,-0.02653039,138157400000000.0,9699788000000.0,9.541011e+23,37.085,4267.342773,5.014,185.643,11079,13647,M1.0,2024.04.18_01:06_TAI
6.716243e+22,115.036,0.001882,7807.752,37.804,6686.049,73.814,0.00527252,51.189,112.482,0.15651681,142396700000000.0,12840620000000.0,1.191942e+24,41.906,4875.196289,4.775,216.329,11079,13638,M2.2,2024.04.20_03:14_TAI
6.947365e+22,122.211,0.00181712,7769.149,35.896,6759.296,74.368,0.00465002,50.156,121.937,0.08301353,137615600000000.0,14360100000000.0,1.165207e+24,40.538,5210.545898,4.77,205.2,11079,13638,M3.4,2024.04.20_09:52_TAI
7.280219e+22,117.733,0.00271785,7422.396,32.987,6719.249,65.262,0.00731977,46.345,120.389,0.2285997,136512400000000.0,17188140000000.0,1.171409e+24,38.732,4936.381348,4.919,322.965,11079,13638,M1.5,2024.04.21_09:16_TAI
1.731835e+22,73.02,-9.468e-05,2891.924,9.207,776.737,35.65,-0.00024311,29.924,80.255,0.02496033,13731390000000.0,419451200000.0,9.293491e+22,23.414,263.027496,2.908,2.291,11117,13654,M3.6,2024.04.21_15:19_TAI
1.57489e+22,69.241,0.00028532,2705.208,8.547,707.262,33.388,0.00080573,30.299,74.846,-0.05684964,12714390000000.0,1614407000000.0,8.335276e+22,23.067,279.078735,3.094,6.619,11117,13654,M3.0,2024.04.21_20:21_TAI
8.503069e+22,113.925,0.00308293,6162.692,29.184,6912.385,62.775,0.00852963,44.181,114.502,0.1747819,148071800000000.0,27658680000000.0,1.110188e+24,36.963,4828.60498,4.861,418.184,11079,13638,M2.9,2024.04.22_05:44_TAI
1.415975e+23,84.607,0.00337301,4718.048,16.927,8312.238,40.327,0.00964004,35.04,89.233,-0.1044571,165574600000000.0,35406100000000.0,1.360432e+24,29.565,4254.648926,4.928,732.332,11079,13638,M1.3,2024.04.24_05:12_TAI
7.636704e+21,99.192,-0.00145847,4438.847,18.72,456.676,43.076,-0.00392725,36.001,99.788,-0.11911931,8974235000000.0,1126384000000.0,7.035076e+22,28.938,188.079117,3.79,17.405,11142,13663,M1.8,2024.04.30_10:31_TAI
1.660359e+22,112.489,-0.00434049,5341.7,33.286,1374.279,55.695,-0.01191612,46.212,116.566,0.21911089,30161810000000.0,3287708000000.0,1.993348e+23,38.67,581.19519,4.179,121.955,11142,13663,M4.4,2024.05.01_20:11_TAI
2.409798e+22,105.321,-0.02110986,8626.308,39.552,2590.904,62.854,-0.04844937,51.015,112.522,0.04133741,44225100000000.0,22235540000000.0,4.483467e+23,42.667,873.395447,4.672,826.092,11142,13663,M1.0,2024.05.02_11:16_TAI
2.424315e+22,104.656,-0.0220828,8703.484,39.933,2606.521,63.031,-0.05040253,51.053,112.23,0.06499211,44426600000000.0,23678460000000.0,4.54323e+23,42.793,879.860962,4.688,867.964,11142,13663,M2.4,2024.05.02_11:30_TAI
2.464926e+22,104.675,-0.02389545,8960.606,40.74,2660.902,63.326,-0.05402836,51.474,112.735,0.10275497,46056440000000.0,27988750000000.0,4.764675e+23,43.271,895.923462,4.783,956.75,11142,13663,M1.6,2024.05.02_12:36_TAI
2.735411e+22,115.109,-0.02557796,10594.65,40.992,3031.155,71.029,-0.05267692,51.436,122.456,0.13955548,52994980000000.0,33789040000000.0,5.825894e+23,43.245,1035.429688,4.795,1059.081,11142,13663,M9.1,2024.05.02_18:19_TAI
3.251874e+22,105.491,-0.03574347,12276.52,48.368,4196.9,69.064,-0.07543655,54.438,113.146,0.08245689,66319560000000.0,49516500000000.0,8.433936e+23,46.324,1252.521729,5.019,1848.974,11142,13663,M9.0,2024.05.03_11:48_TAI
3.326235e+22,106.082,-0.03783594,12506.6,47.285,4381.883,69.126,-0.07899418,54.261,114.877,0.04676281,67587070000000.0,57666290000000.0,8.691158e+23,46.198,1276.714844,5.029,1979.69,11142,13663,M8.4,2024.05.03_13:27_TAI
3.576703e+22,104.0,-0.04132949,13658.62,47.93,4933.86,71.159,-0.08442996,54.544,114.569,0.02762483,75122490000000.0,69256890000000.0,1.006874e+24,46.383,1362.100952,5.1,2293.994,11142,13663,M1.3,2024.05.03_20:19_TAI
4.41538e+22,101.619,-0.02661961,13990.3,47.852,5278.75,65.495,-0.05176447,52.92,114.297,-0.02275848,83287350000000.0,60221440000000.0,1.197817e+24,46.039,1767.028076,5.136,1716.14,11142,13663,X4.5,2024.05.04_18:35_TAI
4.323957e+22,105.197,0.01352812,12779.64,49.151,4592.038,70.198,0.02855337,55.508,112.736,0.08098169,82865400000000.0,39884240000000.0,1.137323e+24,46.549,2388.181396,4.958,906.506,11149,13664,X1.0,2024.05.06_17:09_TAI
5.557995e+22,110.659,0.01318014,15551.09,52.151,7211.317,77.737,0.02464263,57.008,122.879,0.01602436,120431200000000.0,43777970000000.0,1.707243e+24,48.342,2819.270752,5.337,1089.497,11149,13664,X1.0,2024.05.07_09:40_TAI
5.585608e+22,108.736,0.01322171,15495.29,52.793,7231.002,76.836,0.02507181,57.552,121.22,-0.01747743,119675300000000.0,50138520000000.0,1.729721e+24,48.706,2849.842529,5.388,1111.298,11149,13664,M9.8,2024.05.07_10:27_TAI
6.270703e+22,101.598,0.02619395,17650.31,55.694,8659.461,78.287,0.05232271,58.248,114.599,0.17363258,142420200000000.0,95175960000000.0,2.248802e+24,50.091,3169.153076,5.474,2512.943,11149,13664,X2.2,2024.05.07_21:13_TAI
7.047345e+22,103.163,0.02890978,19626.52,54.052,10091.587,78.151,0.05247999,57.028,116.992,0.07989562,152424700000000.0,87406430000000.0,2.641754e+24,49.157,3346.025146,5.495,2930.035,11149,13664,X1.1,2024.05.08_05:44_TAI
1.039764e+23,108.827,0.03077422,20744.29,47.365,14127.407,74.356,0.04738043,52.332,131.403,-0.00725053,199149300000000.0,125796600000000.0,3.643978e+24,45.842,4313.39502,5.725,4070.353,11149,13664,X5.8,2024.05.09_13:23_TAI
1.101063e+23,98.815,0.0292179,18834.36,43.737,14005.451,66.949,0.04656359,49.807,117.809,0.02535348,200780800000000.0,118131300000000.0,3.566085e+24,43.988,4259.713867,5.668,4165.479,11149,13664,M8.8,2024.05.10_03:25_TAI
1.281683e+23,81.89,0.01845419,17091.55,32.022,13150.991,54.338,0.02699427,42.777,100.143,-0.09475257,172723300000000.0,91858130000000.0,3.381099e+24,37.659,3622.622803,5.402,2748.844,11149,13664,M6.6,2024.05.11_21:44_TAI
1.264029e+23,76.77,0.01173072,17445.14,33.224,11201.718,48.941,0.01715569,43.508,97.92,-0.16415559,148513800000000.0,64224580000000.0,3.360577e+24,38.077,3628.405518,5.294,1701.459,11149,13664,X1.7,2024.05.12_14:09_TAI
3.538603e+22,66.387,0.00077049,2749.204,11.372,1348.156,26.62,0.00247079,30.165,68.461,-0.1266923,25713100000000.0,3762203000000.0,2.017908e+23,23.679,738.512573,5.222,42.584,11213,13682,M4.4,2024.05.13_05:38_TAI
6.717498e+22,71.533,-0.00091976,7917.762,26.34,3484.095,35.592,-0.00217563,40.779,75.896,-0.09636866,65923890000000.0,5304134000000.0,1.075415e+24,32.99,1785.001709,4.592,94.064,11237,13685,M1.9,2024.05.18_01:44_TAI
8.580071e+22,93.289,-0.00133608,4196.72,15.623,4742.114,40.647,-0.00393912,34.502,93.599,-0.02028519,97413970000000.0,1465175000000.0,7.470457e+23,28.219,2984.598877,4.306,179.08,11192,13679,M1.9,2024.05.20_07:31_TAI
8.905375e+22,94.958,-0.00272369,4259.074,15.029,5095.474,41.786,-0.00771776,34.207,96.034,-0.2854909,103251100000000.0,20954620000000.0,7.70787e+23,27.901,2794.620361,4.462,371.163,11192,13679,M1.5,2024.05.20_15:13_TAI
7.226671e+22,114.462,0.00491435,7082.232,23.117,6704.097,54.055,0.01319363,38.889,118.88,-0.19832541,122646600000000.0,11772780000000.0,1.031682e+24,33.649,3670.32251,4.937,539.04,11297,13697,M7.3,2024.06.01_07:39_TAI
5.329224e+22,106.082,0.0039639,3205.414,15.621,3453.251,45.953,0.01385839,35.644,106.91,-0.20375234,76854870000000.0,24852490000000.0,3.80672e+23,30.522,2529.405273,4.249,354.46,11275,13695,M4.8,2024.06.02_02:11_TAI
7.302775e+22,111.041,-0.00917785,4363.485,16.543,5084.904,47.573,-0.02883984,34.757,114.049,-0.08858647,103958700000000.0,43737060000000.0,6.69549e+23,30.134,3162.931152,4.85,1060.391,11297,13697,M3.3,2024.06.06_12:51_TAI
7.372601e+22,110.169,-0.00900302,4274.615,15.836,5001.157,46.878,-0.02844339,34.467,113.407,-0.0904882,102339300000000.0,42870750000000.0,6.62662e+23,29.797,3103.352051,4.759,1050.905,11297,13697,M9.7,2024.06.06_13:49_TAI
1.235091e+22,99.918,0.01240079,9813.396,50.226,1145.955,64.676,0.02776466,54.691,106.245,0.33857754,22659080000000.0,13182810000000.0,2.537974e+23,45.881,570.454651,4.236,241.481,11317,13703,M1.0,2024.06.07_09:02_TAI
4.963336e+22,97.788,0.00147122,2243.883,8.47,2506.245,37.253,0.00532937,29.119,97.383,-0.10362579,55543480000000.0,8359124000000.0,2.413602e+23,23.428,1788.70874,4.034,119.157,11329,13711,M1.3,2024.06.16_08:35_TAI
4.276298e+22,87.823,0.00015588,1845.35,5.889,1925.995,31.744,0.00057081,27.128,88.411,-0.1564496,40740400000000.0,5893413000000.0,1.701085e+23,22.067,958.748413,4.78,10.819,11329,13711,M1.1,2024.06.17_18:38_TAI
3.679463e+22,81.175,-0.00681305,8829.232,33.453,2379.538,44.683,-0.0150016,44.545,89.213,0.00372519,45322070000000.0,10406460000000.0,6.290323e+23,38.973,1190.03064,4.615,365.486,11385,13716,M2.4,2024.06.21_18:30_TAI
5.64638e+22,115.03,0.00090357,5757.09,22.269,4307.414,60.056,0.00255903,40.568,113.901,0.05232119,90566830000000.0,11527950000000.0,6.820093e+23,32.965,4169.147461,4.16,80.598,11430,13730,M2.1,2024.06.29_23:02_TAI
1.682645e+22,128.879,-0.0018211,6977.172,36.334,1988.308,80.321,-0.00467775,52.403,127.545,0.49522036,38994120000000.0,7646726000000.0,2.63284e+23,40.34,1170.813354,4.202,51.745,11455,13729,M1.5,2024.07.01_19:41_TAI
7.12629e+22,92.012,0.00152297,2856.144,9.66,3855.38,36.434,0.00566878,31.351,93.118,-0.02953632,84057060000000.0,20669660000000.0,4.595059e+23,26.044,2516.845215,4.457,184.493,11430,13723,M1.0,2024.07.03_02:25_TAI
7.082868e+22,98.134,0.00221378,2916.411,9.289,4005.568,38.489,0.00740382,30.47,98.724,-0.13979477,82978160000000.0,20164570000000.0,4.40142e+23,24.672,2428.974365,4.461,251.565,11430,13730,M1.4,2024.07.03_08:05_TAI
7.721094e+22,99.141,-0.00428416,12830.17,34.432,7024.632,56.302,-0.00807318,45.048,107.257,-0.01696013,118907000000000.0,9156019000000.0,1.831323e+24,38.792,2956.397949,5.101,460.44,11487,13738,M2.7,2024.07.13_21:37_TAI
4.254251e+21,122.822,-0.00125842,1788.4,16.197,431.185,57.667,-0.00576564,39.244,126.175,1.30981398,9778768000000.0,5754241000000.0,1.92096e+22,27.82,785.711548,2.44,10.178,11520,13753,M3.6,2024.07.14_19:37_TAI
8.293288e+22,86.923,-0.00387975,12028.89,27.385,7161.024,48.963,-0.00816741,40.981,98.942,-0.05685985,113983100000000.0,3617299000000.0,1.87007e+24,35.184,2657.356201,4.89,454.16,11487,13738,X1.9,2024.07.15_01:26_TAI
1.455986e+22,116.039,-0.01800107,5105.187,28.77,1341.41,56.805,-0.06050562,43.788,118.62,0.15763175,28724270000000.0,22661760000000.0,1.776609e+23,36.133,1180.400269,4.164,471.682,11526,13744,M1.9,2024.07.15_10:06_TAI
5.941425e+22,128.937,0.00278652,4528.566,19.289,4871.873,63.756,0.00827431,38.973,127.812,-0.02412037,102037400000000.0,10503910000000.0,5.620692e+23,31.318,4558.600586,4.069,260.417,11513,13743,M5.0,2024.07.15_18:39_TAI
1.852678e+22,116.403,-0.0012061,2661.421,10.092,1195.444,47.726,-0.00398855,32.294,117.208,-0.04136732,25344180000000.0,1378555000000.0,1.042956e+23,26.285,869.317871,3.739,35.588,11526,13744,M1.4,2024.07.19_15:55_TAI
1.39104e+22,101.53,-0.00689039,2446.57,8.764,771.046,36.929,-0.02515399,30.048,101.356,0.0526914,16862030000000.0,3780514000000.0,7.470129e+22,25.071,482.543365,2.42,158.417,11558,13757,M1.0,2024.07.20_04:31_TAI
5.186325e+22,105.484,0.00552499,8110.031,32.629,4380.124,58.581,0.01354179,45.902,108.67,0.06860756,86425680000000.0,37398900000000.0,8.741431e+23,38.836,2337.241455,4.761,448.408,11547,13751,M3.6,2024.07.22_19:42_TAI
5.526696e+22,104.902,0.00246628,7683.958,27.825,4211.434,54.453,0.00602755,42.393,107.798,-0.02635068,83566890000000.0,24203660000000.0,8.559039e+23,36.361,2253.035889,4.779,206.854,11547,13751,M3.0,2024.07.23_05:21_TAI
6.491049e+22,85.427,0.00049224,5164.713,17.585,3825.426,38.373,0.00138362,35.223,88.912,-0.03925903,74575960000000.0,3530315000000.0,6.992033e+23,29.514,1809.977173,4.522,50.175,11547,13751,M1.3,2024.07.24_03:37_TAI
2.48229e+22,125.916,0.02886612,7399.371,35.712,3011.315,79.419,0.07527147,50.532,127.593,0.19226903,55379060000000.0,45115060000000.0,3.995141e+23,40.262,1775.728149,4.731,1173.581,11573,13762,M3.1,2024.07.25_17:46_TAI
6.716954e+22,93.602,0.00024181,6055.364,21.925,3873.864,43.438,0.00061308,38.272,94.954,0.08493721,78497380000000.0,5308714000000.0,8.291893e+23,31.968,2124.127197,4.456,24.933,11587,13767,M2.0,2024.07.25_22:40_TAI
6.497826e+22,101.628,0.00152401,7741.195,30.311,4611.272,51.7,0.00360849,43.793,104.396,-0.02783668,90662960000000.0,12199540000000.0,1.022719e+24,36.804,2674.89917,4.571,151.604,11587,13766,M7.8,2024.07.26_13:51_TAI
6.510188e+22,101.629,0.00190392,7784.014,30.005,4631.585,51.708,0.00446953,43.711,104.236,0.0047544,89784720000000.0,10347170000000.0,1.024903e+24,36.681,2678.317383,4.573,188.758,11587,13766,M9.9,2024.07.26_13:57_TAI
2.859152e+22,119.41,0.02247924,8222.103,35.577,3396.711,77.541,0.05629622,49.769,123.092,-0.00125319,65331920000000.0,45571040000000.0,5.032277e+23,40.127,1767.951172,4.821,1035.978,11573,13762,M7.7,2024.07.26_22:42_TAI
4.598918e+22,105.474,0.0138027,9979.185,37.963,4920.621,63.765,0.03223791,48.413,114.213,0.03215245,89117670000000.0,51659160000000.0,9.642075e+23,41.298,2053.628662,4.956,1004.188,11573,13762,M8.7,2024.07.28_00:55_TAI
6.139149e+22,99.837,0.01647784,7661.079,26.879,5145.112,53.814,0.03668082,41.437,107.288,-0.03551321,88450230000000.0,65311000000000.0,8.990786e+23,34.735,1947.148071,4.975,1456.048,11573,13768,M7.7,2024.07.29_18:46_TAI
7.160782e+22,86.536,0.0120665,7570.718,24.787,5425.015,46.775,0.02847933,40.092,97.252,-0.14905261,91230610000000.0,53728370000000.0,1.063599e+24,32.821,1902.855835,4.99,1276.431,11573,13773,M6.3,2024.07.30_13:50_TAI
7.634263e+22,77.295,0.0108341,7074.423,23.898,5224.811,43.017,0.02562095,39.24,89.725,-0.08148415,88875760000000.0,64979540000000.0,1.04459e+24,31.759,1844.130737,4.822,1204.535,11573,13768,M4.1,2024.07.30_23:37_TAI
5.414968e+22,108.12,0.00399324,8577.344,40.622,4907.865,66.97,0.01085366,51.969,108.003,0.08193914,106348000000000.0,22378770000000.0,1.055659e+24,42.997,3513.941895,4.61,370.053,11644,13774,M4.5,2024.08.06_01:50_TAI
6.002831e+22,104.325,0.00364773,8873.082,45.688,5427.784,63.925,0.00992176,54.694,108.634,0.25332776,117081800000000.0,14780000000000.0,1.271183e+24,45.914,4026.289795,4.956,393.484,11644,13777,M1.3,2024.08.06_16:41_TAI
7.438566e+22,111.858,0.00588502,8198.546,40.561,6745.306,65.983,0.01544744,50.856,114.36,0.06809626,140486300000000.0,35983500000000.0,1.35739e+24,42.706,4351.193359,4.994,733.668,11644,13774,M4.5,2024.08.08_09:23_TAI
1.024282e+23,111.973,0.01152091,11715.28,34.967,7865.683,57.824,0.02317971,45.632,116.941,-0.20277928,156872200000000.0,71653760000000.0,2.263375e+24,39.143,5446.941895,5.037,1675.936,11662,13780,M5.3,2024.08.08_14:37_TAI
3.840805e+22,104.377,-0.02761281,22617.28,45.414,4778.332,65.365,-0.03937023,51.23,117.047,0.12709107,69996730000000.0,73925310000000.0,1.529352e+24,44.886,1709.134399,5.083,1405.934,11689,13784,X1.1,2024.08.12_18:40_TAI
1.469104e+23,75.467,0.00573488,4741.354,14.405,7633.947,34.242,0.01673913,33.371,79.712,-0.09139106,149131400000000.0,59378500000000.0,1.427223e+24,27.039,3969.346191,4.565,1299.828,11662,13780,M1.3,2024.08.15_01:24_TAI
3.767592e+22,101.71,-0.03819619,26159.37,48.089,4821.025,69.668,-0.04952819,52.882,109.266,0.01462735,67031980000000.0,70062170000000.0,1.708484e+24,45.585,1861.192993,4.883,1878.374,11689,13784,M1.6,2024.08.15_22:33_TAI
1.409919e+23,95.017,0.01063644,6228.013,23.348,10073.718,46.11,0.02999969,39.291,97.296,-0.22199172,198528200000000.0,76138340000000.0,1.851952e+24,32.411,5885.47168,5.23,2380.243,11786,13807,M2.9,2024.09.01_01:43_TAI
1.917395e+23,105.589,0.00040647,4355.55,17.034,12498.869,45.849,0.00120233,35.578,107.46,0.00080679,255181100000000.0,28324050000000.0,1.751852e+24,29.279,8201.582031,5.403,123.08,11786,13806,M1.0,2024.09.07_15:32_TAI
2.52927e+22,105.427,-0.00790111,10327.71,34.769,2125.628,51.755,-0.01888402,45.378,107.872,0.00927102,40814370000000.0,8774276000000.0,5.568419e+23,39.021,1369.187012,4.447,320.769,11839,13814,M1.2,2024.09.08_12:28_TAI
2.194541e+22,109.225,-0.0164335,12977.72,42.598,1984.616,60.813,-0.0338225,51.282,110.816,0.33132708,38999020000000.0,22963770000000.0,5.874719e+23,43.023,1511.152954,4.419,560.152,11839,13814,M1.0,2024.09.09_11:50_TAI
1.279138e+23,102.795,-0.0068605,4261.907,14.897,8186.683,43.937,-0.0207009,34.511,103.277,0.03104719,166105100000000.0,37868740000000.0,1.142602e+24,27.698,5417.28418,5.385,1384.696,11786,13811,M1.6,2024.09.10_05:26_TAI
1.185682e+23,102.976,-0.0090314,4553.526,16.051,7530.487,43.363,-0.02648419,35.022,105.337,-0.11285375,149241700000000.0,56429570000000.0,1.131628e+24,28.628,5182.72168,5.341,1689.928,11786,13811,M5.0,2024.09.10_12:12_TAI
2.280916e+23,97.417,0.00934659,7532.5,25.35,16815.066,48.065,0.02257348,40.464,103.164,-0.1045294,312031200000000.0,132716100000000.0,3.420155e+24,33.938,10031.192383,5.52,3194.533,11786,13811,M1.2,2024.09.03_08:00_TAI
1.381265e+23,114.416,0.00672471,4257.194,17.31,9665.143,49.046,0.019339,35.776,117.294,0.13590509,191307700000000.0,57591610000000.0,1.208137e+24,29.691,7197.396973,4.916,1436.95,11930,13842,M7.6,2024.09.29_11:59_TAI
1.333309e+23,119.032,0.00420621,4198.457,18.877,9666.61,51.567,0.01241198,36.999,120.892,0.1205866,198774900000000.0,33917160000000.0,1.177807e+24,30.469,7398.739258,4.897,888.494,11930,13842,X7.1,2024.09.30_10:20_TAI
1.408698e+23,115.276,0.00180407,4433.397,18.92,10475.409,51.854,0.00524874,37.313,117.302,-0.04527639,210268700000000.0,21365890000000.0,1.305137e+24,30.643,7495.905273,5.012,399.898,11930,13842,M3.6,2024.09.30_17:38_TAI
1.41697e+23,109.76,0.00200241,4807.69,20.024,10675.452,52.522,0.00596895,38.094,111.052,0.00825693,217602100000000.0,24448600000000.0,1.442064e+24,31.665,7372.630859,5.077,452.241,11930,13842,M3.2,2024.10.01_01:38_TAI
1.536037e+23,104.529,0.00320855,5660.81,21.735,12011.265,51.537,0.0094554,38.802,106.711,-0.04115896,239803200000000.0,53003990000000.0,1.854966e+24,32.276,7427.529785,5.214,791.666,11930,13842,X9.0,2024.10.02_00:18_TAI
1.531165e+23,108.735,0.00139677,6265.462,24.722,12030.709,51.948,0.00388512,40.148,112.368,-0.11629875,234012200000000.0,24954280000000.0,2.028439e+24,33.501,7449.512207,5.254,340.496,11930,13843,M6.7,2024.10.02_08:28_TAI
3.545471e+22,94.075,-0.01351914,24454.44,54.624,2812.233,58.387,-0.02049137,56.071,100.432,0.0905778,54357290000000.0,9617195000000.0,1.596484e+24,49.598,2014.03418,4.408,664.547,12001,13848,X1.8,2024.10.07_13:56_TAI
4.552565e+22,95.075,0.00110302,9777.226,35.207,3367.706,50.488,0.00234544,45.347,99.881,0.03290872,64471160000000.0,5351822000000.0,8.664485e+23,38.763,1644.828613,4.751,73.6,12032,13854,M2.1,2024.10.10_04:33_TAI
5.46718e+22,78.961,-0.01181587,14854.5,33.968,3701.732,42.252,-0.02074102,44.623,86.253,-0.14832336,63393420000000.0,23983360000000.0,1.51197e+24,39.532,1812.550537,4.645,905.58,12001,13848,M3.4,2024.10.12_12:17_TAI
5.643549e+22,67.962,-0.01181632,13524.43,30.618,3297.428,36.968,-0.02220341,42.15,72.855,-0.10941215,56617580000000.0,25092520000000.0,1.414648e+24,37.583,1747.871826,4.473,930.642,12001,13848,M1.8,2024.10.13_01:37_TAI
6.184672e+22,81.579,0.00452761,5190.615,19.652,3345.61,37.46,0.01267988,36.559,85.519,-0.05895775,66602360000000.0,15752400000000.0,6.695253e+23,30.77,1513.134521,4.504,439.717,12032,13854,M6.5,2024.10.17_18:56_TAI
8.21419e+22,90.475,0.0080468,4972.498,19.153,4754.832,38.464,0.0223618,35.811,93.039,-0.35954905,93612720000000.0,37264000000000.0,8.333007e+23,29.613,3234.433838,5.37,1015.386,12094,13869,X3.3,2024.10.22_15:57_TAI
1.807529e+23,79.911,-0.00115587,6899.107,26.442,10233.565,39.806,-0.00291262,40.577,85.119,-0.1763425,194146500000000.0,25087850000000.0,2.506792e+24,33.756,7012.429199,5.15,316.232,12094,13873,M9.5,2024.10.24_18:23_TAI
1.802011e+23,82.173,-0.00148123,6979.082,26.373,10489.598,40.246,-0.00370204,40.556,88.004,-0.18454915,199570500000000.0,26125210000000.0,2.523347e+24,33.583,7002.410645,5.196,403.254,12094,13873,X1.8,2024.10.24_19:19_TAI
6.912188e+22,80.077,-0.01876274,17261.34,30.575,4601.143,42.123,-0.02744869,40.732,86.39,-0.31600714,61794820000000.0,34736600000000.0,1.819051e+24,35.264,2657.087402,4.791,1488.823,12160,13878,X2.0,2024.10.30_09:20_TAI
3.024176e+22,108.817,-0.00117443,5165.398,9.952,2019.22,48.255,-0.00208107,29.726,119.799,-0.05612927,29746300000000.0,998943700000.0,2.358151e+23,24.795,1453.198486,5.203,40.37,12174,13883,M1.1,2024.11.03_02:28_TAI
3.426638e+22,103.664,-0.00230271,5966.199,12.731,2272.604,48.094,-0.00396228,31.66,115.224,-0.10218591,32295120000000.0,2038683000000.0,3.058979e+23,26.067,1593.537231,5.32,88.728,12174,13883,M3.7,2024.11.03_03:33_TAI
3.426638e+22,103.664,-0.00230271,5966.199,12.731,2272.604,48.094,-0.00396228,31.66,115.224,-0.10218591,32295120000000.0,2038683000000.0,3.058979e+23,26.067,1593.537231,5.32,88.728,12174,13883,M5.5,2024.11.03_03:41_TAI
5.800622e+22,89.079,0.01356126,9115.397,21.973,3621.261,44.637,0.02304595,35.83,97.89,-0.38365608,56682530000000.0,40286200000000.0,8.145528e+23,30.436,2143.922363,4.818,912.469,12216,13889,M9.4,2024.11.09_00:06_TAI
4.110469e+21,109.635,-0.01535455,11999.13,28.936,297.187,54.981,-0.01910529,41.501,117.234,-0.91564989,3665092000000.0,1985509000000.0,6.680107e+22,34.218,143.604355,3.602,64.366,12235,13893,M1.1,2024.11.14_13:46_TAI
4.342169e+22,92.253,0.00222118,9930.299,24.619,2580.609,44.748,0.00401725,37.882,100.245,-0.32965001,43155160000000.0,8944756000000.0,6.961088e+23,33.315,1773.066406,4.645,117.24,12216,13897,M1.6,2024.11.16_23:12_TAI
3.317424e+22,102.648,0.01035663,5650.727,15.075,1842.89,42.831,0.02133699,31.642,106.536,-0.38878927,30876900000000.0,12528680000000.0,3.098348e+23,26.042,1627.004028,4.803,427.398,12261,13906,M1.0,2024.11.21_10:15_TAI
8.783656e+22,89.791,0.00299646,13782.28,33.352,5963.251,51.254,0.00420383,43.273,101.804,-0.05590921,87042560000000.0,22389180000000.0,1.759751e+24,37.462,5043.686523,4.924,288.083,12261,13906,M1.1,2024.11.23_13:59_TAI
9.087182e+22,95.707,0.00474625,14697.33,36.752,6348.077,55.801,0.00668947,45.925,107.811,0.03213139,98557920000000.0,33393410000000.0,2.009411e+24,39.395,5416.549316,5.114,488.607,12261,13901,M1.9,2024.11.24_08:54_TAI
1.845741e+22,133.779,0.00032901,7515.497,20.108,1510.874,68.811,0.00062001,39.181,137.106,0.25556174,25566130000000.0,2971336000000.0,2.273851e+23,30.929,2044.033691,4.128,7.496,12334,13912,X2.2,2024.12.06_21:06_TAI
1.210669e+22,116.055,0.00048932,4238.336,7.672,736.84,47.451,0.00098174,30.357,120.369,-0.10561364,11796460000000.0,1830926000000.0,8.136283e+22,25.357,488.322632,3.342,7.073,12392,13920,M2.7,2024.12.09_22:06_TAI
1.013551e+22,105.284,0.02298612,3949.947,4.105,736.783,44.336,0.046049,25.408,113.094,-0.80449867,10608020000000.0,11542930000000.0,6.224026e+22,20.601,371.020966,3.948,272.73,12404,13922,M1.0,2024.12.11_15:18_TAI
9.892014e+21,108.507,0.01488861,3012.683,3.484,632.105,40.894,0.03515805,25.216,114.687,-0.16633008,10031370000000.0,7027007000000.0,4.972012e+22,21.155,404.152191,3.807,185.006,12404,13922,M1.0,2024.12.12_02:24_TAI
9.2021e+22,95.773,0.00279667,8067.371,20.594,5465.52,48.886,0.00477803,36.381,104.657,-0.21379146,86978650000000.0,15895750000000.0,1.130351e+24,30.597,3487.759033,4.846,295.051,12456,13932,M1.1,2024.12.21_08:49_TAI
9.015772e+22,101.154,0.00354286,9245.46,25.49,6186.311,54.163,0.00633554,39.654,110.486,-0.10631029,102773000000000.0,23172310000000.0,1.335249e+24,33.861,3847.320312,5.072,385.279,12456,13932,M8.9,2024.12.21_23:12_TAI
8.153554e+22,110.16,0.00204606,10266.0,29.617,6018.428,59.588,0.00343949,42.229,119.767,-0.10980046,99881470000000.0,8401018000000.0,1.318297e+24,35.675,4156.351562,4.992,197.84,12456,13932,M4.7,2024.12.22_12:19_TAI
8.09607e+22,112.349,0.00061313,10185.57,30.621,6293.13,60.659,0.00111763,43.27,120.851,-0.03499848,107589400000000.0,13148120000000.0,1.363415e+24,36.564,4358.74707,4.984,61.798,12456,13932,M4.1,2024.12.22_20:41_TAI
2.235593e+22,87.518,0.01489423,7040.216,9.758,1349.942,43.829,0.02310832,29.46,98.204,-0.44708407,17581910000000.0,10791600000000.0,2.19896e+23,24.582,758.130493,4.431,350.283,12425,13930,M1.0,2024.12.23_08:28_TAI
6.812901e+22,115.736,0.0044031,10095.51,36.34,5611.624,65.09,0.00865534,47.541,122.687,0.2992467,101574700000000.0,23591060000000.0,1.233228e+24,39.718,4811.249023,4.879,405.001,12456,13932,M4.9,2024.12.23_16:49_TAI
6.967759e+22,86.94,-0.00088103,11131.35,29.398,4684.892,50.804,-0.00141843,41.129,101.154,-0.01010087,74079960000000.0,1517738000000.0,1.181289e+24,35.65,2982.743164,4.86,70.4,12471,13938,M3.1,2024.12.24_12:30_TAI
2.360147e+22,107.783,-0.00821657,7603.934,16.534,1638.374,45.972,-0.01466854,33.197,115.066,-0.34046862,25088490000000.0,4845513000000.0,2.826026e+23,28.359,937.572327,4.273,229.941,12492,13939,M2.0,2024.12.27_16:30_TAI
2.689613e+22,113.71,-0.01380546,7969.347,16.73,1951.96,49.433,-0.02571126,34.456,119.294,0.03391163,31372780000000.0,15286970000000.0,3.493978e+23,28.834,1226.229614,4.43,455.746,12492,13939,M3.3,2024.12.28_05:08_TAI
5.562396e+22,111.443,-0.01515147,13407.84,38.197,5429.726,66.722,-0.02715201,48.09,122.784,0.21981873,84444170000000.0,34317780000000.0,1.28607e+24,40.867,3729.368652,5.013,1094.284,12471,13936,X1.5,2024.12.28_16:14_TAI
