,USFLUX,MEANGBT,MEANJZH,MEANPOT,SHRGT45,TOTUSJH,MEANGBH,MEANALP,MEANGAM,MEANGBZ,MEANJZD,TOTUSJZ,SAVNCPP,TOTPOT,MEANSHR,AREA_ACR,R_VALUE,ABSNJZH,HARPNUM,NOAA,Class,Peak Time
0,5.987544e+21,112.002,-0.0241965,5501.074,25.269,720.336,62.781,-0.06723806,43.847,125.326,-0.12102426,13372850000000.0,9859024000000.0,7.265489e+22,36.054,171.006271,4.072,240.634,8,11069,M1.2,2010.05.04_17:19_TAI
1,2.355847e+21,111.543,-0.00649765,3562.911,11.591,176.57,48.468,-0.01452075,33.674,126.283,-0.36591971,3090533000000.0,1221765000000.0,1.51036e+22,26.255,48.475544,3.192,20.74,49,11079,M1.0,2010.06.12_05:39_TAI
2,1.628014e+22,89.979,-0.00530818,6295.134,19.619,942.902,39.346,-0.01510972,37.157,89.782,-0.14628448,19542480000000.0,2124900000000.0,2.24522e+23,31.719,470.634491,3.818,142.551,115,11093,M1.0,2010.08.06_18:24_TAI
3,1.104408e+22,128.494,0.00053409,2971.182,12.117,855.488,59.704,0.00191748,35.838,128.672,0.72400463,18648530000000.0,7092123000000.0,7.395334e+22,27.692,703.612671,3.707,10.009,211,11112,M2.9,2010.10.15_19:12_TAI
4,1.812796e+22,61.379,0.00556161,7593.361,24.858,878.336,32.508,0.01279436,40.577,68.417,-0.33720404,14402410000000.0,8784931000000.0,2.608914e+23,29.979,515.142334,4.015,143.879,345,11149,M1.3,2011.01.27_01:03_TAI
5,1.017101e+22,84.182,-0.002347,3373.081,11.46,536.272,40.112,-0.00626775,32.987,88.18,-0.19513364,10166150000000.0,1490940000000.0,6.688043e+22,26.689,240.660339,3.782,35.038,362,11153,M1.9,2011.02.08_01:31_TAI
6,5.466512e+21,121.227,-0.00157128,5202.92,34.474,497.171,78.803,-0.00450468,53.747,119.24,0.25255057,11105230000000.0,1266448000000.0,6.762531e+22,40.947,302.56897,3.473,15.378,377,11158,M6.6,2011.02.12_17:38_TAI
7,1.879846e+22,104.174,0.02375576,14077.77,55.601,2627.275,79.392,0.05185017,60.309,112.614,0.01359574,45529300000000.0,19789300000000.0,5.793296e+23,50.653,837.608398,4.803,736.12,377,11158,M2.2,2011.02.13_17:26_TAI
8,1.171459e+22,111.583,-0.00836099,3735.856,14.595,877.359,55.372,-0.02069247,36.63,117.052,-0.23794883,16512450000000.0,4169352000000.0,8.403092e+22,29.142,356.131836,4.172,141.61,384,11161,M1.1,2011.02.15_07:44_TAI
9,2.605934e+22,92.424,0.02403116,14984.81,57.563,3013.313,66.699,0.05083205,58.373,100.389,0.2000917,52286680000000.0,29798980000000.0,8.292732e+23,50.865,1096.292847,4.861,1001.403,377,11158,M1.6,2011.02.15_14:25_TAI
10,3.139641e+22,101.396,0.01945623,10896.18,38.628,3028.615,62.466,0.03735124,48.513,111.35,-0.1060506,52985740000000.0,29763120000000.0,6.43175e+23,41.557,1103.533447,4.972,864.713,377,11158,M6.6,2011.02.17_10:11_TAI
11,1.489751e+22,108.01,-0.00677926,8984.397,38.75,1263.017,63.688,-0.01570029,49.773,108.674,0.44323748,25571550000000.0,5440717000000.0,2.850954e+23,41.291,720.135925,4.018,161.97,384,11162,M1.0,2011.02.17_10:26_TAI
12,3.25141e+22,101.332,0.01544481,10909.08,37.211,3153.096,61.964,0.02970844,47.826,110.889,-0.01899455,53410050000000.0,26021830000000.0,6.63249e+23,40.848,1120.770874,5.027,707.048,377,11158,M1.4,2011.02.17_13:03_TAI
13,1.408307e+22,110.237,-0.00864773,9608.011,39.289,1213.182,64.636,-0.01926267,49.839,112.63,0.42550647,24987580000000.0,4801238000000.0,2.803724e+23,41.447,707.713928,4.055,190.017,384,11162,M1.0,2011.02.17_14:08_TAI
14,1.516475e+22,108.78,-0.0051232,8281.993,40.173,1236.766,62.953,-0.01243734,51.099,109.693,0.49184832,26974970000000.0,6402945000000.0,2.78909e+23,41.876,744.285461,3.665,129.909,384,11162,M1.3,2011.02.17_21:04_TAI
15,2.449318e+22,78.573,0.01309282,5376.071,14.615,1556.563,41.467,0.03423422,33.477,85.6,-0.17853202,28499580000000.0,24463580000000.0,2.490956e+23,27.776,597.53949,4.451,456.769,393,11164,M1.1,2011.02.27_12:52_TAI
16,5.405605e+22,100.078,0.00990117,11872.12,36.279,4479.49,58.377,0.01900717,45.657,109.998,-0.04030524,83477750000000.0,51526810000000.0,1.176023e+24,39.701,2068.188965,5.002,738.508,393,11164,M1.2,2011.03.06_05:13_TAI
17,2.942691e+22,99.433,-0.00730905,5381.088,21.506,2133.552,53.991,-0.01661135,39.073,108.215,-0.1755258,39062030000000.0,9138532000000.0,2.955719e+23,31.685,918.823975,4.561,302.302,394,11165,M1.5,2011.03.06_07:54_TAI
18,5.712703e+22,93.323,0.00775337,10983.51,34.062,4354.476,53.287,0.01605595,44.227,103.374,0.05254352,82943270000000.0,39328250000000.0,1.188865e+24,38.558,2116.946533,5.082,631.9,393,11164,M1.4,2011.03.06_08:07_TAI
19,5.414794e+22,96.286,0.00792659,11834.72,35.443,4200.752,55.727,0.01529962,44.993,107.143,0.00746872,78222510000000.0,37551630000000.0,1.166298e+24,39.216,2114.205078,5.054,588.201,393,11164,M1.8,2011.03.06_09:20_TAI
20,4.383901e+22,86.909,0.0012645,6491.169,24.927,3085.529,48.882,0.00279092,40.311,99.148,-0.04698793,54608340000000.0,3133314000000.0,5.280094e+23,33.812,1281.49707,4.606,77.451,394,11165,M1.5,2011.03.06_21:50_TAI
21,4.623613e+22,83.52,0.00838455,7481.188,24.023,3341.909,49.24,0.0173089,40.08,97.099,-0.01611659,54287620000000.0,18440030000000.0,6.151472e+23,33.274,1376.02832,4.694,519.121,394,11165,M1.3,2011.03.07_02:29_TAI
22,2.95956e+22,92.421,0.00216565,12779.86,57.023,2888.26,67.189,0.00509022,59.543,98.305,0.27962962,59542290000000.0,7490093000000.0,8.770224e+23,51.289,1343.021606,4.849,111.904,401,11166,M1.7,2011.03.08_11:07_TAI
23,2.983544e+22,95.169,0.00116046,13367.29,56.932,3067.775,69.121,0.00262325,59.343,102.618,0.31320831,62318750000000.0,8230754000000.0,9.002748e+23,51.302,1364.176392,4.933,58.848,401,11166,M1.7,2011.03.08_14:02_TAI
24,3.06077e+22,102.944,-0.00377666,15445.47,55.631,3067.596,72.836,-0.00740715,58.109,111.314,0.45177805,61685680000000.0,10992260000000.0,9.630918e+23,50.201,1401.875,4.867,177.314,401,11166,X1.5,2011.03.08_23:23_TAI
25,3.872077e+22,97.96,0.00154917,14344.83,50.835,3518.8,65.069,0.00300192,54.108,107.469,0.1726198,67005220000000.0,5081225000000.0,1.08011e+24,47.504,1596.190918,4.931,87.833,401,11166,M1.3,2011.03.11_04:43_TAI
26,2.296671e+22,106.638,-0.02095721,8752.507,28.782,1858.58,56.21,-0.0460666,42.555,112.255,-0.02302615,33884110000000.0,28383470000000.0,3.858841e+23,35.912,916.404297,4.557,695.675,407,11169,M4.2,2011.03.13_19:52_TAI
27,2.383095e+22,100.914,-0.01327233,7704.765,23.992,1833.468,52.923,-0.02947697,39.471,108.046,0.05300504,33790970000000.0,15442550000000.0,3.494217e+23,33.022,865.086426,4.405,453.21,407,11169,M1.0,2011.03.14_00:22_TAI
28,5.419468e+22,92.6,0.00430014,6282.855,23.367,3242.051,44.778,0.01101124,39.25,97.74,0.13218519,67021490000000.0,5857979000000.0,6.941632e+23,32.832,1498.546875,4.56,357.737,437,11176,M1.0,2011.03.24_23:22_TAI
29,2.458537e+22,122.443,-0.00954436,7896.67,34.563,2711.755,74.988,-0.02384983,49.075,129.458,0.08507654,51892640000000.0,13891520000000.0,4.096482e+23,39.622,1565.772339,4.772,372.803,495,11190,M1.3,2011.04.14_17:12_TAI
30,4.648026e+22,92.865,0.00531899,3977.087,13.954,2674.355,42.902,0.01393756,33.588,99.371,0.20290305,51219460000000.0,15633810000000.0,3.51627e+23,27.605,1319.255005,4.389,354.101,514,11195,M1.8,2011.04.21_04:57_TAI
31,5.190915e+22,90.597,0.00484812,3320.443,14.331,2991.605,42.222,0.01484139,34.824,93.157,0.05582466,61494570000000.0,16031860000000.0,3.61573e+23,27.65,1467.906982,4.498,397.517,514,11195,M1.2,2011.04.21_15:53_TAI
32,1.490388e+22,105.189,0.01403726,5510.419,18.86,1376.558,54.856,0.03348273,37.072,113.823,-0.19443651,23543960000000.0,13708900000000.0,1.547409e+23,31.551,473.508453,4.376,296.804,746,11260,M1.1,2011.07.26_16:07_TAI
33,2.433346e+22,92.539,0.00243066,7750.664,30.995,1762.145,51.558,0.00576384,43.806,99.913,0.08970514,34898860000000.0,1770517000000.0,3.745396e+23,37.582,786.619995,4.51,88.442,750,11261,M9.3,2011.07.29_02:09_TAI
34,2.320127e+22,110.603,-0.00064868,12169.67,45.186,3236.741,75.841,-0.00160059,55.351,119.239,0.29207653,57550640000000.0,6192685000000.0,6.319771e+23,45.327,1322.17334,4.878,25.364,750,11261,M1.4,2011.08.01_06:19_TAI
35,2.037682e+22,111.135,0.03347158,13595.87,46.953,2773.256,77.961,0.07600483,55.568,119.64,0.05711659,45262390000000.0,42305070000000.0,5.872149e+23,45.411,1281.524658,4.735,1088.563,750,11261,M1.1,2011.08.02_03:37_TAI
36,2.862224e+22,82.448,0.01772541,21462.39,62.052,2492.929,60.248,0.02735317,60.727,93.319,0.03035536,47370600000000.0,27880980000000.0,1.176319e+24,53.553,1080.530151,4.817,731.492,753,11263,M1.7,2011.08.02_04:32_TAI
37,3.802908e+22,82.403,0.01682187,10774.44,34.492,2570.844,47.91,0.0331046,45.401,88.599,0.01238478,46549950000000.0,37250340000000.0,7.56714e+23,39.899,1135.402588,4.538,889.608,753,11263,M2.5,2011.08.08_03:54_TAI
38,3.797758e+22,75.969,0.01469877,9830.787,33.547,2283.018,43.314,0.03154641,44.628,81.235,0.06449949,42120850000000.0,35459330000000.0,7.227387e+23,39.151,1098.364502,4.52,813.651,753,11263,X6.9,2011.08.08_08:05_TAI
39,1.849446e+22,108.878,-0.00249672,4459.064,15.745,1037.843,49.233,-0.00723751,36.467,107.712,0.08113931,22353600000000.0,1271161000000.0,1.732729e+23,29.373,781.244934,3.756,73.054,814,11286,M3.2,2011.09.03_11:45_TAI
40,1.880212e+22,105.096,-0.00383354,4593.84,12.767,995.542,44.476,-0.00972613,32.828,105.34,-0.08014716,19881200000000.0,3729330000000.0,1.645209e+23,26.982,632.887329,3.821,103.379,814,11286,M1.6,2011.09.04_04:28_TAI
41,1.971008e+22,96.717,-0.00301252,4212.698,11.891,1004.297,39.606,-0.00825975,31.975,97.096,-0.09132946,20139450000000.0,2638178000000.0,1.637274e+23,26.27,594.340637,3.799,88.158,814,11286,M1.2,2011.09.04_07:58_TAI
42,2.056403e+22,112.868,-0.00132951,7791.122,39.801,1899.916,70.128,-0.00381516,51.928,114.547,0.44681069,40001130000000.0,8557142000000.0,3.704313e+23,41.929,1444.330688,4.194,47.596,833,11283,M5.3,2011.09.05_01:50_TAI
43,1.758787e+22,107.727,0.00611197,8419.067,42.655,1710.04,69.47,0.01811628,54.615,109.615,0.4368917,35970610000000.0,10062610000000.0,3.594993e+23,43.994,1386.162476,4.415,196.5,833,1283,X2.1,2011.09.05_22:20_TAI
44,1.758787e+22,107.727,0.00611197,8419.067,42.655,1710.04,69.47,0.01811628,54.615,109.615,0.4368917,35970610000000.0,10062610000000.0,3.594993e+23,43.994,1386.162476,4.415,196.5,833,11283,X2.1,2011.09.05_22:20_TAI
45,1.638136e+22,105.706,0.01035315,8475.356,33.466,1406.411,58.61,0.03028269,46.092,109.272,0.26780078,29321080000000.0,15445640000000.0,3.120516e+23,38.407,1133.631592,4.332,287.01,833,11283,M6.7,2011.09.07_15:46_TAI
46,2.004227e+22,103.902,0.00736976,6845.642,29.197,1525.27,52.758,0.02206606,43.323,107.564,0.10083337,34849280000000.0,8034027000000.0,3.125322e+23,36.891,1020.223389,4.503,253.328,833,11283,M1.2,2011.09.08_12:49_TAI
47,2.789386e+22,99.614,0.00661353,6554.185,20.833,2034.458,48.074,0.01719394,37.664,106.863,0.03183824,40928790000000.0,14379680000000.0,3.675456e+23,32.85,1045.84436,4.523,279.243,833,11283,M1.1,2011.09.09_07:40_TAI
48,5.303203e+22,101.753,0.00378429,5521.867,22.444,3612.423,49.265,0.01053446,38.796,106.319,0.06959149,76451110000000.0,12256700000000.0,6.139061e+23,33.469,2043.726807,4.561,316.794,856,11295,M1.6,2011.09.22_01:59_TAI
49,6.004445e+22,91.266,0.00462873,5601.75,17.386,3519.015,42.944,0.01158928,35.158,97.375,-0.04207391,68240700000000.0,14510950000000.0,6.436323e+23,30.324,1842.943848,4.664,400.455,856,11295,M1.6,2011.09.22_22:15_TAI
50,6.157488e+22,69.187,-0.00410986,14452.49,37.655,4858.521,45.043,-0.00692151,45.926,84.085,0.00499244,72060100000000.0,13343300000000.0,1.527902e+24,40.828,1952.906494,4.734,327.161,892,11302,M7.1,2011.09.23_13:20_TAI
51,6.692948e+22,77.52,0.00015239,7156.246,20.995,3553.579,38.545,0.00034154,35.995,86.969,-0.06155684,61319630000000.0,3764574000000.0,8.594489e+23,30.546,1898.400269,4.643,13.781,856,11295,M1.7,2011.09.23_16:59_TAI
52,6.188453e+22,74.21,-0.00819788,15260.48,38.473,5038.604,48.531,-0.01320716,46.368,87.976,0.05235166,76902840000000.0,17688140000000.0,1.603959e+24,41.277,1944.554321,4.821,648.789,892,11302,M3.1,2011.09.23_17:25_TAI
53,6.141792e+22,73.759,-0.00279419,16286.38,39.968,4794.664,48.663,-0.00456159,47.427,87.798,0.09035984,75477780000000.0,3836011000000.0,1.734584e+24,41.763,1929.158325,4.88,224.077,892,11302,M3.0,2011.09.23_19:21_TAI
54,6.120718e+22,76.388,-0.01023004,16434.29,40.319,5378.856,51.487,-0.01525203,47.018,91.106,0.03803176,78555320000000.0,19396180000000.0,1.659259e+24,41.886,1931.594238,4.878,777.698,892,11302,M5.8,2011.09.23_20:36_TAI
55,6.211403e+22,77.9,-0.01343932,17683.6,41.137,5177.499,50.603,-0.02084694,48.162,92.896,0.11929872,80625540000000.0,20064140000000.0,1.882948e+24,42.389,1947.435059,4.898,1077.525,892,11302,M4.4,2011.09.24_02:33_TAI
56,5.833914e+22,80.197,-0.01183092,19250.66,41.965,5092.235,52.772,-0.01777141,48.519,95.899,0.09123273,78743810000000.0,17088520000000.0,1.875758e+24,42.843,1942.631958,4.945,868.011,892,11302,M7.4,2011.09.24_04:50_TAI
57,5.496934e+22,78.858,-0.00643343,19148.85,44.474,5228.554,53.355,-0.01022521,49.942,95.85,0.0930616,81160180000000.0,10200580000000.0,1.813552e+24,44.133,1899.690552,4.921,458.787,892,11302,M3.1,2011.09.24_08:49_TAI
58,5.29862e+22,77.595,-0.00562838,19710.54,46.783,4941.262,51.718,-0.00945147,51.209,93.411,0.06671349,79636600000000.0,10573950000000.0,1.879915e+24,45.632,1908.942871,4.972,404.214,892,11302,M3.7,2011.09.24_15:33_TAI
59,7.610288e+21,90.771,-0.01181834,5231.948,23.09,531.288,49.761,-0.02651148,42.913,99.716,-0.24353047,9830433000000.0,4097988000000.0,7.703536e+22,33.193,118.25827,3.57,131.03,899,11303,M2.2,2011.09.24_16:58_TAI
60,5.194643e+22,85.335,-0.00853223,21152.12,49.515,5502.839,56.508,-0.01199829,52.117,100.975,0.18071252,77814620000000.0,18097390000000.0,1.854509e+24,46.591,1809.962891,5.133,563.28,892,11302,M4.0,2011.09.25_05:08_TAI
61,4.722961e+22,83.222,-0.00616535,20369.17,52.174,5152.291,57.725,-0.00992399,53.875,96.11,0.16548292,76972070000000.0,16847050000000.0,1.741473e+24,48.286,1821.53833,5.153,396.894,892,11302,M2.6,2011.09.25_14:46_TAI
62,3.758251e+22,80.381,-0.00639969,20597.91,62.384,3509.906,60.3,-0.01117198,60.933,90.779,0.29094589,64257480000000.0,9290162000000.0,1.552967e+24,53.842,1907.038086,4.92,363.31,892,11302,M1.2,2011.09.27_13:28_TAI
63,8.963202e+21,97.757,-0.01426596,13906.36,52.168,820.562,62.95,-0.02930417,57.782,99.069,0.41032508,16979960000000.0,8608635000000.0,2.785752e+23,48.777,479.951324,3.761,215.188,902,11305,M1.0,2011.09.29_19:06_TAI
64,9.600959e+21,99.913,-0.031781,16824.46,56.169,998.342,68.731,-0.0587486,61.987,101.095,0.44882676,19254790000000.0,20579790000000.0,3.632628e+23,51.04,596.812256,4.234,516.664,902,11305,M3.9,2011.10.01_00:50_TAI
65,3.705024e+22,93.758,-0.01484047,12921.18,40.447,2810.624,54.41,-0.02677323,48.278,99.508,0.14080699,52310840000000.0,33374110000000.0,8.872526e+23,41.829,1571.734619,4.646,767.312,892,11302,M1.3,2011.10.01_17:23_TAI
66,7.034761e+22,79.814,-0.00108707,5865.985,18.294,3131.768,35.181,-0.00290052,35.683,82.163,0.04675416,64141540000000.0,6358696000000.0,8.426677e+23,29.524,2073.495361,4.512,117.587,940,11319,M1.3,2011.10.20_13:00_TAI
67,6.312541e+22,65.672,-0.00174177,6532.233,20.02,2538.093,31.284,-0.00446212,36.735,69.709,0.05528101,47820270000000.0,5291827000000.0,8.19623e+23,29.028,1666.92334,4.539,164.557,940,11314,M1.3,2011.10.21_11:10_TAI
68,8.218218e+22,74.03,-0.00194645,13302.99,38.202,5555.378,46.693,-0.00348071,45.834,85.683,-0.04627044,95237850000000.0,2576228000000.0,1.901159e+24,40.378,2569.760742,4.977,209.45,1028,11339,M1.0,2011.11.03_20:40_TAI
69,8.085321e+22,77.079,-0.00015086,13112.93,37.69,5605.062,47.231,-0.00026771,45.512,87.696,-2.4e-05,94038000000000.0,2193598000000.0,1.833978e+24,40.25,2652.738037,4.975,15.886,1028,11339,M3.7,2011.11.04_03:35_TAI
70,7.822827e+22,76.083,-0.00049918,12052.5,36.926,5457.38,46.336,-0.00098838,45.544,87.264,-0.02136226,95773920000000.0,7609687000000.0,1.725378e+24,40.261,2714.874023,5.029,53.808,1028,11339,M1.1,2011.11.04_11:21_TAI
71,8.035227e+22,85.017,-0.00122142,12782.54,37.55,5924.942,50.517,-0.0022546,45.751,95.522,0.01886997,104939700000000.0,2709386000000.0,1.823555e+24,40.61,2813.589844,5.12,131.202,1028,11339,M1.8,2011.11.04_20:38_TAI
72,8.230209e+22,84.13,-0.00111488,12101.91,38.093,5890.496,49.796,-0.00219755,46.266,93.927,0.03243561,108295300000000.0,5477762000000.0,1.861027e+24,41.119,2838.06543,5.138,129.089,1028,11339,M1.2,2011.11.05_01:03_TAI
73,7.630486e+22,83.89,-0.00133216,11997.88,39.621,5657.904,50.762,-0.00280483,47.554,93.329,0.06432385,108214700000000.0,6740021000000.0,1.787826e+24,42.092,2838.521973,5.138,149.471,1028,11339,M1.4,2011.11.05_06:35_TAI
74,3.637898e+22,93.457,0.00126391,6113.098,22.821,2294.657,44.593,0.00340233,38.892,95.527,0.0711666,48305610000000.0,5625341000000.0,4.584496e+23,33.227,1352.241943,4.191,71.369,1041,11342,M1.1,2011.11.08_13:35_TAI
75,2.232744e+22,98.216,0.00456486,4169.776,11.203,1207.372,41.782,0.01235828,32.026,101.043,0.09249546,24050610000000.0,6269236000000.0,1.792868e+23,25.644,680.660095,4.045,147.783,1066,11346,M1.9,2011.11.14_12:43_TAI
76,3.206849e+21,134.363,0.00436696,3678.563,23.374,303.828,71.533,0.01329574,45.797,134.947,0.31506494,6359346000000.0,1916230000000.0,2.704499e+22,33.683,202.226044,3.251,24.171,1209,11387,M1.5,2011.12.25_02:27_TAI
77,8.63994e+21,122.859,0.03093672,9860.264,38.888,1353.705,80.463,0.07368943,51.244,134.867,0.08970904,22299290000000.0,18854450000000.0,1.836555e+23,42.541,355.334747,4.528,433.887,1209,11387,M2.3,2011.12.25_20:30_TAI
78,6.501233e+22,78.211,0.00334356,5941.925,18.347,3365.389,35.334,0.00835167,34.518,87.419,-0.08417784,62748900000000.0,10589940000000.0,7.398967e+23,28.901,1743.220459,4.54,313.492,1256,11389,M1.2,2011.12.29_03:09_TAI
79,5.844351e+22,92.261,0.00327551,6449.91,20.541,3714.933,44.509,0.00808415,37.342,96.212,-0.10617588,73722870000000.0,13789300000000.0,7.382831e+23,32.114,2069.264893,4.654,282.31,1256,11389,M2.4,2011.12.30_13:15_TAI
80,6.036511e+22,90.557,0.00263019,6007.04,21.223,3649.494,43.269,0.00711934,38.058,93.33,-0.06006144,76870560000000.0,10530100000000.0,7.584877e+23,32.612,2061.943359,4.633,250.065,1256,11389,M1.5,2011.12.30_16:26_TAI
81,8.268011e+22,63.167,-0.00718378,8895.043,28.313,4104.933,38.071,-0.01436112,41.453,70.724,0.00893704,70537930000000.0,28480980000000.0,1.302361e+24,34.756,2156.873779,4.698,791.975,1321,11401,M1.0,2012.01.16_04:53_TAI
82,2.741331e+22,86.67,-0.00016733,5158.308,16.696,1414.745,36.841,-0.00045794,34.745,90.951,-0.13596736,29687110000000.0,4792349000000.0,2.874178e+23,29.017,696.774658,4.122,7.02,1350,11410,M1.0,2012.02.05_20:00_TAI
83,4.341028e+22,80.365,-0.01966181,13192.9,37.518,3196.104,53.57,-0.03087433,47.384,95.638,0.08302108,51084480000000.0,40838630000000.0,9.248852e+23,42.038,1324.382446,4.826,1037.849,1449,11429,M2.1,2012.03.04_19:16_TAI
84,4.308002e+22,80.899,-0.0203177,13360.83,38.211,3182.123,54.562,-0.03160983,47.572,98.1,0.00954297,51380040000000.0,39518300000000.0,9.253377e+23,42.246,1328.875977,4.839,1059.548,1449,11429,M1.8,2012.03.04_19:30_TAI
85,4.617027e+22,81.334,-0.02237457,14000.75,38.83,3561.423,54.334,-0.03598252,47.98,96.969,0.00994985,56464260000000.0,47453470000000.0,1.073206e+24,42.228,1379.710815,4.879,1291.371,1449,11429,M1.3,2012.03.04_22:34_TAI
86,4.733254e+22,83.404,-0.02443276,14309.38,39.271,3916.247,56.966,-0.03803458,48.274,101.462,-9.444e-05,61101350000000.0,50756820000000.0,1.109898e+24,42.797,1422.027832,4.905,1426.971,1449,11429,M1.3,2012.03.05_00:28_TAI
87,4.819927e+22,83.928,-0.02647938,14540.84,39.294,4151.759,57.362,-0.04085844,48.312,101.611,0.02583217,62816290000000.0,54771850000000.0,1.146602e+24,42.512,1460.973755,4.923,1572.24,1449,11429,M1.2,2012.03.05_01:44_TAI
88,4.894667e+22,84.365,-0.02510934,14435.09,39.695,4457.062,57.479,-0.04044068,48.857,102.21,-0.07056099,68968520000000.0,56011290000000.0,1.196389e+24,43.164,1499.648071,5.006,1566.974,1449,11429,M1.0,2012.03.05_04:05_TAI
89,4.879771e+22,85.167,-0.02626899,15181.63,41.143,4298.676,57.752,-0.04115843,49.604,102.488,-0.03432059,67343840000000.0,56213640000000.0,1.234815e+24,43.969,1563.955444,5.01,1608.818,1449,11429,M1.0,2012.03.05_07:55_TAI
90,4.770395e+22,83.963,-0.02676725,16121.26,41.601,4215.963,58.934,-0.04026077,49.36,101.676,0.06135102,64447190000000.0,55583980000000.0,1.242001e+24,43.939,1552.681885,4.95,1552.768,1449,11429,M2.1,2012.03.05_12:41_TAI
91,5.34372e+22,87.113,-0.03198765,17437.64,44.474,4982.73,59.007,-0.04895942,50.295,105.161,0.03144535,75373810000000.0,78387910000000.0,1.54878e+24,45.095,1696.176147,5.14,2139.27,1449,11429,M1.0,2012.03.05_22:53_TAI
92,1.058218e+22,126.924,0.00411638,3337.981,21.286,983.65,66.198,0.01412823,41.745,124.766,0.25322834,21860180000000.0,2445701000000.0,8.238706e+22,33.482,642.784607,3.787,76.499,1461,11432,M2.8,2012.03.13_15:21_TAI
93,2.767229e+21,138.36,-0.00194985,4796.413,18.16,198.732,77.622,-0.00488519,42.442,136.899,0.51736277,4166289000000.0,1115142000000.0,2.637755e+22,29.235,241.32724,1.791,8.074,1464,11434,M1.3,2012.03.16_20:39_TAI
94,1.048427e+22,113.961,-0.00188085,8157.979,40.546,869.138,73.219,-0.0042109,52.722,113.759,0.19832262,17679060000000.0,1729185000000.0,1.77236e+23,41.447,640.428589,3.502,30.769,1603,11466,M1.0,2012.04.26_08:24_TAI
95,1.953963e+22,108.513,0.00658093,8061.136,29.219,1327.887,55.322,0.01529754,44.329,110.791,0.05994317,28069810000000.0,4524158000000.0,3.21873e+23,36.516,1043.385986,3.982,197.862,1621,11471,M1.9,2012.05.06_14:31_TAI
96,5.838539e+22,81.776,-0.01193569,11962.1,35.431,4436.884,51.393,-0.02195435,45.203,94.783,-0.17196316,75107000000000.0,33275190000000.0,1.206429e+24,39.016,2070.157715,4.893,906.396,1638,11476,M1.4,2012.05.07_13:08_TAI
97,5.335726e+22,91.023,-0.01174574,13697.73,39.496,4528.863,56.705,-0.0225083,48.303,100.464,-0.06462008,81140860000000.0,36234650000000.0,1.34291e+24,41.767,2101.604492,5.036,867.047,1638,11476,M4.7,2012.05.08_12:32_TAI
98,5.496303e+22,91.594,-0.01024266,13285.5,39.596,4706.012,56.637,-0.02048146,48.221,100.309,0.03676296,86459520000000.0,31787940000000.0,1.379722e+24,41.863,2103.246338,4.998,800.925,1638,11476,M1.8,2012.05.08_14:08_TAI
99,5.763523e+22,94.918,-0.01830544,14480.71,40.453,5181.452,58.991,-0.03440739,48.401,104.554,-0.05783235,90192800000000.0,62051140000000.0,1.537828e+24,41.708,2200.788086,5.012,1463.74,1638,11476,M4.1,2012.05.08_21:05_TAI
100,5.651745e+22,99.936,-0.0207438,16276.84,41.434,5671.095,62.289,-0.03561827,49.07,110.57,-0.01588017,93042140000000.0,57905990000000.0,1.635062e+24,42.523,2241.9021,5.014,1569.04,1638,11476,M5.7,2012.05.09_04:18_TAI
101,5.340647e+22,101.468,-0.02082801,16973.37,44.767,5736.261,64.816,-0.03743197,51.514,110.248,0.10764008,95576430000000.0,62709920000000.0,1.718353e+24,44.695,2265.826416,5.036,1587.74,1638,11476,M1.7,2012.05.09_20:26_TAI
102,1.126306e+22,93.119,-0.01063705,11896.75,48.689,828.694,56.791,-0.02421721,54.734,96.71,0.09629487,18979470000000.0,12519730000000.0,2.988301e+23,46.019,602.955261,3.95,201.178,1724,11494,M2.1,2012.06.05_20:06_TAI
103,1.749541e+22,95.037,-0.00967815,5961.756,22.975,1210.981,49.201,-0.02469104,39.905,100.979,0.24259862,24919760000000.0,14835170000000.0,2.124576e+23,33.281,447.584595,4.225,259.694,1806,11513,M2.2,2012.06.28_09:20_TAI
104,2.471748e+22,99.775,-0.00746616,5369.743,17.272,1623.642,47.054,-0.01932264,35.629,102.098,-0.18597855,32494000000000.0,10462330000000.0,2.597419e+23,30.141,804.453552,4.321,271.932,1806,11513,M1.0,2012.06.29_12:52_TAI
105,2.505534e+22,100.95,-0.00859686,5424.941,18.954,1689.604,47.415,-0.02412549,36.809,102.938,0.08535949,34340730000000.0,14124580000000.0,2.836797e+23,30.765,831.18219,4.256,338.501,1806,11513,M1.6,2012.06.29_18:32_TAI
106,1.927027e+22,112.564,-0.01071424,6979.958,24.947,1357.55,55.917,-0.02664618,41.006,113.443,0.26148286,28518000000000.0,14077150000000.0,2.705454e+23,34.277,1014.035095,4.179,312.695,1806,11513,M2.8,2012.06.30_19:18_TAI
107,2.333341e+22,106.627,-0.00739572,5943.36,28.645,1645.932,55.223,-0.0214011,44.073,107.978,0.22861546,37629930000000.0,13153940000000.0,3.138513e+23,36.702,1142.950562,4.297,294.061,1806,11513,M1.1,2012.07.01_00:35_TAI
108,3.076736e+22,97.398,-0.00603785,11244.71,45.962,2465.574,62.626,-0.0135043,53.24,102.112,-0.05028529,54790960000000.0,12081230000000.0,7.466142e+23,45.83,1408.566406,4.694,301.862,1807,11515,M5.6,2012.07.01_10:52_TAI
109,3.1251e+22,102.835,-0.01027716,13474.08,47.854,2977.109,69.71,-0.02006016,53.938,112.327,-0.1751529,58595280000000.0,20356280000000.0,8.321153e+23,46.246,1514.467773,4.792,477.908,1807,11515,M3.8,2012.07.01_20:07_TAI
110,3.622097e+22,98.284,-0.00380672,11095.89,50.846,3454.176,66.605,-0.00923782,57.127,103.868,-0.16034313,74679740000000.0,16468980000000.0,9.317767e+23,48.26,1705.946899,4.916,240.699,1807,11515,M2.3,2012.07.03_04:37_TAI
111,3.671817e+22,102.523,-0.00528797,12160.05,50.904,3685.592,70.248,-0.01200985,57.182,106.867,-0.14111683,76175550000000.0,23276770000000.0,9.905688e+23,48.131,1771.978027,4.955,324.348,1807,11515,M5.3,2012.07.03_09:55_TAI
112,3.754399e+22,99.205,-0.00703604,12074.6,51.147,3798.426,68.189,-0.01672285,57.068,104.375,-0.09447705,78520640000000.0,25134960000000.0,1.030721e+24,48.448,1801.308228,4.924,452.242,1807,11515,M2.3,2012.07.03_12:24_TAI
113,3.865081e+22,100.443,-0.00735291,12308.1,50.782,4083.297,68.951,-0.01737184,56.933,105.83,-0.03411654,82803340000000.0,33167500000000.0,1.073962e+24,48.441,1835.372803,5.013,483.086,1807,11515,M1.3,2012.07.03_14:40_TAI
114,2.128774e+22,105.095,-0.00737565,10573.58,40.196,1653.9,64.294,-0.01585824,51.959,105.996,0.20831054,34303340000000.0,8513991000000.0,4.689251e+23,41.644,1611.0625,3.985,246.295,1806,11513,M1.8,2012.07.03_16:39_TAI
115,4.110343e+22,101.994,-0.00762712,12173.28,50.609,4339.817,69.269,-0.01726952,56.555,107.789,-0.09364434,86536720000000.0,22256610000000.0,1.103827e+24,48.161,1879.780396,4.946,520.749,1807,11515,M4.6,2012.07.03_22:09_TAI
116,4.125064e+22,106.239,-0.00798243,12506.72,50.173,4475.27,72.19,-0.01687887,56.335,112.563,-0.0798063,86830560000000.0,16191070000000.0,1.089898e+24,47.667,1873.176147,5.018,523.791,1807,11515,M1.2,2012.07.03_23:55_TAI
117,4.128248e+22,106.665,-0.00865107,12611.42,50.045,4556.606,72.978,-0.01795762,56.351,113.685,-0.10677945,87533510000000.0,16809820000000.0,1.089039e+24,47.676,1877.615601,5.033,562.51,1807,11515,M2.4,2012.07.04_01:10_TAI
118,4.170481e+22,105.987,-0.0073698,12619.99,49.952,4639.564,72.565,-0.01549722,56.058,113.196,-0.11001305,88886070000000.0,18208010000000.0,1.105031e+24,47.47,1882.099609,5.038,485.905,1807,11515,M2.2,2012.07.04_02:42_TAI
119,4.178135e+22,104.898,-0.0074714,12476.17,50.34,4541.616,71.579,-0.01604573,56.028,112.579,-0.1441789,89253640000000.0,18654500000000.0,1.107399e+24,47.65,1896.230713,5.103,499.321,1807,11515,M4.7,2012.07.04_03:36_TAI
120,4.332153e+22,104.467,-0.00739227,12051.8,49.08,4726.728,69.388,-0.01643802,55.102,113.0,-0.05581639,92794130000000.0,19385360000000.0,1.13521e+24,47.149,1916.788452,5.144,524.275,1807,11515,M1.1,2012.07.04_06:58_TAI
121,4.203432e+22,105.812,-0.00821774,13003.28,49.106,4732.623,71.573,-0.01730275,54.996,114.98,-0.1375466,89356740000000.0,12952970000000.0,1.138248e+24,47.188,1964.534058,5.12,541.656,1807,11515,M1.8,2012.07.04_10:48_TAI
122,4.252178e+22,104.762,-0.00941511,12953.34,48.73,4772.585,71.984,-0.02040768,55.11,113.441,-0.10408808,90942340000000.0,19500780000000.0,1.165959e+24,47.327,1967.09314,5.153,638.109,1807,11515,M6.1,2012.07.04_11:44_TAI
123,4.335682e+22,106.076,-0.00972228,12977.22,47.923,4950.334,72.717,-0.0210518,54.553,115.579,-0.14375766,92233180000000.0,24549080000000.0,1.17931e+24,46.586,2018.394165,5.167,665.247,1807,11515,M1.2,2012.07.04_13:18_TAI
124,4.875697e+22,105.652,-0.00717934,13081.83,46.329,5736.518,69.663,-0.01505286,52.913,118.304,-0.06768037,101213200000000.0,11601240000000.0,1.312515e+24,45.569,2083.491211,5.227,542.37,1807,11515,M1.6,2012.07.04_20:14_TAI
125,4.852143e+22,108.764,-0.00445587,14154.26,45.943,5940.574,73.015,-0.0086872,52.511,121.666,-0.07432126,100906000000000.0,9482683000000.0,1.341671e+24,44.956,2088.731201,5.222,318.037,1807,11515,M1.6,2012.07.04_21:45_TAI
126,4.923497e+22,111.15,-0.00862113,14239.6,45.281,6005.229,73.482,-0.01578401,51.92,126.462,-0.19330014,101123600000000.0,22974980000000.0,1.317385e+24,44.495,2062.770752,5.188,600.548,1807,11515,M2.9,2012.07.05_01:40_TAI
127,4.982278e+22,111.69,-0.00818201,14249.53,44.112,5938.25,73.873,-0.01483748,51.479,126.828,-0.1868587,100441300000000.0,17841330000000.0,1.319249e+24,43.839,2088.598145,5.223,570.384,1807,11515,M1.0,2012.07.05_02:51_TAI
128,5.169924e+22,109.635,-0.0110793,13612.34,41.454,5799.562,69.781,-0.02075925,50.216,123.01,-0.07850229,98732430000000.0,22266570000000.0,1.326982e+24,42.976,2157.718262,5.227,813.243,1807,11515,M1.5,2012.07.05_08:23_TAI
129,5.061316e+22,111.299,-0.01255252,13947.92,41.254,5724.233,72.142,-0.02264198,50.141,124.5,-0.14396289,96084510000000.0,21034510000000.0,1.29705e+24,42.792,2160.382568,5.181,878.915,1807,11515,M1.8,2012.07.05_10:29_TAI
130,5.255163e+22,110.324,-0.01463567,13422.19,38.981,6006.415,70.241,-0.02722453,48.807,123.354,-0.12662914,99343390000000.0,35151470000000.0,1.307056e+24,41.578,2223.464355,5.193,1073.16,1807,11515,M1.2,2012.07.05_13:30_TAI
131,5.901982e+22,105.934,-0.0121278,13049.73,36.525,6554.001,66.381,-0.02275972,47.362,120.613,-0.07056749,108740600000000.0,29461630000000.0,1.433693e+24,40.53,2249.925293,5.278,1003.26,1807,11515,M1.3,2012.07.05_18:55_TAI
132,6.114281e+22,105.608,-0.02058463,14260.78,35.515,6877.34,67.15,-0.0345122,46.497,120.799,-0.15803383,107884800000000.0,53035880000000.0,1.514889e+24,39.816,2264.916992,5.195,1646.482,1807,11515,M1.2,2012.07.06_03:15_TAI
133,6.486579e+22,100.031,-0.01799056,14032.04,34.381,6579.28,61.367,-0.03001764,45.251,113.948,-0.14830498,102736700000000.0,53358610000000.0,1.551061e+24,38.816,2434.916748,5.241,1497.391,1807,11515,M2.6,2012.07.06_11:03_TAI
134,7.69933e+22,91.033,-0.01771523,12740.39,29.451,6925.384,55.374,-0.02927264,42.502,106.058,-0.12544078,103145100000000.0,59753460000000.0,1.612018e+24,36.003,2555.471191,5.101,1687.765,1807,11515,M1.3,2012.07.07_05:46_TAI
135,7.841049e+22,87.919,-0.01526955,12368.1,29.037,6589.459,53.023,-0.02560234,41.769,103.244,-0.13489626,99306230000000.0,52523160000000.0,1.587956e+24,35.743,2639.176758,5.081,1476.184,1807,11515,M1.1,2012.07.07_09:53_TAI
136,7.557399e+22,87.063,-0.01430626,12362.56,29.263,6226.156,52.341,-0.02415099,41.89,102.717,-0.16247171,94439290000000.0,40719160000000.0,1.53172e+24,35.901,2612.668213,5.018,1334.673,1807,11515,M1.4,2012.07.07_12:10_TAI
137,1.131265e+23,92.795,0.01145284,11532.54,32.956,8406.775,52.235,0.02250757,44.88,102.707,0.16468403,153131800000000.0,71239720000000.0,2.420712e+24,38.805,4251.106445,5.197,1810.099,1834,11520,M1.1,2012.07.08_23:07_TAI
138,1.085597e+23,95.29,0.01316855,12537.6,36.708,8635.263,55.185,0.02500625,46.794,105.592,0.18523651,158067700000000.0,86663520000000.0,2.509345e+24,40.645,4476.945801,5.217,1984.541,1834,11520,M1.7,2012.07.09_05:14_TAI
139,1.05801e+23,96.242,0.01434441,12738.19,37.378,8478.564,55.564,0.02683019,47.119,106.5,0.1207385,154137700000000.0,92541290000000.0,2.466786e+24,40.873,4507.785645,5.23,2091.573,1834,11520,M2.0,2012.07.09_06:27_TAI
140,8.959e+22,97.568,0.00663804,12283.8,42.995,6799.324,55.857,0.01424893,50.717,102.107,0.25121227,139181400000000.0,39001260000000.0,2.30574e+24,43.763,4308.319336,5.063,938.18,1834,11521,M1.0,2012.07.13_04:58_TAI
141,7.809697e+22,92.205,-0.00264943,6691.409,20.017,4585.595,44.41,-0.00593738,37.054,95.979,0.00641394,84583810000000.0,7981285000000.0,9.561061e+23,30.657,2878.032715,4.598,285.05,1879,11532,M2.3,2012.07.28_06:22_TAI
142,6.740111e+22,101.32,-0.00055684,7918.001,25.241,4459.612,50.383,-0.00134236,40.359,104.979,-0.02610203,90681110000000.0,2489641000000.0,1.048223e+24,34.259,3290.300781,4.773,55.506,1879,11536,M1.1,2012.07.29_15:48_TAI
143,4.23142e+22,104.724,-0.00253771,3747.431,13.774,2392.687,44.484,-0.00791106,33.592,105.208,0.10198104,50165340000000.0,3697403000000.0,3.338508e+23,27.182,1791.44812,4.308,170.234,1907,11540,M1.0,2012.08.10_12:20_TAI
144,1.827409e+22,104.376,-0.01376846,5704.017,24.242,1265.017,53.033,-0.03465903,40.34,109.146,-0.27968612,25428160000000.0,16690010000000.0,2.054239e+23,33.51,622.338623,4.331,373.359,1993,11560,M1.6,2012.09.05_04:13_TAI
145,4.783975e+22,105.972,-0.00027687,3826.075,15.706,2984.935,47.095,-0.00082519,35.11,108.843,-0.08304354,63204470000000.0,9068239000000.0,3.744132e+23,30.657,1923.113525,4.293,20.4,1999,11564,M1.2,2012.09.08_22:36_TAI
146,3.716128e+22,100.842,-0.00275317,4448.279,14.4,2330.546,46.364,-0.00731013,34.365,103.986,-0.16895603,45830000000000.0,6121575000000.0,3.255276e+23,28.411,1196.169067,4.307,151.708,2040,11583,M1.3,2012.09.29_04:33_TAI
147,9.611803e+21,84.97,0.00908809,10199.96,31.87,571.798,43.361,0.01644281,42.65,92.403,0.15762344,9697276000000.0,3306645000000.0,1.731585e+23,34.821,276.573334,4.093,116.173,2191,11613,M2.0,2012.11.11_23:28_TAI
148,1.092303e+22,89.433,0.00806739,9459.194,29.456,691.047,46.009,0.01502226,40.715,97.507,0.26756623,11739400000000.0,3102245000000.0,1.811222e+23,33.794,296.14389,4.036,116.307,2191,11613,M6.0,2012.11.12_02:04_TAI
149,1.240501e+22,91.928,0.01166867,7913.991,27.22,835.825,45.384,0.02568912,39.917,105.063,0.09704928,15389610000000.0,6230767000000.0,1.887724e+23,32.856,326.912415,4.172,209.581,2191,11613,M2.5,2012.11.12_05:50_TAI
150,1.791977e+22,101.352,0.03052307,8029.568,22.28,1622.201,50.355,0.06444343,37.081,108.42,0.10611399,25573700000000.0,26441250000000.0,2.618985e+23,30.977,471.60788,4.372,749.616,2191,11613,M2.8,2012.11.12_20:54_TAI
151,1.734545e+22,104.415,0.03047487,7915.989,23.148,1525.439,50.967,0.06827439,37.014,112.643,0.20645566,25913580000000.0,27432170000000.0,2.569114e+23,31.255,535.365051,4.436,744.745,2191,11613,M1.1,2012.11.13_04:04_TAI
152,1.443515e+22,129.979,-0.006175,5812.917,26.12,1450.559,74.457,-0.01433516,45.236,133.576,0.31136411,27309290000000.0,3376275000000.0,1.630578e+23,34.918,719.393494,4.199,130.428,2220,11618,M1.6,2012.11.19_19:28_TAI
153,1.613053e+22,117.627,-0.01397181,6953.023,35.011,2036.202,76.295,-0.03985795,50.742,120.912,0.23393574,38501680000000.0,11405240000000.0,2.583097e+23,40.06,888.004028,4.597,390.819,2220,11618,M1.4,2012.11.20_06:56_TAI
154,3.084334e+22,81.885,0.00022833,3188.586,10.534,1411.959,36.895,0.00062785,31.054,85.267,-0.06852838,27332510000000.0,1964028000000.0,1.882187e+23,24.297,587.663452,4.131,10.148,2220,11618,M1.6,2012.11.26_15:57_TAI
155,2.086032e+22,109.293,-0.00208659,10584.58,46.373,2088.692,70.239,-0.00453545,53.925,116.112,0.06363568,41906000000000.0,1149087000000.0,4.63326e+23,45.433,898.638916,4.722,68.772,2227,11620,M1.0,2012.11.26_21:26_TAI
156,2.909138e+22,103.311,0.00390578,9215.89,37.247,2424.407,61.749,0.00811091,48.019,111.655,-0.15509979,46476660000000.0,11643780000000.0,5.140547e+23,40.82,1083.846191,4.695,164.047,2227,11620,M2.2,2012.11.27_21:36_TAI
157,5.783884e+22,76.566,0.0010649,11414.69,39.904,3966.829,47.099,0.00212023,47.881,88.972,-0.04057959,75594660000000.0,3599491000000.0,1.268189e+24,41.399,1737.654785,5.07,89.084,2372,11654,M1.2,2013.01.10_09:11_TAI
158,5.488897e+22,83.107,0.00063255,12511.77,40.149,4128.052,51.83,0.00115046,47.319,94.719,-0.07976849,75606860000000.0,5954798000000.0,1.238885e+24,41.588,1848.316162,4.981,47.162,2372,11654,M1.0,2013.01.10_15:07_TAI
159,2.298417e+22,123.144,-0.01086497,6155.581,25.159,2101.879,65.454,-0.02983261,41.6,124.758,0.18148199,41528480000000.0,12334770000000.0,2.887695e+23,34.004,1575.37793,4.212,383.783,2362,11652,M1.0,2013.01.12_00:50_TAI
160,2.02315e+22,128.106,-0.01478062,5989.891,22.482,1922.664,66.469,-0.0384957,40.55,130.048,0.172858,37720720000000.0,14102660000000.0,2.384463e+23,32.689,1569.868774,4.213,443.049,2362,11652,M1.7,2013.01.12_08:38_TAI
161,8.884723e+20,144.854,0.01623973,3616.84,23.521,94.965,72.198,0.04543709,42.763,146.235,0.27666286,1954238000000.0,1069003000000.0,6.820719e+21,33.953,33.391842,2.575,23.06,2491,11675,M1.9,2013.02.16_15:50_TAI
162,4.118931e+22,72.751,-0.0104058,6765.27,18.518,2288.368,38.745,-0.02461489,37.103,82.157,0.07766099,40361670000000.0,26643070000000.0,5.258943e+23,30.126,1082.10144,4.164,609.083,2546,11692,M1.6,2013.03.20_22:04_TAI
163,2.517581e+22,99.944,-0.0025843,9803.309,39.673,1923.327,59.795,-0.00542006,48.034,108.536,0.07814962,37195800000000.0,2307224000000.0,4.655025e+23,41.856,944.347839,4.568,92.399,2636,11718,M3.3,2013.04.11_20:38_TAI
164,2.441379e+22,110.808,0.01926208,12776.22,49.221,3041.77,80.248,0.04018519,57.786,117.68,-0.13295043,55905870000000.0,23184940000000.0,6.635436e+23,47.354,1029.151855,4.935,753.244,2673,11726,M1.0,2013.04.21_10:29_TAI
165,2.420154e+22,112.898,0.01038407,8490.011,39.068,2827.984,74.023,0.02990872,51.94,118.3,0.16809379,54797670000000.0,19123750000000.0,4.695519e+23,41.742,1848.680298,4.763,432.434,2693,11731,M1.1,2013.05.01_05:10_TAI
166,2.63852e+22,118.581,0.00027802,4448.821,24.625,2266.186,60.494,0.00093602,41.852,120.462,0.11997631,51276470000000.0,5662115000000.0,2.700594e+23,34.578,1686.58313,4.492,12.708,2693,11731,M1.3,2013.05.02_16:55_TAI
167,2.816671e+22,90.638,-0.0176011,6401.521,20.556,1916.149,48.173,-0.03803675,37.414,96.567,-0.09713716,33573980000000.0,26384810000000.0,3.24579e+23,30.744,817.57251,4.45,671.975,2748,11748,M1.3,2013.05.15_21:53_TAI
168,2.543315e+22,92.861,-0.0136859,5929.449,24.543,1821.482,48.575,-0.03581163,40.089,97.475,-0.05266923,36209180000000.0,24470990000000.0,3.064153e+23,33.335,795.950317,4.437,532.546,2748,11748,M3.2,2013.05.16_08:57_TAI
169,6.650616e+21,104.178,-0.00607056,2260.798,6.009,417.458,40.315,-0.01793453,27.649,107.467,-0.57587349,7837612000000.0,2993803000000.0,2.888047e+22,23.147,170.200424,3.553,58.393,2809,11760,M1.0,2013.05.30_20:00_TAI
170,2.88902e+22,101.012,0.01590105,9169.992,30.472,2256.696,52.327,0.03417908,42.4,108.882,-0.2260557,41097960000000.0,24286600000000.0,5.045169e+23,36.175,1099.826904,4.619,658.733,2790,11762,M1.3,2013.06.04_08:57_TAI
171,1.315114e+22,120.059,-0.00699465,6139.891,21.23,1209.789,64.614,-0.01630028,40.708,126.518,0.32948005,22221460000000.0,5371673000000.0,1.556689e+23,33.035,552.71875,4.331,133.528,3048,11817,M1.5,2013.08.11_10:41_TAI
172,1.429922e+22,93.59,0.03534847,15418.83,52.123,1529.91,61.786,0.06750602,56.111,101.697,0.23051646,26431440000000.0,29692600000000.0,4.490379e+23,47.877,801.627441,4.452,775.121,3056,11818,M3.3,2013.08.16_18:24_TAI
173,1.444014e+22,93.026,0.03681787,15452.61,52.216,1600.385,61.262,0.06816543,55.713,102.053,0.45692432,26762080000000.0,30677850000000.0,4.48708e+23,47.916,799.585083,4.582,805.023,3056,11818,M1.4,2013.08.16_19:33_TAI
174,2.167215e+22,109.126,0.01693762,7263.242,23.752,1714.611,55.906,0.04354981,40.534,113.955,-0.02301551,32235530000000.0,27744440000000.0,3.179773e+23,33.35,880.184082,4.33,558.332,3263,11865,M1.7,2013.10.12_00:43_TAI
175,1.5336e+22,120.352,0.01764805,6458.273,25.929,1535.209,64.72,0.04818864,43.99,122.401,0.34079009,27302130000000.0,12554920000000.0,2.160687e+23,34.556,891.899719,4.258,444.59,3263,11865,M1.8,2013.10.14_08:38_TAI
176,1.535597e+22,131.32,0.02748615,7451.309,23.263,1645.627,68.073,0.06624148,41.701,135.78,0.12757112,27306960000000.0,19418370000000.0,2.26769e+23,33.033,903.439697,4.293,629.818,3263,11865,M1.3,2013.10.14_23:36_TAI
177,3.201717e+22,96.016,-0.00584979,9806.915,31.991,2261.943,52.317,-0.01094996,43.896,101.547,-0.27564752,40113130000000.0,6237657000000.0,5.642134e+23,37.169,1135.925171,4.58,253.419,3258,11861,M1.2,2013.10.16_15:41_TAI
178,2.357478e+22,109.963,-0.00185569,4488.263,23.882,1816.166,55.734,-0.00597272,42.37,111.646,0.12234809,40719410000000.0,2576458000000.0,2.407789e+23,34.666,1149.549072,4.278,74.957,3291,11875,M1.0,2013.10.21_00:22_TAI
179,2.443152e+22,110.647,-0.00995677,7647.596,33.957,2515.171,66.229,-0.02887048,47.941,114.935,0.24450874,52269510000000.0,13319230000000.0,4.222906e+23,39.746,1458.736694,4.734,413.993,3291,11875,M1.0,2013.10.21_15:20_TAI
180,2.909832e+22,107.899,-0.00558371,11501.54,47.906,3546.802,73.491,-0.0140825,56.796,116.281,0.19750656,67147540000000.0,14868690000000.0,7.737323e+23,46.964,1798.98645,4.919,282.837,3291,11875,M2.7,2013.10.22_20:53_TAI
181,3.038597e+22,108.648,-0.0070825,13250.98,50.242,3904.675,77.06,-0.01657538,57.799,118.012,0.15942685,71370520000000.0,20672150000000.0,8.992697e+23,47.867,1824.135254,4.863,361.909,3291,11875,M1.4,2013.10.22_23:43_TAI
182,3.07717e+22,107.933,-0.00687498,13357.69,50.778,3953.193,76.613,-0.01598481,57.877,117.109,0.24430057,71900030000000.0,25328930000000.0,9.17226e+23,48.074,1837.375854,4.892,355.457,3291,11875,M3.1,2013.10.23_00:08_TAI
183,3.434718e+22,106.633,-0.00299167,15494.08,50.431,4147.177,73.742,-0.00596687,56.854,115.495,0.38673681,74864830000000.0,17261460000000.0,1.102588e+24,47.713,2019.052979,4.931,160.305,3291,11875,M2.5,2013.10.23_10:09_TAI
184,3.419376e+22,106.485,-0.00330044,15727.32,50.948,4182.984,74.039,-0.00651467,56.877,115.224,0.44647524,74822310000000.0,18206210000000.0,1.106926e+24,47.761,2013.446777,4.948,174.91,3291,11875,M3.5,2013.10.23_10:33_TAI
185,1.913309e+22,85.712,-0.01234266,14930.61,34.111,2255.976,53.401,-0.02215702,44.524,105.436,-0.00393672,29242960000000.0,12312510000000.0,4.991031e+23,37.982,533.493652,4.506,310.665,3311,11882,M1.0,2013.10.25_19:53_TAI
186,4.443219e+22,95.606,-0.01223648,10972.3,34.208,3215.311,52.768,-0.02574724,45.485,101.448,0.2089472,62367600000000.0,33229500000000.0,9.588761e+23,39.17,1838.830688,4.786,805.185,3291,11875,M3.5,2013.10.26_12:48_TAI
187,3.463439e+22,97.704,0.00773547,8674.458,34.387,2238.32,51.314,0.01939339,45.924,99.736,0.06669451,50542820000000.0,19374290000000.0,6.558488e+23,39.818,1717.238281,4.529,440.388,3295,11877,M1.4,2013.10.27_11:53_TAI
188,5.792214e+22,85.184,-0.00905142,10415.35,28.226,3529.473,44.988,-0.01868676,41.669,93.217,0.05731665,67097580000000.0,35733570000000.0,1.121239e+24,35.77,1898.348022,4.61,733.699,3291,11875,M2.8,2013.10.27_14:05_TAI
189,2.0304e+22,95.22,-0.02068002,14752.34,49.214,2341.193,67.289,-0.03627446,53.699,108.047,-0.05644119,38830220000000.0,15703510000000.0,5.560143e+23,47.366,778.499268,4.655,586.878,3311,11882,M2.7,2013.10.27_15:01_TAI
190,2.044253e+22,94.876,-0.01962464,14619.35,49.339,2324.823,66.203,-0.03490093,53.907,107.909,-0.07124526,39752900000000.0,14386220000000.0,5.611754e+23,47.495,782.204346,4.64,567.191,3311,11882,M4.4,2013.10.27_15:15_TAI
191,6.25806e+22,80.361,-0.00882283,10873.09,28.689,3799.072,42.987,-0.01736555,41.327,88.819,0.00649393,69916150000000.0,34618110000000.0,1.229157e+24,36.057,1955.866821,4.425,750.999,3291,11875,M1.5,2013.10.27_20:57_TAI
192,3.302605e+22,98.741,0.00603611,10705.48,43.318,3007.335,58.968,0.01429118,50.948,103.633,0.08852432,59983650000000.0,12012320000000.0,7.535625e+23,43.466,1744.871704,4.588,319.932,3321,11884,M6.3,2013.10.31_19:53_TAI
193,2.891164e+22,102.983,0.00701035,9779.875,44.741,2613.977,62.995,0.0177528,52.838,105.001,0.16476905,53099100000000.0,14362920000000.0,6.374823e+23,44.033,1685.751465,4.44,344.082,3321,11884,M1.6,2013.11.01_22:21_TAI
194,2.589895e+22,107.386,0.01033968,10716.71,42.101,2456.607,64.384,0.02289989,51.425,111.764,0.21171695,47351360000000.0,13923400000000.0,5.768195e+23,42.741,1607.026367,4.485,419.057,3321,11884,M5.0,2013.11.02_05:22_TAI
195,6.673493e+22,76.847,0.00653365,10451.86,31.515,4383.243,44.988,0.01284598,42.753,86.891,-0.21534225,77783690000000.0,21002690000000.0,1.239059e+24,37.05,2183.89917,4.815,583.226,3341,11890,M2.5,2013.11.04_08:18_TAI
196,7.11632e+22,84.704,0.01070413,11336.69,33.748,5331.488,49.664,0.02084095,43.912,94.745,-0.07134911,93272090000000.0,36218290000000.0,1.455562e+24,38.599,2338.015625,5.039,1034.832,3341,11890,X3.3,2013.11.04_22:12_TAI
197,6.073792e+22,92.495,0.01388232,12142.29,34.737,5284.916,55.186,0.02742484,45.022,100.184,-0.22787449,89507050000000.0,36866140000000.0,1.34706e+24,39.478,2489.069092,5.008,1159.646,3341,11890,M3.8,2013.11.05_13:46_TAI
198,5.691636e+22,99.976,0.01154914,12984.06,38.583,5373.76,59.992,0.0216957,47.164,108.867,-0.13284856,92759070000000.0,15611290000000.0,1.33695e+24,41.306,2477.682129,5.019,895.404,3341,11890,M2.3,2013.11.06_03:40_TAI
199,5.088054e+22,98.775,0.01294854,12562.1,42.4,4903.169,60.779,0.02731839,49.788,106.058,-0.09722812,89966030000000.0,27695990000000.0,1.24744e+24,43.346,2422.064209,4.961,968.175,3341,11890,M2.4,2013.11.06_14:25_TAI
200,6.46541e+21,117.208,0.02741333,9340.238,37.628,795.403,81.295,0.06424423,52.025,126.327,0.09636854,13930260000000.0,11008180000000.0,1.246751e+23,40.865,305.427887,4.225,275.531,3344,11891,M2.3,2013.11.07_09:28_TAI
201,4.860804e+22,67.847,-0.00360216,14148.08,31.174,2608.92,36.671,-0.00657788,41.915,72.483,0.00158741,46124880000000.0,9372322000000.0,1.249393e+24,36.195,1209.313477,4.346,239.511,3376,11899,M1.0,2013.11.14_02:29_TAI
202,2.118918e+22,109.164,-0.00628446,10809.67,45.96,2297.692,71.572,-0.01362442,54.183,112.746,0.21010637,42079220000000.0,12936070000000.0,4.875778e+23,44.888,1012.152771,4.446,213.445,3364,11900,M1.2,2013.11.15_04:53_TAI
203,2.051214e+22,117.005,-0.00250554,11577.55,44.433,2197.628,77.206,-0.00506195,53.482,119.68,0.00611101,39969670000000.0,4137306000000.0,4.771171e+23,43.955,1045.884277,4.582,77.745,3364,11900,M1.6,2013.11.15_07:49_TAI
204,2.733863e+22,111.635,0.00127278,9501.014,38.449,2598.597,65.004,0.00299569,49.671,115.777,0.10989676,50643540000000.0,2559065000000.0,5.548283e+23,41.79,1198.16626,4.824,55.964,3364,11900,M1.0,2013.11.16_05:10_TAI
205,4.329373e+22,92.898,-0.00812987,17936.31,36.288,3028.703,48.435,-0.0125492,46.096,97.06,-0.07911699,54667300000000.0,7786370000000.0,1.409942e+24,40.228,1874.664429,4.221,481.191,3376,11904,M1.1,2013.11.22_02:32_TAI
206,5.017621e+22,90.968,-0.00645784,14938.64,29.881,3408.533,45.247,-0.01116562,42.254,95.878,-0.17733207,60697450000000.0,11322910000000.0,1.380727e+24,36.682,1969.982544,4.331,449.427,3376,11904,M1.0,2013.11.22_12:57_TAI
207,1.536893e+22,113.116,0.00014694,5862.167,21.002,941.272,54.015,0.00036133,38.806,114.09,-0.19076824,19752540000000.0,2240014000000.0,1.789354e+23,32.463,675.293823,3.835,3.377,3437,11909,M1.2,2013.12.06_07:29_TAI
208,3.921114e+22,104.595,0.0061715,8740.472,32.132,3009.047,56.705,0.01305993,44.201,109.732,0.12450409,58319590000000.0,20728040000000.0,6.598182e+23,37.038,1477.576904,4.727,350.801,3497,11928,M1.9,2013.12.21_08:11_TAI
209,3.900286e+22,105.396,0.00636851,8869.165,31.033,3017.164,57.553,0.01301753,43.789,111.004,0.09410334,57091160000000.0,20235240000000.0,6.496509e+23,36.53,1487.399902,4.77,351.255,3497,11928,M1.1,2013.12.21_08:37_TAI
210,4.192649e+22,88.364,-0.00057049,6418.803,20.09,2447.695,41.27,-0.00141516,36.69,92.398,0.02899464,50139210000000.0,5480618000000.0,5.295731e+23,30.91,1245.888062,4.274,35.44,3520,11934,M1.6,2013.12.21_14:38_TAI
211,4.005324e+22,106.534,0.00217115,9184.531,30.206,3162.523,58.988,0.00416954,43.138,113.113,-0.3081874,56785950000000.0,8512659000000.0,6.62005e+23,35.892,1499.794556,4.82,117.829,3497,11928,M3.3,2013.12.21_15:12_TAI
212,4.296107e+22,103.033,0.00244846,8936.4,27.594,3308.642,56.165,0.00465122,41.54,109.393,-0.15093023,57604910000000.0,6515990000000.0,6.770537e+23,34.607,1449.291626,4.792,139.675,3497,11928,M1.6,2013.12.21_22:08_TAI
213,4.375241e+22,100.811,5.777e-05,8692.966,27.874,3411.818,55.374,0.00011383,41.523,107.208,-0.1186057,59719990000000.0,3591123000000.0,6.868139e+23,34.681,1435.036743,4.801,3.436,3497,11928,M1.3,2013.12.22_00:03_TAI
214,4.566653e+22,93.937,-0.00746112,8861.38,24.343,3554.001,50.832,-0.01457796,39.418,102.74,-0.13442995,57077850000000.0,10109490000000.0,7.068867e+23,32.719,1430.366211,4.885,448.167,3497,11928,M1.6,2013.12.22_09:06_TAI
215,1.499503e+22,124.12,-0.00576663,5331.264,26.497,1442.208,70.112,-0.01605695,45.238,125.019,0.39287648,28786870000000.0,8220470000000.0,1.70745e+23,35.768,981.339661,4.092,139.068,3535,11936,M3.1,2013.12.28_07:56_TAI
216,2.521671e+22,116.782,-0.00319886,9384.615,39.184,2570.548,73.848,-0.00766758,51.436,121.104,0.30975813,50278610000000.0,6385484000000.0,5.052449e+23,42.081,1490.717041,4.562,129.666,3535,11936,M6.4,2013.12.30_21:58_TAI
217,3.370342e+22,113.041,-0.00191022,7899.907,36.304,2969.858,64.793,-0.00447763,47.79,118.136,0.1572289,59549500000000.0,4180607000000.0,5.486385e+23,40.107,1689.716797,4.561,99.891,3535,11936,M9.9,2013.12.31_18:52_TAI
218,1.169343e+23,78.758,0.00856456,10313.41,30.381,7542.953,44.792,0.01688977,42.713,87.949,0.00064973,142378600000000.0,51578200000000.0,2.213053e+24,38.004,3627.456543,4.969,1383.793,3563,11944,M1.3,2014.01.03_10:25_TAI
219,1.169343e+23,78.758,0.00856456,10313.41,30.381,7542.953,44.792,0.01688977,42.713,87.949,0.00064973,142378600000000.0,51578200000000.0,2.213053e+24,38.004,3627.456543,4.969,1383.793,3563,11944,M1.3,2014.01.03_10:25_TAI
220,8.645056e+21,107.078,0.01387617,10324.65,48.864,840.086,73.341,0.02981336,57.089,111.693,0.1305497,16755110000000.0,4917490000000.0,1.942658e+23,46.63,361.579712,4.087,196.598,3580,11946,M1.0,2014.01.06_03:53_TAI
221,9.208553e+22,90.057,0.01350897,15384.97,48.864,7426.652,56.359,0.02723091,53.606,95.091,0.19479905,151320700000000.0,72063430000000.0,2.954067e+24,47.174,4496.787598,5.112,1953.018,3563,11944,M7.2,2014.01.06_10:13_TAI
222,8.476393e+22,77.694,0.00798782,11130.42,30.272,4571.227,40.632,0.01546633,41.933,84.081,-0.09712154,83403290000000.0,41090910000000.0,1.696924e+24,34.922,2715.32251,4.607,916.978,3563,11944,M1.3,2014.01.12_21:51_TAI
223,8.325792e+22,94.567,-0.00584021,13193.59,31.656,7628.563,51.823,-0.01109998,43.148,100.869,0.07755501,120992800000000.0,12617710000000.0,2.056395e+24,37.263,2696.802002,5.136,685.413,3686,11967,M1.0,2014.01.31_01:25_TAI
224,7.780908e+22,100.466,-0.0073778,14293.71,33.554,8028.357,56.553,-0.01315658,44.508,106.481,0.09463043,125876900000000.0,20669600000000.0,2.029419e+24,38.517,2886.016846,5.199,788.731,3686,11967,M3.0,2014.01.31_07:23_TAI
225,2.467759e+22,115.724,-0.00498313,5264.112,25.474,2205.282,58.981,-0.01460313,41.895,118.125,0.11127156,47661690000000.0,3535605000000.0,2.801492e+23,34.663,1410.858032,4.356,199.689,3688,11968,M2.6,2014.02.01_06:34_TAI
226,7.642752e+22,103.122,-0.01259241,18228.12,41.717,9644.953,65.626,-0.02134517,49.84,110.408,0.17098105,140841500000000.0,31705860000000.0,2.588921e+24,42.858,3399.223633,5.25,1346.695,3686,11967,M2.2,2014.02.01_08:20_TAI
227,7.659354e+22,100.128,-0.01335831,17528.71,41.739,9267.285,63.772,-0.02507111,49.975,106.941,0.16615762,145344900000000.0,30660060000000.0,2.623694e+24,43.134,3445.565674,5.258,1505.535,3686,11967,M4.4,2014.02.01_09:31_TAI
228,7.287728e+22,100.724,-0.01625506,20001.11,44.739,9399.67,66.097,-0.02787744,51.551,110.096,0.21076843,145558500000000.0,40030960000000.0,2.719348e+24,44.865,3545.108643,5.2,1664.111,3686,11967,M1.3,2014.02.01_14:06_TAI
229,7.635813e+22,101.995,-0.01917066,21053.93,46.331,10409.904,68.074,-0.02966469,52.535,110.863,0.19288281,144191100000000.0,56575440000000.0,2.939156e+24,45.719,3603.744873,5.417,2015.105,3686,11967,M1.3,2014.02.01_22:04_TAI
230,2.346591e+22,115.476,-0.00734665,7984.953,39.506,2315.319,72.141,-0.01837748,51.566,119.138,0.18545902,49955790000000.0,11570880000000.0,4.052354e+23,41.492,1621.713257,4.476,280.737,3688,11968,M3.8,2014.02.03_01:23_TAI
231,7.479867e+22,100.576,-0.02922837,25132.4,52.4,10216.24,71.938,-0.04160662,56.549,112.061,0.14506125,143748800000000.0,94488140000000.0,3.33489e+24,48.538,3883.043701,5.392,2920.265,3686,11967,M5.2,2014.02.03_04:00_TAI
232,7.377329e+22,100.229,-0.02696144,24043.29,52.756,9626.704,71.287,-0.04016656,56.438,111.266,0.23630834,138848200000000.0,93141180000000.0,3.184913e+24,48.473,3983.966309,5.466,2689.161,3686,11967,M1.4,2014.02.03_09:49_TAI
233,7.218475e+22,99.104,-0.02926943,23529.43,52.522,9501.064,69.646,-0.04591113,56.183,109.441,0.24706797,135985600000000.0,96938530000000.0,3.12953e+24,48.477,4015.615967,5.38,2931.274,3686,11967,M1.5,2014.02.03_16:02_TAI
234,7.144672e+22,105.218,-0.02639362,21292.09,48.347,9584.797,72.291,-0.04073127,53.58,113.069,0.27436295,133589400000000.0,78375660000000.0,2.745285e+24,46.023,3936.968506,5.36,2562.372,3686,11967,M1.3,2014.02.04_16:20_TAI
235,8.061821e+22,102.657,-0.01367872,16757.45,34.67,8162.099,59.41,-0.02223043,45.09,110.482,0.23172288,123102600000000.0,32718620000000.0,2.399271e+24,38.961,3365.584717,5.127,1474.661,3686,11967,M1.5,2014.02.05_23:05_TAI
236,8.350764e+22,104.138,-0.0138733,16056.7,31.173,8160.242,58.682,-0.02254518,43.125,111.372,0.10188972,123143700000000.0,32411890000000.0,2.345001e+24,37.237,3278.167236,5.131,1525.619,3686,11967,M2.0,2014.02.06_04:56_TAI
237,5.76266e+22,101.043,-0.01214812,9524.636,29.912,4445.93,56.373,-0.02628127,43.592,108.931,-0.0526572,85074850000000.0,50302690000000.0,1.026414e+24,37.474,2240.61499,4.973,985.747,3688,11968,M1.9,2014.02.06_10:29_TAI
238,1.763983e+22,109.721,0.00200446,8154.069,39.152,1792.835,68.419,0.00547508,52.501,111.486,0.29052779,37930710000000.0,4693836000000.0,3.416645e+23,41.215,1185.150635,4.348,63.243,3721,11974,M1.8,2014.02.10_16:51_TAI
239,2.036443e+22,111.287,-0.01533557,10964.62,45.191,2670.026,76.157,-0.03792126,56.146,117.588,0.04953983,47243440000000.0,18619090000000.0,5.076288e+23,44.73,1368.005371,4.773,534.583,3721,11974,M3.7,2014.02.11_04:25_TAI
240,2.167309e+22,110.77,-0.01567802,10387.68,44.849,2865.102,72.291,-0.03902875,55.824,118.433,0.29429427,52012330000000.0,19858370000000.0,5.19062e+23,44.738,1432.431274,4.768,589.854,3721,11974,M2.3,2014.02.11_06:58_TAI
241,2.312625e+22,108.677,-0.00455818,9967.262,48.395,3077.788,73.422,-0.01253367,58.011,115.45,0.14268674,58399120000000.0,3117555000000.0,5.645433e+23,46.546,1589.143188,4.878,194.402,3721,11974,M2.1,2014.02.11_15:51_TAI
242,2.637312e+22,117.345,-0.00831422,10304.9,47.116,3872.626,81.87,-0.02073045,57.658,122.493,0.23868836,71502180000000.0,13759560000000.0,6.264608e+23,46.034,1599.183228,4.938,380.567,3721,11974,M1.0,2014.02.12_02:51_TAI
243,2.628324e+22,115.565,-0.0031165,10857.17,47.593,4012.999,80.538,-0.00765615,58.056,123.624,0.15377295,72946940000000.0,4422714000000.0,6.590258e+23,46.689,1617.074585,5.021,142.433,3721,11974,M1.0,2014.02.12_08:12_TAI
244,3.241472e+22,115.279,-0.00207269,13580.88,49.464,4981.786,81.452,-0.00461968,57.077,124.992,0.16467853,90552860000000.0,16269420000000.0,9.683894e+23,47.327,1784.161987,5.088,111.279,3721,11974,M2.3,2014.02.13_02:57_TAI
245,3.427387e+22,108.096,-0.00216499,12384.76,48.709,4405.018,75.859,-0.00512277,56.56,116.443,0.03196673,82264340000000.0,21526150000000.0,9.616524e+23,46.842,1840.312134,5.075,126.578,3721,11974,M1.1,2014.02.13_13:28_TAI
246,3.595301e+22,110.036,-0.00235195,12832.87,49.033,4737.63,77.631,-0.00531852,56.647,119.741,-0.02373664,87149410000000.0,20884890000000.0,1.015468e+24,46.944,1913.444214,5.202,140.132,3721,11974,M1.0,2014.02.13_16:39_TAI
247,2.113974e+22,99.386,0.00098643,7680.9,38.836,1723.203,59.053,0.00305168,50.565,99.808,0.29222938,38933100000000.0,5737889000000.0,3.901006e+23,41.943,1298.377686,4.257,37.721,3740,11977,M1.1,2014.02.15_09:26_TAI
248,2.454127e+22,86.158,0.00412093,6070.176,20.82,1429.913,38.284,0.01046787,36.3,90.791,-0.15060009,26610550000000.0,2854520000000.0,2.970971e+23,30.428,680.018921,4.285,151.869,3730,11976,M3.0,2014.02.19_07:56_TAI
249,5.62806e+22,108.71,-0.00226881,5780.816,31.762,4537.523,59.06,-0.00655201,45.224,109.025,-0.09377633,95559380000000.0,4554199000000.0,7.233976e+23,37.589,2655.638672,4.664,213.774,3766,11982,M1.1,2014.02.25_15:01_TAI
250,1.795755e+22,80.354,-0.00309878,9815.655,32.269,1074.209,46.999,-0.00588031,42.93,90.389,0.21768576,18422500000000.0,2665844000000.0,3.094788e+23,37.616,502.806244,4.181,73.565,3804,11991,M1.1,2014.02.27_00:48_TAI
251,1.671957e+22,71.686,0.000661,800.3797,0.65,505.182,24.736,0.00300473,22.653,72.321,-0.01974778,12111690000000.0,1983307000000.0,3.058822e+22,17.531,249.693008,0.0,19.021,3779,11986,M1.1,2014.03.01_23:19_TAI
252,3.487533e+22,122.1,-0.00521009,4242.888,18.184,2685.186,58.645,-0.01656346,38.997,121.551,0.28312859,58459500000000.0,10672460000000.0,3.259304e+23,30.525,2542.764893,4.338,301.362,3784,11989,M1.2,2014.03.02_15:58_TAI
253,1.70442e+22,111.589,-0.01551962,10546.54,46.408,1765.262,73.689,-0.03362359,55.463,114.49,0.22525185,36624490000000.0,16291840000000.0,3.86377e+23,45.249,861.27594,4.506,428.109,3804,11991,M1.0,2014.03.04_02:10_TAI
254,8.606945e+21,99.076,-0.01582379,3909.277,7.61,609.965,50.883,-0.03077707,30.02,104.443,-0.15949354,9255896000000.0,5943530000000.0,5.382747e+22,23.836,223.03891,3.837,164.061,3836,12002,M1.0,2014.03.08_20:28_TAI
255,9.339587e+21,97.285,-0.01747314,4262.995,11.449,625.089,52.927,-0.03660246,33.657,106.76,-0.09992884,10392940000000.0,9892052000000.0,6.789207e+22,27.452,242.262894,3.833,209.538,3836,12002,M1.1,2014.03.09_00:26_TAI
256,1.049217e+22,100.482,-0.01146684,5420.291,13.506,825.332,56.782,-0.02529536,35.717,110.518,-0.08762138,13875820000000.0,8316865000000.0,1.004103e+23,28.952,252.079132,3.993,159.951,3836,12002,M1.0,2014.03.09_04:08_TAI
257,1.278455e+22,109.896,-0.01880891,5753.842,17.768,1130.481,59.296,-0.03964996,37.002,122.25,-0.06114666,19500960000000.0,16293700000000.0,1.286346e+23,31.061,423.740051,4.377,316.61,3836,12002,M1.7,2014.03.09_15:28_TAI
258,2.054155e+22,106.507,-0.00120353,4527.642,20.026,1413.384,52.627,-0.00339171,39.41,109.646,-0.27581057,29755760000000.0,4692065000000.0,1.972715e+23,32.464,769.976562,4.137,39.485,3813,11996,M1.4,2014.03.09_23:00_TAI
259,2.381459e+22,104.245,-0.00362696,4319.273,18.826,1688.163,52.989,-0.01011469,38.503,108.726,-0.28699887,36198270000000.0,5548006000000.0,2.136844e+23,31.668,844.473083,4.347,135.111,3813,11996,M3.5,2014.03.10_03:50_TAI
260,3.539029e+22,89.631,-0.00668087,6626.975,20.445,2336.209,47.225,-0.01428929,37.112,97.64,-0.21937062,38939780000000.0,11101060000000.0,4.180699e+23,31.066,1017.505493,4.514,317.355,3813,11996,M2.5,2014.03.11_11:05_TAI
261,3.822935e+22,70.786,-0.00720731,5647.585,19.567,2199.255,39.914,-0.01735862,37.161,78.195,-0.01767576,36873280000000.0,11898480000000.0,4.083507e+23,29.54,932.753845,4.36,392.402,3813,11996,M9.3,2014.03.11_22:34_TAI
262,2.639492e+22,109.826,0.01052175,3982.09,11.891,1960.736,52.91,0.03035102,34.366,114.165,0.21668899,38310980000000.0,20798120000000.0,2.130798e+23,27.641,1284.223633,4.42,423.921,3856,12010,M1.7,2014.03.19_03:56_TAI
263,1.083689e+22,118.442,0.00237612,6342.31,32.085,892.25,71.547,0.00617115,50.166,117.588,0.06705087,18675470000000.0,2313745000000.0,1.511568e+23,37.8,764.783936,3.506,42.64,3894,12017,M2.0,2014.03.27_19:18_TAI
264,1.077908e+22,121.958,0.00328595,6353.502,31.046,965.209,71.369,0.00843873,48.68,122.93,0.09098559,20948710000000.0,3677814000000.0,1.493985e+23,36.94,751.767944,3.586,58.181,3894,12017,M2.6,2014.03.27_23:51_TAI
265,1.268129e+22,118.281,0.01454859,7014.868,25.095,1218.948,65.183,0.0397124,42.859,123.86,0.1784803,24262250000000.0,14103510000000.0,1.868428e+23,34.688,820.385559,4.459,291.787,3894,12017,M2.1,2014.03.29_11:55_TAI
266,3.37596e+22,77.984,-7.794e-05,4841.841,14.427,1427.553,33.834,-0.00020421,33.038,81.414,-0.11113963,27877390000000.0,2915842000000.0,3.213932e+23,27.646,848.131287,4.231,3.896,3879,12014,M1.4,2014.03.30_08:07_TAI
267,4.311887e+22,106.102,0.01149601,5450.434,24.044,3266.805,53.283,0.03308992,41.072,108.024,0.1651255,68450650000000.0,31524810000000.0,5.057701e+23,33.873,2009.171265,4.504,803.238,4000,12035,M1.0,2014.04.15_19:59_TAI
268,7.827126e+22,70.105,0.00160211,10372.03,31.43,4585.568,39.099,0.00339722,43.169,78.205,-0.04270892,85260020000000.0,2569181000000.0,1.546865e+24,35.649,2276.028564,4.784,179.912,4097,12056,M5.2,2014.05.07_10:07_TAI
269,2.158576e+22,117.018,0.00146038,2712.057,10.849,1476.36,51.17,0.00482862,33.214,116.601,0.17710808,30187610000000.0,7373751000000.0,1.255276e+23,26.869,897.055176,3.917,50.897,4138,12065,M1.3,2014.05.23_18:35_TAI
270,1.240774e+22,102.482,0.01018051,6196.122,22.046,840.824,50.767,0.02643424,40.021,104.348,-0.0390233,17177270000000.0,10743880000000.0,1.536303e+23,33.732,431.053467,3.423,190.07,4186,12077,M1.3,2014.06.02_04:09_TAI
271,2.183295e+22,108.492,0.00765989,5374.442,18.717,1632.29,52.067,0.02044057,37.343,112.532,-0.01051803,33362600000000.0,7702098000000.0,2.371506e+23,31.144,922.061157,4.503,254.508,4197,12080,M1.4,2014.06.05_19:31_TAI
272,6.068879e+22,95.621,0.00356383,11612.76,48.069,4832.572,59.997,0.0080591,53.44,100.883,0.14202335,102031600000000.0,22690130000000.0,1.501712e+24,46.01,3078.03418,4.87,347.01,4197,12080,M1.8,2014.06.10_05:34_TAI
273,6.816004e+22,95.811,0.00602548,10660.24,37.407,4760.954,53.914,0.01211872,46.853,101.826,-0.11301165,96131050000000.0,26842250000000.0,1.386464e+24,40.341,3007.746094,4.838,590.087,4197,12085,M1.8,2014.06.11_09:37_TAI
274,3.565248e+21,144.564,0.02487393,6385.363,24.915,539.639,91.622,0.05967132,46.563,155.292,0.16572794,9624916000000.0,7866851000000.0,4.50969e+22,34.806,182.561783,3.962,132.28,4231,12089,M1.1,2014.06.11_20:03_TAI
275,6.392543e+22,66.171,0.00140382,6461.367,17.701,2774.578,31.902,0.00332038,34.208,74.635,0.00781576,46559940000000.0,4429224000000.0,7.54852e+23,28.043,2981.719482,0.0,123.484,4197,12085,M1.1,2014.06.14_11:39_TAI
276,2.245255e+22,103.963,0.0205896,5234.319,21.038,1660.857,47.805,0.06245822,38.719,104.121,0.68382019,32957700000000.0,27550590000000.0,2.570979e+23,32.494,1113.182495,3.409,761.465,4225,12087,M1.0,2014.06.15_00:01_TAI
277,1.146877e+22,90.02,0.00361106,4247.908,16.639,688.069,43.033,0.00875346,35.06,94.182,-0.2272062,12212900000000.0,3205339000000.0,9.228785e+22,27.871,273.216003,3.718,59.073,4344,12113,M1.2,2014.07.08_00:26_TAI
278,3.087912e+22,96.022,0.00072036,2702.874,7.835,1519.767,38.195,0.00221896,29.435,96.234,-0.19873719,32424120000000.0,5050988000000.0,1.678683e+23,24.88,816.385925,3.802,33.688,4294,12106,M1.5,2014.07.09_22:34_TAI
279,5.024535e+22,82.184,0.00077386,7115.601,25.12,3154.689,43.037,0.00189507,39.885,89.425,-0.21731082,60764060000000.0,8637598000000.0,6.926256e+23,32.984,1605.37854,0.0,56.72,4396,12130,M2.5,2014.07.30_11:14_TAI
280,2.074075e+22,129.642,-0.0007375,2533.339,9.684,1482.138,54.971,-0.00260884,33.06,128.898,0.27430376,32721160000000.0,4897134000000.0,1.143319e+23,26.127,1436.934448,3.601,25.062,4639,12182,M1.3,2014.10.08_01:43_TAI
281,2.070874e+22,130.207,-0.00039486,2526.891,9.081,1449.528,55.105,-0.00139275,32.767,129.389,0.23340753,32063500000000.0,4146744000000.0,1.134839e+23,25.929,1449.483643,3.722,13.353,4639,12182,M1.4,2014.10.08_01:58_TAI
282,1.982779e+22,131.99,0.00182063,2817.82,10.058,1480.744,57.227,0.00600547,33.377,132.065,0.20769942,31740200000000.0,3447128000000.0,1.182008e+23,26.288,1452.218872,3.774,57.494,4639,12182,M1.2,2014.10.08_06:59_TAI
283,1.249091e+23,80.176,-0.00506511,14303.42,33.775,8233.463,44.841,-0.00927889,43.821,92.394,-0.04389242,140513100000000.0,30091540000000.0,3.103764e+24,38.74,4227.217285,4.997,827.594,4698,12192,M3.9,2014.10.19_09:11_TAI
284,1.365083e+23,83.98,-0.00476762,13384.34,33.384,9268.647,46.563,-0.0092371,44.162,94.719,0.03880415,170044600000000.0,37521140000000.0,3.366548e+24,39.135,4440.582031,5.131,902.948,4698,12192,M4.5,2014.10.19_16:37_TAI
285,1.329179e+23,87.175,-0.0055913,14534.96,34.49,9673.208,47.704,-0.01002849,44.528,98.404,0.04313257,163378000000000.0,32085340000000.0,3.438724e+24,39.42,4576.804688,5.187,996.022,4698,12192,M1.4,2014.10.19_19:02_TAI
286,1.308395e+23,88.327,-0.00550902,15457.57,35.428,10058.913,49.464,-0.00954467,44.94,101.012,0.01150371,166347400000000.0,28716810000000.0,3.509341e+24,39.914,4645.686523,5.199,941.74,4698,12192,M1.7,2014.10.19_20:04_TAI
287,1.39232e+23,88.309,-0.00531158,14794.81,34.643,10679.933,48.996,-0.00971546,44.381,101.141,0.04642599,178697700000000.0,29009510000000.0,3.694583e+24,39.577,4735.427734,5.166,998.748,4698,12192,M1.2,2014.10.19_22:55_TAI
288,1.380013e+23,95.271,-0.00596269,17310.74,41.447,12354.98,55.462,-0.01065686,48.51,109.576,0.07297926,210650900000000.0,21381510000000.0,4.386728e+24,43.553,5533.27832,5.35,1137.754,4698,12192,M8.7,2014.10.21_01:59_TAI
289,1.324296e+23,97.22,-0.00602499,18254.02,43.699,11889.348,58.911,-0.00992013,49.681,110.793,0.02850861,204226100000000.0,22799120000000.0,4.273769e+24,44.433,5655.849121,5.363,1062.146,4698,12192,M2.7,2014.10.21_05:17_TAI
290,1.287257e+23,95.14,-0.00618713,18761.59,46.814,11688.285,59.802,-0.01072704,51.38,109.813,0.10008512,213292500000000.0,26103820000000.0,4.383311e+24,46.038,5950.770996,5.382,1088.422,4698,12192,X1.6,2014.10.21_14:28_TAI
291,1.321423e+23,95.75,-0.00358483,20200.48,50.353,11448.595,60.74,-0.00620174,53.215,109.191,0.12510623,216354400000000.0,11917370000000.0,4.903221e+24,47.543,6501.41748,5.398,655.189,4698,12192,M1.1,2014.10.22_09:50_TAI
292,1.42202e+23,95.081,-0.00287493,19356.54,53.128,11477.119,59.935,-0.00512563,54.666,104.974,0.0581721,221072100000000.0,6214474000000.0,5.276354e+24,49.2,6846.543945,5.417,590.085,4698,12192,X3.1,2014.10.23_21:41_TAI
293,1.502662e+23,96.008,-0.00348048,18389.8,50.852,12280.969,58.114,-0.00587998,53.155,105.777,0.02138764,226661300000000.0,11839180000000.0,5.151359e+24,47.855,7044.97998,5.359,734.111,4698,12192,X1.0,2014.10.24_17:08_TAI
294,1.644963e+23,92.418,-0.00207693,16178.9,44.031,12732.282,53.888,-0.00395699,49.566,102.635,0.12099912,238175300000000.0,25689450000000.0,5.149191e+24,44.603,7142.945801,5.459,497.723,4698,12192,X2.0,2014.10.25_10:56_TAI
295,1.695363e+23,97.407,-0.00191454,17386.12,41.615,13597.732,55.521,-0.00314168,47.911,108.259,0.019674,233089800000000.0,39250690000000.0,5.192767e+24,43.145,7112.023438,5.475,430.566,4698,12192,M1.0,2014.10.25_17:17_TAI
296,1.765877e+23,94.295,-0.00188722,15921.77,40.337,13236.691,52.707,-0.00339547,47.286,104.449,0.0936707,240311300000000.0,37030430000000.0,5.224653e+24,42.619,7067.698242,5.451,466.287,4698,12192,M1.9,2014.10.25_18:49_TAI
297,1.745042e+23,95.998,-0.00299593,16253.26,40.691,13129.162,54.482,-0.00516933,47.364,105.102,0.05260317,236778200000000.0,26030870000000.0,5.123903e+24,42.64,6992.087891,5.41,711.149,4698,12192,M2.4,2014.10.25_20:21_TAI
298,1.765318e+23,94.377,-0.00211513,15912.16,39.001,13100.229,53.588,-0.00361299,46.577,103.276,0.02170521,236663800000000.0,35918530000000.0,5.02495e+24,41.852,6900.827637,5.3,502.941,4698,12192,M7.1,2014.10.26_00:34_TAI
299,1.777957e+23,95.462,-0.00249516,16028.9,38.731,13148.165,54.285,-0.00419135,46.425,104.151,0.01047254,235300300000000.0,34647960000000.0,5.023094e+24,41.656,6936.214844,5.369,588.748,4698,12192,M1.0,2014.10.26_02:02_TAI
300,1.806752e+23,95.085,-0.00240096,15705.96,38.129,13339.108,52.832,-0.00411761,45.945,103.631,0.04879177,236508500000000.0,40821430000000.0,5.053216e+24,41.182,6957.290039,5.423,581.643,4698,12192,M1.3,2014.10.26_03:41_TAI
301,1.826344e+23,90.144,-0.0004808,15004.12,35.874,13077.992,50.528,-0.00088624,44.952,99.021,0.07932328,232913300000000.0,58774950000000.0,5.016744e+24,40.032,6883.268066,5.482,121.047,4698,12192,M6.7,2014.10.26_10:09_TAI
302,1.841372e+23,90.32,-0.00021518,15093.87,35.011,13269.779,50.314,-0.00037829,44.46,99.174,0.07920273,229387700000000.0,60941520000000.0,4.953963e+24,39.563,6823.04834,5.486,53.178,4698,12192,X2.0,2014.10.26_14:47_TAI
303,1.916893e+23,87.756,0.00013125,15091.48,33.938,13770.992,48.775,0.00022943,43.684,96.824,0.02448187,231998000000000.0,46851860000000.0,5.120248e+24,39.052,6773.321289,5.444,33.53,4698,12192,M1.4,2014.10.26_17:40_TAI
304,1.956649e+23,87.25,1.221e-05,14808.11,31.71,14156.545,48.619,2.053e-05,42.405,96.017,-0.03865151,232790000000000.0,38224270000000.0,4.973764e+24,37.76,6494.164551,5.324,3.088,4698,12192,M3.4,2014.10.27_02:42_TAI
305,1.961019e+23,86.765,-0.00054891,14556.5,31.3,13812.041,47.721,-0.00092657,42.078,95.422,-0.01125753,227636400000000.0,31885360000000.0,4.905257e+24,37.303,6506.261719,5.367,139.278,4698,12192,M6.6,2014.10.27_03:32_TAI
306,1.96394e+23,81.728,-0.00087268,13422.11,28.578,13130.025,45.242,-0.00153391,40.676,90.933,-0.02483752,211503200000000.0,20890500000000.0,4.560833e+24,35.157,6125.493164,5.244,223.275,4698,12192,M1.6,2014.10.27_14:06_TAI
307,1.96216e+23,73.243,0.00013076,13605.06,27.655,11812.092,41.539,0.00022252,40.051,83.029,-0.08218562,184870400000000.0,10430830000000.0,4.413843e+24,33.951,5580.368652,5.233,31.942,4698,12192,M1.0,2014.10.28_08:20_TAI
308,1.942777e+23,70.758,-0.00044847,13112.81,27.507,11537.965,40.534,-0.00079172,40.301,80.945,-0.02353142,181184000000000.0,3037544000000.0,4.327547e+24,33.707,5562.792969,5.218,111.442,4698,12192,M1.2,2014.10.28_10:01_TAI
309,1.909434e+23,69.187,-0.00030745,13464.62,27.645,11476.043,40.534,-0.00053905,40.244,80.285,0.00675982,176525500000000.0,4455235000000.0,4.321664e+24,33.61,5459.979492,5.256,74.303,4698,12192,M1.4,2014.10.28_14:33_TAI
310,1.948279e+23,68.202,-0.00100311,13631.61,27.795,11638.328,40.329,-0.00171289,39.872,80.565,-0.05309442,179956200000000.0,6659291000000.0,4.374681e+24,33.827,5388.207031,5.229,242.393,4698,12192,M1.0,2014.10.28_16:20_TAI
311,1.928616e+23,65.669,-0.00059989,13420.68,27.896,11364.622,39.187,-0.00106481,40.529,78.264,-0.01514305,175868300000000.0,8144499000000.0,4.398191e+24,33.786,5414.904785,5.218,148.025,4698,12192,M1.3,2014.10.28_18:50_TAI
312,4.953484e+22,85.001,0.0205768,6894.752,19.718,3914.222,46.896,0.04452963,35.953,96.006,-0.08383337,64143650000000.0,45079380000000.0,6.053018e+23,30.696,1308.449585,4.699,1360.23,4781,12205,M2.5,2014.11.05_22:16_TAI
313,4.827895e+22,89.611,0.02347118,7259.672,20.408,4107.798,49.154,0.04980458,36.802,100.907,-0.10943547,65772440000000.0,49054830000000.0,6.169381e+23,31.202,1359.003662,4.812,1501.921,4781,12205,M2.7,2014.11.06_02:49_TAI
314,4.389412e+22,92.195,0.02754938,7409.801,20.913,3983.368,49.541,0.06211685,37.418,101.679,0.02691982,62853470000000.0,54674070000000.0,5.934635e+23,31.786,1332.505127,4.757,1661.393,4781,12205,M1.0,2014.11.06_10:22_TAI
315,3.102833e+22,109.123,0.02633971,8138.149,34.274,3545.107,62.264,0.07596355,46.479,112.935,0.24706908,66377100000000.0,59143170000000.0,5.72177e+23,39.17,1625.62561,4.746,1394.424,4781,12205,M2.3,2014.11.08_15:32_TAI
316,1.06252e+23,71.603,0.00100349,8342.48,21.112,5204.915,33.14,0.0022743,35.773,79.629,0.01733452,94006710000000.0,4448828000000.0,1.627842e+24,30.67,3197.015137,4.585,147.436,4817,12209,M3.2,2014.11.14_12:03_TAI
317,1.314931e+23,87.787,0.00377932,7686.938,19.481,7714.841,41.123,0.00924983,36.74,92.284,0.06145165,153084500000000.0,39532050000000.0,1.999107e+24,31.089,4466.322266,4.845,740.071,4817,12209,M5.7,2014.11.15_17:48_TAI
318,3.584496e+22,91.695,-0.00428966,16686.35,51.688,2679.638,58.197,-0.00680775,54.929,96.902,0.00500059,52907180000000.0,3445026000000.0,1.131545e+24,48.077,1410.88208,4.771,219.035,4874,12222,M1.8,2014.11.30_06:41_TAI
319,3.402715e+22,95.154,-0.00332363,16285.87,53.721,2856.312,62.127,-0.00587347,56.206,102.119,0.03912684,54196110000000.0,6865977000000.0,1.101294e+24,49.242,1531.882202,4.755,169.236,4874,12222,M1.3,2014.12.03_08:10_TAI
320,3.530038e+22,96.674,-0.00198268,15929.77,50.529,2773.765,60.516,-0.00339363,54.469,103.877,0.09158196,53076550000000.0,4152530000000.0,1.087812e+24,47.81,1526.291992,4.631,101.946,4874,12222,M6.1,2014.12.03_18:25_TAI
321,3.653846e+22,94.35,-0.00102873,14769.73,50.505,2761.178,57.978,-0.00191239,54.221,100.659,0.0809995,55363600000000.0,2322582000000.0,1.100884e+24,47.782,1519.661499,4.679,57.737,4874,12222,M1.3,2014.12.03_19:41_TAI
322,3.477723e+22,94.97,-0.00368436,13975.13,45.752,2496.812,56.16,-0.00688388,52.367,100.449,0.02067768,49847700000000.0,2656962000000.0,9.730977e+23,45.441,1456.366699,4.66,193.163,4874,12222,M1.5,2014.12.04_12:25_TAI
323,5.560825e+22,108.187,0.00520035,4095.947,13.335,3476.876,44.236,0.01653711,33.33,108.702,0.37078378,75293150000000.0,24361080000000.0,4.849673e+23,27.317,3144.025879,4.234,463.632,4920,12242,M1.6,2014.12.13_19:33_TAI
324,5.941481e+22,109.45,0.00999622,9644.059,33.953,5291.7,61.747,0.0250347,47.257,114.592,0.47811294,105916100000000.0,40748550000000.0,1.221948e+24,38.864,4466.143066,5.021,953.659,4920,12242,M1.5,2014.12.16_01:10_TAI
325,2.733387e+22,101.006,0.01008956,10368.85,43.207,2299.756,63.046,0.02258144,51.754,108.985,0.1213378,50431160000000.0,15015910000000.0,5.88074e+23,44.511,1089.984985,4.753,430.875,4941,12241,M1.4,2014.12.16_19:01_TAI
326,8.766376e+22,107.373,0.01024403,10544.42,33.591,7463.121,59.556,0.02457562,45.117,114.061,0.29296654,143602900000000.0,68754030000000.0,1.879096e+24,38.533,4800.830078,5.226,1374.595,4920,12242,M1.3,2014.12.18_09:44_TAI
327,1.034249e+23,95.549,0.00665213,7195.446,25.365,6927.822,46.427,0.01782149,39.641,101.878,0.18677592,139235900000000.0,57029860000000.0,1.539546e+24,33.288,3651.19751,5.126,1071.685,4920,12242,M1.2,2014.12.20_07:32_TAI
328,9.392803e+22,92.694,0.00477825,6836.958,22.905,5753.036,44.896,0.01189268,38.333,97.735,-0.01331084,119651600000000.0,47834430000000.0,1.270307e+24,32.552,2994.421875,5.008,668.482,4920,12242,M1.0,2014.12.21_01:49_TAI
329,1.77472e+22,105.788,0.00153641,5437.988,21.788,1161.795,49.646,0.00428312,38.792,108.138,-0.06195044,25488870000000.0,4645534000000.0,2.047116e+23,32.351,715.437256,4.247,43.551,4955,12249,M2.2,2014.12.26_02:16_TAI
330,4.071046e+22,90.915,0.0019623,10836.75,49.211,3195.711,58.086,0.00460726,53.643,97.143,-0.05175582,70988640000000.0,10175360000000.0,9.615079e+23,47.047,1606.590698,4.876,131.097,5011,12253,M1.1,2015.01.02_09:47_TAI
331,3.594215e+22,91.095,0.00483064,13290.08,54.969,3029.516,61.919,0.01111446,57.124,98.565,-0.0089128,65840590000000.0,17463700000000.0,1.060736e+24,49.675,1822.082153,4.974,290.312,5011,12253,M1.3,2015.01.03_15:36_TAI
332,3.062179e+22,81.705,-0.00082344,8586.288,30.438,2018.188,47.531,-0.00178058,42.936,88.873,-0.08798233,36715470000000.0,3738679000000.0,4.969413e+23,36.956,839.099731,4.292,35.885,5026,12257,M4.9,2015.01.12_04:58_TAI
333,2.975067e+22,93.935,0.00144295,9944.769,36.919,1868.783,50.339,0.00318828,46.751,96.542,0.02569826,41654260000000.0,3015906000000.0,6.05347e+23,40.283,1149.066895,4.17,66.136,5107,12268,M1.1,2015.01.25_16:53_TAI
334,2.844237e+22,99.132,-0.0033359,12051.28,45.598,2152.403,62.428,-0.00707785,53.351,102.974,0.38330999,45517120000000.0,8763417000000.0,7.172158e+23,44.313,1496.577515,4.399,149.492,5107,12268,M1.4,2015.01.27_04:41_TAI
335,2.383763e+22,96.81,-0.00656354,12626.73,51.054,1826.831,63.01,-0.01434825,57.284,99.952,0.40490863,41430550000000.0,8235380000000.0,6.683728e+23,47.556,1629.372192,4.392,261.61,5107,12268,M2.1,2015.01.28_11:42_TAI
336,2.484539e+22,97.754,-0.00668703,13681.9,50.811,2011.612,65.332,-0.01382986,57.672,101.608,0.20933595,44097250000000.0,7989390000000.0,7.270427e+23,47.657,1631.794556,4.304,267.568,5107,12268,M2.0,2015.01.29_00:44_TAI
337,2.567067e+22,96.402,-0.00504311,11940.43,52.087,1959.15,65.433,-0.01184294,58.352,97.973,0.12633081,44880810000000.0,5469588000000.0,7.046875e+23,48.696,1666.764282,4.364,224.106,5107,12268,M1.7,2015.01.29_05:36_TAI
338,7.089648e+22,71.301,0.00226216,6236.896,20.324,3801.507,38.503,0.00508285,36.452,77.776,-0.12867352,65790200000000.0,7925267000000.0,7.989907e+23,29.796,1945.754761,4.656,218.21,5127,12277,M2.4,2015.01.29_12:16_TAI
339,2.604737e+22,123.128,-0.00727057,6682.86,27.175,2199.324,68.062,-0.01852181,44.706,124.703,0.49270073,46319220000000.0,10620680000000.0,3.570022e+23,34.802,2288.352783,4.041,292.459,5127,12277,M1.2,2015.02.03_02:15_TAI
340,3.022932e+22,84.622,0.01786164,6506.06,22.752,1875.221,41.578,0.04280549,37.92,90.092,-0.21385798,34955580000000.0,37095700000000.0,3.757336e+23,32.081,886.331177,4.261,776.696,5298,12297,M4.5,2015.03.08_14:33_TAI
341,2.903091e+22,103.502,0.03183938,9633.623,32.582,2773.889,55.249,0.07061788,44.429,110.235,0.10338405,47670060000000.0,54390240000000.0,5.536678e+23,38.704,1154.420898,4.851,1377.881,5298,12297,M2.9,2015.03.10_00:02_TAI
342,2.441201e+22,109.164,0.04721068,12333.33,35.149,2962.243,62.781,0.09467006,46.495,116.573,0.18455109,46471390000000.0,56216970000000.0,5.76106e+23,39.78,1247.062744,4.914,1660.541,5298,12297,M1.0,2015.03.10_18:51_TAI
343,2.465016e+22,102.452,0.04098912,13567.82,41.421,2933.521,63.165,0.0870783,50.478,113.003,0.18550964,49319890000000.0,62975100000000.0,6.892857e+23,43.473,1308.109863,4.988,1567.916,5298,12297,M3.2,2015.03.11_04:46_TAI
344,2.371727e+22,106.437,0.04613017,15911.99,43.291,3116.846,69.255,0.08805357,51.707,118.725,0.26296473,51703090000000.0,56381960000000.0,7.367819e+23,44.177,1350.246338,4.978,1608.328,5298,12297,M1.6,2015.03.11_11:50_TAI
345,2.371542e+22,105.847,0.04707745,16196.66,44.181,3200.725,69.339,0.08871289,52.075,119.343,0.27048209,52073080000000.0,56495040000000.0,7.461132e+23,44.476,1352.061646,5.005,1632.929,5298,12297,M1.4,2015.03.11_12:14_TAI
346,2.41822e+22,105.124,0.04719947,16511.05,44.186,3361.771,70.186,0.0895184,52.372,117.728,0.27709234,54417940000000.0,62582470000000.0,7.814928e+23,44.754,1382.05249,4.977,1682.142,5298,12297,M4.2,2015.03.11_14:08_TAI
347,2.5434e+22,109.386,0.05830004,18959.68,44.39,3894.999,77.205,0.09833068,52.999,123.545,0.17521118,56104150000000.0,66094790000000.0,8.975915e+23,44.635,1385.953735,5.064,2078.28,5298,12297,M2.7,2015.03.11_21:51_TAI
348,2.585339e+22,110.163,0.0618707,21060.15,47.782,4241.828,79.692,0.09910719,54.518,126.409,0.28344649,57820120000000.0,67039910000000.0,9.894526e+23,46.101,1367.356323,5.102,2188.676,5298,12297,M1.2,2015.03.12_04:01_TAI
349,2.318253e+22,109.689,0.06012075,18239.88,48.519,3571.779,79.114,0.10877275,56.193,120.277,0.23874843,51908490000000.0,61895120000000.0,8.352459e+23,46.996,1389.48938,4.92,2072.963,5298,12297,M1.3,2015.03.13_04:40_TAI
350,2.352953e+22,112.708,0.04675806,15164.98,42.746,3055.749,74.337,0.08727562,52.717,119.878,0.37501171,46434380000000.0,52470000000000.0,6.920226e+23,43.245,1431.439941,4.852,1606.607,5298,12297,M1.0,2015.03.14_09:40_TAI
351,2.756884e+22,104.879,0.03905259,11981.09,40.855,3397.321,64.984,0.08797835,50.573,111.685,0.35452622,57190110000000.0,58695070000000.0,7.140725e+23,42.532,1412.157959,4.692,1752.563,5298,12297,M1.2,2015.03.14_23:22_TAI
352,2.77225e+22,105.59,0.02851996,11941.94,39.13,2877.018,61.962,0.0617587,48.644,111.511,0.32043982,49226810000000.0,36209300000000.0,6.700764e+23,41.082,1400.352905,4.823,1204.911,5298,12297,M1.6,2015.03.15_10:58_TAI
353,1.673502e+22,113.766,0.00787489,5093.959,23.643,1475.78,61.431,0.02706918,43.104,115.254,0.22044127,32459520000000.0,12023800000000.0,2.010356e+23,33.83,1251.948486,4.156,234.018,5415,12320,M1.4,2015.04.07_14:43_TAI
354,8.388444e+21,89.632,-0.0105154,2454.757,9.939,436.3,39.498,-0.02947941,30.523,94.18,-0.27653337,8628312000000.0,5841886000000.0,4.001681e+22,24.274,151.323227,3.628,129.055,5446,12322,M1.0,2015.04.20_07:21_TAI
355,1.230549e+22,93.395,-0.01229435,3101.799,13.047,740.589,42.186,-0.02984137,33.333,99.204,-0.05220507,13128640000000.0,10318140000000.0,7.047343e+22,26.019,252.85733,3.72,210.332,5446,12322,M2.2,2015.04.20_11:57_TAI
356,5.068125e+22,96.743,-0.0049745,4092.798,17.343,3003.038,43.537,-0.01637425,36.165,97.627,0.25970742,67635040000000.0,13953260000000.0,4.587601e+23,30.243,2143.303955,4.053,419.843,5447,12325,M1.2,2015.04.20_22:01_TAI
357,2.649061e+22,100.319,0.00538627,7834.177,39.427,2207.644,60.568,0.01429537,49.472,103.763,0.15421073,49073440000000.0,8684654000000.0,4.6288e+23,42.338,1241.187988,4.561,239.63,5526,12335,M1.3,2015.05.04_14:25_TAI
358,2.524563e+22,105.354,0.0058018,8447.712,40.166,2233.84,65.211,0.01411596,49.804,109.442,0.1241921,46789990000000.0,9587698000000.0,4.509788e+23,42.409,1263.797485,4.498,233.215,5526,12335,M2.6,2015.05.04_17:24_TAI
359,5.699735e+22,82.488,0.00128533,3897.788,12.1,2835.275,37.319,0.00383563,31.916,87.984,-0.03162351,56538560000000.0,1703524000000.0,4.489937e+23,26.183,1631.55188,4.462,111.481,5637,12360,M1.3,2015.06.12_07:29_TAI
360,5.030321e+22,84.406,-0.01005872,18649.46,51.975,3790.262,56.851,-0.01494257,53.73,95.842,-0.13598129,66952040000000.0,23574690000000.0,1.586148e+24,47.933,1852.075806,4.995,644.16,5692,12371,M1.0,2015.06.19_06:48_TAI
361,5.012767e+22,79.442,-0.01105787,17702.28,57.464,3866.555,55.125,-0.01934268,56.835,88.759,-0.01320978,74063410000000.0,31609480000000.0,1.704056e+24,50.868,1849.319458,4.941,801.508,5692,12371,M2.7,2015.06.20_02:34_TAI
362,4.341204e+22,109.424,0.00573801,5334.497,18.022,2990.72,52.363,0.01446581,36.47,114.836,-0.02510257,58574390000000.0,21334610000000.0,4.428561e+23,31.039,1728.649536,4.532,358.677,5673,12367,M3.8,2015.06.20_09:44_TAI
363,4.860862e+22,99.811,0.00432562,4426.653,15.156,2896.809,45.61,0.0119043,34.685,104.311,-0.0543315,59478720000000.0,20352050000000.0,4.293165e+23,29.415,1616.292358,4.443,315.878,5673,12367,M1.1,2015.06.20_18:20_TAI
