,HARPNUM,NOAANUM,CLASS,PEAKTIME,USFLUX,MEANGBT,MEANJZH,MEANPOT,SHRGT45,TOTUSJH,MEANGBH,MEANALP,MEANGAM,MEANGBZ,MEANJZD,TOTUSJZ,SAVNCPP,TOTPOT,MEANSHR,AREA_ACR,R_VALUE,ABSNJZH,USFLUX_diff,MEANGBT_diff,MEANJZH_diff,MEANPOT_diff,SHRGT45_diff,TOTUSJH_diff,MEANGBH_diff,MEANALP_diff,MEANGAM_diff,MEANGBZ_diff,MEANJZD_diff,TOTUSJZ_diff,SAVNCPP_diff,TOTPOT_diff,MEANSHR_diff,AREA_ACR_diff,R_VALUE_diff,ABSNJZH_diff
0,377,11158,X2.2,2011-02-14 01:56:00,2.246101e+22,107.736,0.02172406,15533.1,54.882,2975.118,77.983,0.04141339,59.541,117.582,0.10488009,50329220000000.0,12261480000000.0,7.077275e+23,50.329,945.314636,4.805,745.287,5.061009999999999e+21,2.5690000000000026,0.00519124,2469.17,2.0060000000000002,399.7460000000001,5.388999999999996,0.01923358,0.21000000000000085,2.1680000000000064,0.00575502,5529220000000.0,14038520000000.0,1.9772750000000004e+23,0.4100000000000037,169.01428199999998,0.07699999999999996,45.618999999999915
1,401,11166,M2.0,2011-03-06 14:30:00,2.235615e+22,93.863,-0.00194259,10914.06,44.178,1636.71,56.639,-0.0039419,50.68,99.163,0.13036661,33448540000000.0,3884153000000.0,4.733711e+23,43.479,961.502686,4.303,63.441,5.243850000000002e+21,2.524000000000001,0.00241886,528.4200000000001,1.9299999999999997,168.11899999999991,4.195,0.004768929999999999,1.7560000000000002,3.0549999999999926,0.018080879999999994,2351460000000.0,2415847000000.0,7.56289e+22,1.7100000000000009,6.172057999999993,0.04900000000000038,110.088
2,393,11164,M3.7,2011-03-06 20:12:00,6.039302e+22,91.233,0.00753529,9912.353,29.044,4229.148,49.56,0.01502758,41.15,100.01,-0.13113055,76312050000000.0,34306470000000.0,1.074422e+24,35.873,1934.446167,4.865,615.008,3.293020000000003e+21,2.089999999999989,0.00021807999999999984,1071.157000000001,5.017999999999997,125.32799999999952,3.7269999999999968,0.001028369999999999,3.076999999999998,3.36399999999999,0.18367407000000002,6587950000000.0,4993530000000.0,1.1557799999999997e+23,2.6850000000000023,182.50036599999976,0.21699999999999964,16.89199999999994
3,637,11226,M2.5,2011-06-06 06:41:00,2.38494e+22,109.706,0.00961968,3703.91,13.5,1505.331,47.602,0.03090698,34.321,110.939,0.00458129,31363240000000.0,19693860000000.0,1.879337e+23,28.525,970.551636,3.971,367.53,6.494000000000013e+20,4.299999999999997,0.0007506500000000003,864.5510000000004,4.744,103.09100000000012,4.814,0.0035916900000000015,3.5279999999999987,4.5190000000000055,0.11569568,2136760000000.0,893860000000.0,3.7066299999999974e+22,2.3930000000000007,124.93078600000001,0.33199999999999985,38.47099999999995
4,750,11261,M6.0,2011-08-02 13:48:00,1.989983e+22,109.891,0.03284878,12062.61,44.09,2547.054,73.681,0.07986514,53.27,115.866,0.32201284,43012470000000.0,44606710000000.0,5.269515e+23,43.929,1259.099854,4.777,1080.528,7.001700000000041e+20,1.9339999999999975,0.0004524399999999984,1949.0499999999993,2.550999999999995,293.2049999999999,4.884,0.007744959999999995,2.367999999999995,4.799999999999997,0.24873826000000002,2587530000000.0,2306710000000.0,6.6048500000000005e+22,1.4809999999999945,14.433592999999973,0.006999999999999673,18.919000000000096
5,750,11261,M9.3,2011-08-03 03:57:00,2.240558e+22,109.474,0.03428198,12019.99,43.44,2862.191,70.452,0.07922547,51.866,118.352,-0.03461739,46755270000000.0,46375610000000.0,5.611343e+23,43.442,1285.486938,4.73,1205.011,2.805580000000001e+21,2.9339999999999975,0.0023922199999999935,142.5,2.102000000000004,377.951,1.4920000000000044,0.00036397999999999986,1.9770000000000039,5.817000000000007,0.30446788,5155270000000.0,6775610000000.0,4.513429999999998e+22,1.2169999999999987,29.280639000000065,0.008999999999999453,160.9079999999999
6,833,11283,X1.8,2011-09-06 22:38:00,1.574615e+22,113.941,0.01458327,10300.17,37.082,1630.318,69.928,0.0357644,49.86,118.314,0.24709737,29136470000000.0,18908720000000.0,3.384889e+23,39.761,1212.428345,4.336,360.819,3.5384999999999836e+20,4.926000000000002,0.006256870000000001,1083.4400000000005,2.408999999999999,31.28300000000013,1.5889999999999986,0.011711970000000002,1.6360000000000028,7.761999999999986,0.11676952999999998,4963530000000.0,5708720000000.0,1.0511099999999993e+22,1.850999999999999,84.85949699999992,0.016000000000000014,123.43300000000002
7,1449,11429,X1.1,2012-03-04 04:09:00,3.790051e+22,61.66,-0.02073732,14635.0,42.289,2375.819,42.751,-0.0316551,49.339,79.403,0.07020875,35664430000000.0,35521030000000.0,8.881245e+23,43.869,1152.677368,4.436,947.592,2.8005099999999967e+21,6.289999999999999,0.002330470000000001,1300.6800000000003,1.6730000000000018,196.38599999999997,5.217999999999996,3.252000000000116e-05,0.42799999999999727,4.688000000000002,0.08474516,6964430000000.0,2421030000000.0,5.5124499999999924e+22,0.09899999999999665,46.355347000000165,0.1200000000000001,39.66700000000003
8,1449,11429,X5.4,2012-03-06 00:24:00,5.332782e+22,89.149,-0.0321058,18206.98,45.66,5119.345,59.904,-0.04833915,51.177,106.736,-0.04734338,77800240000000.0,76721450000000.0,1.604684e+24,45.734,1720.481201,5.152,2130.605,5.627819999999994e+21,4.878,0.005545199999999997,2180.629999999999,4.354999999999997,894.7550000000001,1.014000000000003,0.008498019999999995,1.8729999999999976,5.201000000000008,0.08527496,13500240000000.0,23921450000000.0,3.7468400000000005e+23,1.8659999999999997,168.10485800000015,0.20199999999999996,592.587
9,1449,11430,X1.3,2012-03-06 01:14:00,5.372936e+22,89.536,-0.03300918,18189.7,46.386,5227.58,60.44,-0.04934162,51.243,107.903,-0.03644013,79464740000000.0,80033020000000.0,1.609369e+24,46.017,1736.178833,5.153,2198.94,5.62936e+21,4.933000000000007,0.00533024,2214.9500000000007,5.658000000000001,1006.3810000000003,1.7729999999999961,0.00798538,2.1750000000000043,5.588000000000008,0.07502990000000001,15864740000000.0,24233020000000.0,3.693690000000001e+23,2.3700000000000045,176.98889199999985,0.15699999999999914,587.528
10,1449,11429,M6.3,2012-03-08 03:53:00,5.639983e+22,95.573,-0.03076043,16383.31,51.824,5651.345,65.003,-0.05553329,54.025,107.621,-0.08451663,95208240000000.0,91721940000000.0,1.68714e+24,47.503,2318.047119,5.19,2385.133,1.0017000000000203e+20,5.164999999999992,0.0015497199999999975,276.1399999999994,1.0660000000000025,218.82899999999972,1.564,0.0006671999999999997,1.3840000000000003,4.787999999999997,0.058780849999999996,5791760000000.0,1821940000000.0,7.2859999999999984e+22,1.381999999999998,0.59375,0.09399999999999942,17.652000000000044
11,1449,11429,M8.4,2012-03-09 17:44:00,4.881572e+22,102.49,-0.02874016,13537.03,45.79,4394.236,63.16,-0.05521183,51.09,109.758,0.1725615,79809420000000.0,83911770000000.0,1.236781e+24,44.024,2390.994141,4.975,1977.036,1.3842800000000045e+21,5.242999999999995,0.0025036200000000015,369.9399999999987,2.538000000000004,103.03700000000026,0.7349999999999994,0.0018965200000000057,1.4519999999999982,5.040999999999997,0.21574008,3090580000000.0,3188230000000.0,1.332189999999998e+23,1.5570000000000022,40.46630899999991,0.02200000000000024,34.6400000000001
12,1449,11429,M7.9,2012-03-12 17:41:00,5.76152e+22,83.422,-0.01367048,8246.189,25.599,3219.169,41.314,-0.03144608,39.74,88.759,-0.08403038,61893650000000.0,53600290000000.0,9.171169e+23,33.159,1830.724365,4.643,1144.821,2.815200000000005e+21,10.977000000000004,0.0014648999999999999,1333.3989999999994,4.364000000000001,325.0450000000001,6.854999999999997,0.0005020400000000022,2.053999999999995,10.158000000000001,0.10935313,6106350000000.0,3000290000000.0,6.688309999999999e+22,2.911999999999999,60.522338999999874,0.011999999999999567,25.749000000000024
13,1638,11476,M5.1,2012-05-16 01:47:00,4.828057e+22,70.485,-0.0024137,6038.821,18.227,2197.012,33.587,-0.00647232,35.465,74.019,-0.05820522,45128880000000.0,11521760000000.0,6.006366e+23,29.107,1108.447754,4.126,180.764,2.5805700000000036e+21,15.772000000000006,0.00565185,1329.6480000000001,2.5090000000000003,304.16499999999996,6.529999999999994,0.01221993,1.3019999999999996,16.201999999999998,0.11123673,3171120000000.0,17278240000000.0,3.7363399999999965e+22,2.3689999999999998,242.95837400000005,0.45899999999999963,345.384
14,1750,11504,M1.2,2012-06-12 13:17:00,3.232311e+22,97.68,0.00929457,10377.11,44.486,2664.364,62.279,0.02008233,51.61,104.361,-0.0850023,56936110000000.0,19985930000000.0,6.819108e+23,44.473,1325.51001,4.775,459.895,1.1231100000000006e+21,2.6779999999999973,0.00428833,1773.1599999999999,7.772999999999996,349.942,1.929000000000002,0.009425669999999999,3.921999999999997,3.5549999999999926,0.060901090000000005,10036110000000.0,15695930000000.0,1.589108e+23,3.990000000000002,129.41906799999992,0.08200000000000074,230.855
15,1807,11515,X1.1,2012-07-05 23:08:00,5.890359e+22,108.829,-0.01959575,14403.22,36.217,6764.289,68.888,-0.03278823,47.028,123.649,-0.16078921,106275600000000.0,47115540000000.0,1.476021e+24,40.172,2217.558594,5.18,1512.086,8.203590000000004e+21,0.7070000000000078,0.006579659999999999,575.8199999999997,5.032000000000004,1005.665,1.8719999999999999,0.0087414,3.246000000000002,1.75,0.052326049999999985,9775600000000.0,27815540000000.0,1.6602100000000015e+23,2.7250000000000014,44.564941999999974,0.03300000000000036,584.65
16,1834,11520,X1.4,2012-07-11 16:49:00,8.513423e+22,94.978,0.00983,12369.13,46.49,6720.502,57.943,0.02239399,53.253,98.634,0.2659336,135443700000000.0,58564760000000.0,2.279624e+24,45.792,4573.26416,5.073,1364.139,1.0065770000000005e+22,0.929000000000002,0.0010640200000000006,547.0499999999993,2.6700000000000017,675.1119999999992,1.6340000000000003,0.0031280599999999985,1.5670000000000002,1.5079999999999956,0.023982329999999996,11556300000000.0,2335240000000.0,1.0037599999999998e+23,1.3590000000000018,124.64746100000048,0.006999999999999673,32.76999999999998
17,1834,11520,M1.8,2012-07-16 17:15:00,1.203519e+23,75.434,0.00586319,8107.142,24.0,6256.777,37.51,0.01279538,38.275,82.527,-0.08543855,112844000000000.0,49006970000000.0,1.798998e+24,31.981,3263.618164,4.95,979.652,2.3518999999999965e+21,8.349000000000004,0.0008878899999999997,778.6830000000009,1.7169999999999987,696.268,4.2080000000000055,0.00234905,1.4639999999999986,7.557000000000002,0.015300599999999998,15156000000000.0,12206970000000.0,1.5100200000000001e+23,1.796999999999997,242.92138699999987,0.009999999999999787,157.235
18,1879,11532,M6.2,2012-07-27 20:56:00,8.213395e+22,88.738,-0.00183925,6376.126,17.86,4586.609,42.014,-0.00413119,35.661,92.98,-0.01216695,83787700000000.0,4527767000000.0,9.52456e+23,29.677,2705.156982,4.618,206.875,5.666049999999999e+21,7.826999999999998,0.0008012799999999999,932.5259999999998,0.28500000000000014,223.37900000000081,4.167000000000002,0.00267139,0.13000000000000256,6.2379999999999995,0.04237054,587700000000.0,7772233000000.0,1.6456000000000065e+22,0.370000000000001,313.1440429999998,0.1880000000000006,134.80700000000002
19,2220,11618,M3.5,2012-11-20 15:30:00,1.640408e+22,112.987,-0.01173471,7374.259,40.045,2106.434,75.921,-0.03332901,53.481,116.525,0.32023033,40469530000000.0,13525080000000.0,2.869646e+23,43.022,919.80542,4.641,343.851,3.040800000000016e+20,12.588000000000008,0.007757619999999998,165.3199999999997,8.483,24.61299999999983,1.3959999999999866,0.013189890000000003,5.024999999999999,16.278999999999996,0.02324278000000002,2869530000000.0,674920000000.0,4.796459999999998e+22,5.106000000000002,63.37646500000005,0.06799999999999962,142.05399999999997
20,2635,11719,M6.5,2013-04-10 07:16:00,1.790322e+22,112.989,-0.0111969,7501.022,31.317,1506.448,63.663,-0.02634718,45.315,113.084,0.34572527,30011160000000.0,9861210000000.0,2.722829e+23,37.535,1129.59021,4.184,306.045,2.696780000000001e+21,3.287000000000006,6.432000000000139e-05,505.96100000000024,2.728999999999999,230.34299999999985,5.994999999999997,0.0012737999999999985,2.192,1.1640000000000015,0.012685389999999963,5188840000000.0,1938790000000.0,2.1717100000000004e+22,1.2509999999999977,77.66259800000012,0.004999999999999893,50.339
21,2739,11745,M5.0,2013-05-21 13:32:00,2.718966e+22,84.971,-0.00270795,2930.493,9.683,1118.987,32.101,-0.00857793,28.326,87.079,-0.16292079,24308880000000.0,4841860000000.0,1.62293e+23,23.57,672.540771,3.433,112.924,2.7103400000000004e+21,3.8299999999999983,0.0004264300000000002,209.85400000000027,1.2439999999999998,195.471,2.2659999999999982,0.0009448599999999996,2.0189999999999984,4.029000000000011,0.16985134000000002,5291120000000.0,1271860000000.0,3.870700000000002e+22,2.062000000000001,212.412415,0.23199999999999976,3.14200000000001
22,3291,11875,M4.3,2013-10-21 21:20:00,2.581545e+22,108.133,-0.00838837,8095.902,36.259,2626.222,65.014,-0.02442875,49.641,113.615,0.33699983,52835140000000.0,7843014000000.0,4.803974e+23,40.944,1548.595093,4.774,374.793,2.6154500000000015e+21,3.8200000000000074,0.00416415,1244.0839999999998,4.194000000000003,188.54100000000017,1.1270000000000095,0.010592709999999998,3.1169999999999973,3.1300000000000097,0.11071044,3235140000000.0,11956986000000.0,1.3339739999999998e+23,2.4170000000000016,173.757202,0.12100000000000044,103.33299999999997
23,3295,11877,M9.3,2013-10-23 00:30:00,3.725599e+22,96.755,0.00865832,10883.05,35.946,2530.608,50.933,0.018747,46.57,99.752,0.2006571,52764940000000.0,20976820000000.0,8.326618e+23,39.838,1520.805054,4.511,498.814,2.65599e+21,4.4739999999999895,0.002088089999999999,503.4500000000007,0.695999999999998,212.07799999999997,1.8019999999999996,0.0035421199999999993,0.6920000000000002,4.022999999999996,0.17935967,6964940000000.0,576820000000.0,5.766179999999995e+22,0.10800000000000409,155.98742700000003,0.028999999999999915,51.627999999999986
24,3291,11875,X1.0,2013-10-27 02:03:00,5.241538e+22,92.539,-0.01121087,10628.06,31.072,3671.849,50.835,-0.02233646,43.1,100.168,0.17250659,69887520000000.0,38450770000000.0,1.035019e+24,37.391,1930.773193,4.611,822.06,7.515380000000005e+21,4.263000000000005,2.9599999999997684e-06,538.8600000000006,3.0109999999999992,356.933,2.625,0.0010083900000000014,2.4129999999999967,3.039999999999992,0.023654409999999987,5287520000000.0,7450770000000.0,5.501899999999999e+22,1.6510000000000034,67.64135699999997,0.15200000000000014,80.95999999999992
25,3291,11875,M5.1,2013-10-27 04:41:00,5.538624e+22,90.602,-0.00947296,10030.7,29.521,3646.043,47.98,-0.01941137,42.435,97.508,0.20636785,69291790000000.0,37142030000000.0,1.045315e+24,36.611,1926.72876,4.589,743.334,9.48624e+21,6.944000000000003,0.0037070899999999997,1732.3799999999992,4.966000000000001,213.22900000000027,5.706000000000003,0.006237380000000001,2.530999999999999,8.209000000000003,0.05827267,4491790000000.0,257970000000.0,4.531499999999996e+22,2.4170000000000016,35.487670999999864,0.20399999999999974,102.41700000000003
26,3341,11890,X1.1,2013-11-07 04:26:00,4.776452e+22,102.417,0.00844044,12895.84,44.852,4618.385,65.067,0.01723538,51.549,108.751,-0.04082112,84622660000000.0,15001350000000.0,1.200892e+24,44.19,2366.622314,4.863,591.785,4.935480000000001e+21,6.403999999999996,0.0005962199999999997,1701.3400000000001,2.468999999999994,17.44300000000021,6.935999999999993,0.004031949999999999,1.5970000000000013,7.873000000000005,0.06519681,5777340000000.0,898650000000.0,3.910799999999986e+22,0.7740000000000009,35.02880899999991,0.04299999999999926,161.836
27,3341,11890,X1.1,2013-11-09 05:14:00,3.468783e+22,106.708,0.00975525,11885.88,44.647,3347.945,66.801,0.02061596,53.168,111.594,0.23124351,64393790000000.0,11108800000000.0,8.465006e+23,44.453,2177.477295,4.598,523.125,1.61217e+21,0.04399999999999693,0.0019857499999999997,455.3099999999995,3.155000000000001,150.48199999999997,2.908999999999992,0.005871290000000001,2.0350000000000037,3.1709999999999923,0.07250987,3606210000000.0,5191200000000.0,4.54994e+22,1.7539999999999978,32.54443399999991,0.0519999999999996,166.659
28,3563,11943,M4.0,2014-01-03 19:46:00,1.123732e+23,83.953,0.00783546,11092.67,32.912,7451.458,46.996,0.01489204,44.246,92.08,0.08615489,140658500000000.0,45130250000000.0,2.28996e+24,39.183,3756.068604,5.106,1217.96,3.626799999999988e+21,7.079000000000008,0.0005536299999999994,722.7900000000009,3.1759999999999984,363.0029999999997,4.259,0.0015483800000000002,1.7809999999999988,6.272999999999996,0.040421479999999996,8658500000000.0,8669750000000.0,9.996000000000002e+22,1.7719999999999985,162.4895019999999,0.08000000000000007,118.97599999999989
29,3563,11944,X1.2,2014-01-06 18:32:00,8.887493e+22,91.286,0.0146127,16349.03,50.73,7376.194,58.229,0.02751746,55.09,95.612,0.19380304,147539800000000.0,66697340000000.0,2.958335e+24,48.143,4566.675293,4.998,1990.937,5.425069999999993e+21,4.823999999999998,0.0010679100000000018,437.8199999999979,3.843999999999994,750.3499999999995,0.267000000000003,0.0007636399999999995,2.7520000000000024,6.919000000000011,0.020289539999999995,3460200000000.0,397340000000.0,3.16650000000004e+22,2.307000000000002,69.90332000000035,0.06700000000000017,113.38500000000022
30,3721,11974,M1.7,2014-02-10 03:31:00,1.899428e+22,112.222,0.00305002,7742.188,34.747,1735.345,65.63,0.00772371,49.065,112.411,0.12647933,35149670000000.0,3720052000000.0,3.215685e+23,39.166,1084.857788,4.178,95.389,7.942800000000018e+20,0.20600000000000307,0.00312321,645.4830000000002,4.690000000000001,82.13499999999999,3.860999999999997,0.008346870000000001,3.0899999999999963,1.0499999999999972,0.14926589,549670000000.0,2609948000000.0,4.25685e+22,2.097999999999999,107.89770499999997,0.19199999999999973,87.36300000000001
31,3894,12017,X1.0,2014-03-28 17:48:00,1.149691e+22,126.345,0.01271649,7356.699,29.798,1181.389,71.478,0.03146107,46.364,130.18,0.26780155,23450990000000.0,10955760000000.0,1.764955e+23,36.277,821.931335,4.407,229.723,7.969099999999993e+20,2.7109999999999985,0.008302150000000001,86.67500000000018,1.296000000000003,178.13999999999987,5.458000000000013,0.02028302,2.986000000000004,5.006,0.03209198999999999,3450990000000.0,4535760000000.0,6.495500000000003e+21,1.2019999999999982,42.22979699999996,0.3600000000000003,153.774
32,3999,12036,M7.3,2014-04-17 13:03:00,2.91765e+22,99.791,0.00325833,9813.272,48.57,2495.747,64.769,0.00802694,55.406,102.355,0.10946603,52801480000000.0,2892100000000.0,6.496682e+23,46.568,1534.237549,4.402,162.428,8.764999999999978e+20,3.094999999999999,0.0006541900000000002,1264.2279999999992,4.153999999999996,139.34000000000015,0.20300000000000296,0.0011478500000000006,1.7880000000000038,1.632000000000005,0.24172337,3398520000000.0,6087900000000.0,6.03318e+22,1.9220000000000041,56.61767599999985,0.15399999999999991,26.35900000000001
33,4000,12035,X1.3,2014-04-24 00:27:00,3.699734e+22,76.789,0.00317375,3689.466,13.513,1733.588,33.589,0.01039741,32.857,83.531,-0.05750597,34333390000000.0,3695145000000.0,2.922863e+23,25.632,1410.516724,4.633,189.317,3.040266e+22,5.364999999999995,0.005115110000000001,2000.3750000000005,4.301,2227.3019999999997,4.615000000000002,0.01038909,1.9320000000000022,9.347999999999999,0.18102625,32766610000000.0,23304855000000.0,4.337137e+23,2.2989999999999995,616.904785,0.02799999999999958,606.779
34,4071,12051,M1.8,2014-05-05 09:03:00,4.281129e+22,83.686,-0.00542484,7117.52,22.702,2676.917,42.738,-0.01202296,37.27,91.213,-0.23167101,45457220000000.0,8725597000000.0,5.515938e+23,31.048,1175.049316,4.57,316.561,6.112899999999994e+20,6.6229999999999905,0.0024680199999999996,424.6239999999998,3.3059999999999974,192.93600000000015,5.515999999999998,0.005547630000000001,2.997,5.131,0.09667103000000002,5242780000000.0,8274403000000.0,4.740620000000002e+22,2.8780000000000037,33.73449699999992,0.14200000000000035,155.59000000000003
35,4197,12085,M3.1,2014-06-11 22:16:00,7.753164e+22,92.68,0.00308389,9969.851,34.261,5121.67,51.516,0.00634874,45.373,98.381,-0.16185781,105271200000000.0,10052540000000.0,1.48699e+24,39.128,3039.433838,4.757,346.33,1.063164e+22,2.8669999999999902,0.0022554599999999995,848.2889999999989,3.7109999999999985,494.47400000000016,2.483000000000004,0.0043761600000000005,1.7610000000000028,3.358000000000004,0.04878347999999999,11571200000000.0,13447460000000.0,1.0699000000000022e+23,1.418999999999997,36.32739300000003,0.08700000000000063,167.06
36,4698,12192,M4.0,2014-10-23 07:48:00,1.361912e+23,93.43,-0.00275257,19751.25,53.153,11078.554,60.1,-0.00507789,54.997,103.843,0.12284084,213700900000000.0,12705450000000.0,5.20726e+24,49.126,6830.160156,5.331,546.421,2.808799999999997e+21,4.082999999999998,0.00046799999999999967,985.8199999999997,2.1239999999999952,1529.3420000000006,0.4379999999999953,0.0001517100000000002,1.311,7.438000000000002,0.0020351799999999975,8299100000000.0,305450000000.0,5.273999999999964e+22,1.286999999999999,65.55175799999961,0.17099999999999937,68.81099999999992
37,4781,12205,M2.0,2014-11-06 04:25:00,4.755801e+22,90.7,0.02568727,7232.147,19.835,4235.187,48.432,0.05631237,36.616,101.087,0.00079671,65719770000000.0,54774070000000.0,6.200353e+23,30.809,1334.581055,4.808,1658.139,1.7419900000000048e+21,14.597999999999999,0.00853005,1095.6179999999995,0.6609999999999978,671.4769999999999,6.253,0.01568596,0.23100000000000165,14.513000000000005,0.02521548,5919770000000.0,14974070000000.0,5.0035300000000025e+22,0.129999999999999,62.614014,0.13600000000000012,457.35699999999997
38,4781,12205,X1.6,2014-11-06 17:26:00,4.710546e+22,92.174,0.02097155,6418.685,22.757,4016.138,47.83,0.05759615,38.426,99.792,0.01841382,71981340000000.0,52294080000000.0,6.253255e+23,33.076,1404.910034,4.815,1538.431,1.79454e+21,3.865000000000009,0.0028227600000000005,456.366,2.7300000000000004,186.73800000000028,0.5349999999999966,0.001695839999999997,1.4510000000000005,1.4420000000000073,0.0065680800000000004,4881340000000.0,1105920000000.0,7.674500000000011e+21,1.8580000000000005,75.51672299999996,0.006000000000000227,111.34799999999996
39,4817,12209,M3.7,2014-11-14 20:46:00,1.1078e+23,80.634,0.00236184,9019.263,21.376,5932.746,36.951,0.00501151,36.305,87.934,0.07281394,107219800000000.0,16831400000000.0,1.794373e+24,31.229,3399.685059,4.94,353.811,7.799999999999885e+20,8.518,0.00338016,469.6850000000013,0.7339999999999982,525.1149999999998,3.7650000000000006,0.00734051,0.08400000000000318,7.673999999999992,0.09134396,7219800000000.0,931400000000.0,6.4373000000000055e+22,0.15800000000000125,193.41064499999993,0.28200000000000003,198.34399999999997
40,4941,12241,M1.1,2014-12-16 01:50:00,2.112068e+22,104.28,0.01318199,7653.133,33.314,1677.986,59.808,0.02929953,45.65,110.604,0.04811292,32744630000000.0,14448600000000.0,3.156743e+23,38.388,723.214417,4.614,409.42,5.12068e+21,1.7399999999999949,0.003608779999999999,1065.9769999999999,9.131,513.8020000000001,4.6640000000000015,0.00907707,5.561,3.2439999999999998,0.058901680000000005,11344630000000.0,8048600000000.0,1.2467429999999998e+23,4.921999999999997,216.56588800000003,0.35299999999999976,200.638
41,4920,12242,M8.7,2014-12-16 04:51:00,6.006345e+22,109.359,0.00927974,9663.436,34.32,5413.452,61.238,0.02289035,47.119,114.424,0.5693655,108544100000000.0,36061530000000.0,1.230139e+24,38.911,4560.821289,5.001,889.491,3.9634500000000005e+21,0.7010000000000076,0.0003092500000000005,1319.8420000000006,4.413,529.9369999999999,2.003,0.0016240999999999998,2.213000000000001,0.1519999999999868,0.11330219999999996,7544100000000.0,161530000000.0,2.101390000000001e+23,2.3930000000000007,178.75,0.052999999999999936,60.93999999999994
42,4920,12242,X1.8,2014-12-19 00:28:00,9.793799e+22,104.32,0.00771009,8724.559,29.926,7527.092,54.694,0.01997054,42.605,109.584,0.19874957,152535200000000.0,56145000000000.0,1.767663e+24,36.428,4591.686523,5.169,1176.212,9.737989999999997e+21,1.4950000000000045,0.0009580899999999991,1318.9009999999998,3.2600000000000016,237.16699999999946,3.289999999999999,0.001947220000000003,2.3090000000000046,2.049999999999997,0.18758431000000003,8535200000000.0,6055000000000.0,8.23370000000001e+22,1.666000000000004,137.6621099999993,0.03900000000000059,25.38799999999992
43,5026,12257,M5.6,2015-01-12 04:24:00,3.039078e+22,80.184,-0.00135032,8487.572,30.289,1978.587,47.322,-0.00293545,42.875,86.933,-0.07118814,35516240000000.0,6009816000000.0,4.894358e+23,36.895,830.961426,4.267,58.63,2.0907800000000007e+21,11.210000000000008,0.0001927299999999999,863.5550000000003,3.586999999999996,36.1880000000001,6.911999999999999,0.00061305,2.5,11.762999999999991,0.05339647,983760000000.0,3539816000000.0,4.435800000000038e+21,2.0730000000000004,99.22302200000001,0.1719999999999997,13.446000000000005
44,5144,12280,M2.4,2015-02-08 23:35:00,1.788694e+22,101.538,0.00280161,9082.224,42.812,1595.974,62.114,0.00714822,51.974,107.209,0.08737171,34209320000000.0,5230103000000.0,3.671549e+23,43.52,864.771606,4.516,85.272,1.7869400000000017e+21,8.453000000000003,0.00240577,952.905999999999,3.105000000000004,144.3510000000001,12.696000000000005,0.006157340000000001,3.136000000000003,5.2479999999999905,0.012599399999999997,890680000000.0,3190103000000.0,5.154899999999981e+21,1.4619999999999962,17.00231999999994,0.05999999999999961,74.51100000000001
45,5298,12297,M5.8,2015-03-08 23:53:00,3.251404e+22,90.629,0.0192042,6998.3,22.925,2226.28,44.025,0.04480061,38.372,97.112,-0.17215258,40022190000000.0,38734150000000.0,4.39999e+23,32.988,940.077209,4.502,909.146,1.514039999999997e+21,7.492000000000004,0.0016537100000000027,525.9530000000004,0.5330000000000013,315.7900000000002,2.8029999999999973,0.0027765499999999957,0.8629999999999995,7.649000000000001,0.02356541000000001,4322190000000.0,1834150000000.0,5.7998999999999986e+22,1.5090000000000003,77.56890800000008,0.15200000000000014,129.764
46,5298,12297,M5.1,2015-03-09 03:24:00,3.232448e+22,90.272,0.02065945,7287.256,24.492,2280.8,44.864,0.04989633,39.365,96.148,-0.09316363,41166690000000.0,39470250000000.0,4.676506e+23,34.058,957.782043,4.505,998.265,1.92448e+21,4.600999999999999,0.002814210000000001,680.0830000000005,1.3210000000000015,386.6930000000002,2.982999999999997,0.007856990000000001,1.1780000000000044,4.721999999999994,0.003944660000000003,6166690000000.0,4470250000000.0,8.56506e+22,1.679000000000002,70.12084900000002,0.18799999999999972,221.90800000000002
47,5298,12297,X2.2,2015-03-10 16:22:00,2.665935e+22,101.103,0.03828346,9854.149,33.951,3028.825,56.84,0.09529437,46.022,106.157,0.15815945,51750480000000.0,58707090000000.0,5.739193e+23,39.706,1218.618408,4.863,1678.883,2.440650000000002e+21,0.8960000000000008,0.0036987900000000004,412.3289999999997,2.8530000000000015,99.76899999999978,2.2930000000000064,0.016274910000000004,2.155999999999999,1.088000000000008,0.008832780000000012,3450480000000.0,4907090000000.0,1.6919299999999956e+22,1.9870000000000019,56.79394500000012,0.0129999999999999,142.3900000000001
48,5298,12297,M1.0,2015-03-16 23:34:00,3.59304e+22,89.515,0.01872587,7743.12,19.19,2750.498,41.75,0.04727825,35.426,94.062,0.09862386,44903090000000.0,31441620000000.0,5.651137e+23,29.951,1026.390137,4.482,1029.005,3.930399999999999e+21,14.085999999999999,0.0024052300000000013,2034.8399999999992,6.382999999999999,114.3409999999999,10.033999999999999,0.00011612999999999901,4.478999999999999,15.483000000000004,0.12549422,1596910000000.0,2841620000000.0,4.088630000000004e+22,4.195,204.97289999999998,0.33000000000000007,42.31000000000006
49,5692,12371,M3.0,2015-06-17 17:36:00,4.934381e+22,74.531,-0.00547031,11476.38,38.433,3126.947,45.86,-0.01007191,47.315,81.832,0.05587631,54160720000000.0,18860820000000.0,1.031276e+24,40.629,1509.345215,4.619,370.132,4.843809999999994e+21,0.9010000000000105,0.00094173,1427.2400000000016,0.7149999999999963,430.22800000000007,0.4540000000000006,0.00022529999999999946,0.8179999999999978,4.3870000000000005,0.13336142,10260720000000.0,5960820000000.0,7.527599999999999e+22,0.4269999999999996,36.16662599999995,0.011999999999999567,12.283000000000015
50,5692,12371,M2.0,2015-06-20 01:42:00,4.989108e+22,79.764,-0.01186295,17768.23,57.097,3774.024,55.205,-0.02062187,56.684,88.838,-0.00521457,72843820000000.0,32187950000000.0,1.691952e+24,50.666,1855.264648,4.933,850.598,8.920000000000262e+18,0.24600000000000932,0.00348856,280.77999999999884,2.0760000000000005,57.371000000000095,0.1739999999999995,0.00638583,1.3079999999999998,1.5450000000000017,0.02207084,1343820000000.0,15787950000000.0,7.195199999999983e+22,0.9139999999999944,8.704711000000088,0.06700000000000017,266.65999999999997
51,5692,12371,M2.6,2015-06-20 02:36:00,5.012767e+22,79.442,-0.01105787,17702.28,57.464,3866.555,55.125,-0.01934268,56.835,88.759,-0.01320978,74063410000000.0,31609480000000.0,1.704056e+24,50.868,1849.319458,4.941,801.508,7.2329999999999934e+19,0.30100000000000193,0.0025114299999999985,600.3899999999994,1.9450000000000003,140.95699999999988,0.6049999999999969,0.004424230000000001,1.0940000000000012,0.8340000000000032,0.00802955,1063410000000.0,14509480000000.0,8.405599999999983e+22,0.9359999999999999,19.926513999999997,0.012000000000000455,190.173
52,5692,12371,M6.5,2015-06-21 18:23:00,4.159746e+22,82.887,-0.01718576,20521.81,62.847,3377.469,59.945,-0.0290586,60.668,90.405,-0.1933084,65076780000000.0,36861720000000.0,1.654911e+24,53.971,1801.705322,4.753,1043.416,2.702539999999997e+21,3.382000000000005,0.00014484000000000025,897.2700000000004,0.6980000000000004,121.64499999999998,4.408999999999999,9.972000000000106e-05,0.47399999999999665,2.0600000000000023,0.13152967,2223220000000.0,38280000000.0,5.50889999999999e+22,0.2809999999999988,63.84814499999993,0.041999999999999815,71.70700000000011
53,5692,12371,M7.9,2015-06-24 08:16:00,4.158725e+22,90.713,-0.00872044,13462.55,48.526,3049.16,54.437,-0.01752003,53.031,96.946,-0.1010584,62401070000000.0,16235000000000.0,1.147359e+24,46.591,1754.862671,4.776,559.582,1.187250000000008e+21,3.184999999999988,0.0018431000000000003,1834.9900000000016,6.440999999999995,111.23900000000003,1.3250000000000028,0.003027830000000002,3.683,2.8799999999999955,0.035090529999999995,498930000000.0,6565000000000.0,1.3264099999999993e+23,3.360999999999997,9.806275000000142,0.1120000000000001,108.31899999999996
54,5885,12403,M1.4,2015-08-20 09:48:00,3.233581e+22,103.753,0.00067933,6952.538,23.885,2513.204,56.279,0.00152318,39.995,112.828,-0.21392909,47603430000000.0,8887037000000.0,4.091913e+23,33.861,1261.725586,4.801,30.105,3.4358100000000023e+21,3.7349999999999994,0.00149613,752.5569999999998,7.124000000000002,454.5060000000003,4.383000000000003,0.0032036499999999997,4.533999999999999,3.118000000000009,0.08253452,11603430000000.0,2007037000000.0,9.719129999999995e+22,4.205999999999996,328.00811799999997,0.1379999999999999,52.208
55,5885,12403,M1.2,2015-08-21 06:49:00,3.517949e+22,110.032,-0.0017656,8549.354,33.952,3130.372,63.132,-0.00385183,46.187,118.461,-0.19342014,61923770000000.0,8942747000000.0,5.769609e+23,39.089,1515.250977,4.943,89.719,7.948999999999915e+19,8.290999999999997,0.00020144999999999994,1681.9079999999994,6.527999999999999,419.991,5.842999999999996,0.00013853,3.7279999999999944,8.844999999999999,0.06862167,8023770000000.0,5502747000000.0,1.089609e+23,3.301000000000002,162.98730499999988,0.14100000000000001,9.518999999999991
56,5982,12423,M3.6,2015-09-27 03:55:00,7.038312e+21,122.469,0.00666934,4012.895,12.268,593.131,59.557,0.01531848,34.81,130.721,0.33500677,10417320000000.0,4348749000000.0,5.117197e+22,27.894,181.026672,3.786,64.039,2.798312e+21,12.50800000000001,0.00354651,1292.022,6.160000000000001,281.42199999999997,1.100999999999999,0.0077568,3.211000000000002,6.4339999999999975,0.58114169,4887320000000.0,3535749000000.0,3.0371970000000003e+22,3.9669999999999987,40.56617699999998,0.30500000000000016,46.042
57,6052,12445,M1.9,2015-11-03 03:26:00,2.213782e+22,90.271,0.0017851,9912.667,31.09,1406.498,52.861,0.00312264,43.553,96.217,0.03887552,25559910000000.0,2626233000000.0,3.791365e+23,37.277,594.803345,4.471,51.411,8.621800000000035e+20,11.043999999999997,0.00068501,202.2619999999988,2.0980000000000025,469.63200000000006,10.056000000000004,0.0012462299999999999,1.2980000000000018,14.469000000000008,0.10891817,7240090000000.0,786233000000.0,1.1365000000000093e+21,0.7609999999999957,166.792602,0.3380000000000001,19.152
58,6063,12443,M3.7,2015-11-03 13:52:00,3.315448e+22,107.088,0.00016479,10601.25,43.677,3119.689,66.483,0.00040016,53.433,110.543,0.29659054,64710620000000.0,8499922000000.0,7.795786e+23,44.055,2151.402832,4.54,9.124,4.945520000000003e+21,5.032999999999987,0.0028047799999999998,307.7099999999991,0.3149999999999977,67.654,3.778000000000006,0.00695723,0.517000000000003,5.496000000000009,0.08047697000000001,889380000000.0,8000078000000.0,9.14214e+22,0.054000000000002046,6.384276999999656,0.09799999999999986,180.026
59,6206,12473,M2.3,2016-01-01 00:11:00,3.434321e+22,92.016,0.00575525,4007.53,13.703,1804.161,39.338,0.01615693,32.827,95.985,0.08055934,36706790000000.0,16144650000000.0,2.773227e+23,27.18,892.069885,4.024,299.883,4.743209999999999e+21,11.534999999999997,0.00044906000000000026,1127.5570000000002,2.5600000000000023,197.70100000000002,4.661000000000001,0.0006361300000000004,1.2370000000000019,10.400000000000006,0.20087042,4706790000000.0,155350000000.0,1.567730000000001e+22,1.370000000000001,80.57775900000001,0.028999999999999915,33.10999999999996
60,6483,12529,M6.7,2016-04-17 00:29:00,5.026181e+22,79.752,-0.00676232,14368.04,43.489,2942.148,44.42,-0.01241915,49.165,86.554,0.1826116,61911530000000.0,28887380000000.0,1.422748e+24,44.187,1908.78479,4.353,504.192,2.361810000000003e+21,8.362000000000009,0.0021170399999999997,2875.6899999999987,5.290000000000006,216.06500000000005,8.128999999999998,0.0022263100000000004,3.695999999999998,8.320999999999998,0.004349829999999999,3988470000000.0,312620000000.0,1.4725200000000006e+23,2.9849999999999994,158.21203600000013,0.40000000000000036,103.53800000000001
61,6670,12567,M7.6,2016-07-22 05:16:00,4.74731e+22,73.395,-0.00427811,9956.528,37.828,2902.794,41.079,-0.00894469,46.551,80.145,-0.01839789,52715770000000.0,8417346000000.0,9.223108e+23,40.733,1411.067749,4.489,298.403,1.973099999999996e+21,6.3770000000000095,0.0010819000000000002,952.4719999999998,2.928999999999995,7.996000000000095,4.003,0.0019377700000000001,2.2049999999999983,5.683000000000007,0.01048431,2684230000000.0,4082654000000.0,5.368920000000003e+22,1.8019999999999996,119.64428699999985,0.2160000000000002,62.61499999999995
62,6670,12567,M5.5,2016-07-22 05:31:00,4.7458e+22,73.625,-0.00389459,9902.549,37.835,2913.755,41.48,-0.00815639,46.608,80.767,0.00812586,53206260000000.0,5377247000000.0,9.179156e+23,40.905,1422.726074,4.544,271.831,1.7580000000000047e+21,4.945999999999998,0.00140893,962.530999999999,3.3149999999999977,10.643999999999778,2.977000000000004,0.00269816,2.156000000000006,3.686000000000007,0.004135459999999999,2393740000000.0,7722753000000.0,6.408439999999995e+22,1.9279999999999973,121.52246100000002,0.1750000000000007,89.12700000000001
63,6972,12644,M4.4,2017-03-31 21:48:00,1.26972e+22,82.521,0.00167655,9737.677,45.03,701.932,46.826,0.00373262,50.116,86.083,0.37057492,16176550000000.0,3957700000000.0,2.630641e+23,43.028,427.894379,3.478,34.104,1.3972000000000016e+21,4.736000000000004,0.00227402,3679.9529999999995,6.369,23.44799999999998,6.1370000000000005,0.00360813,3.790999999999997,3.227000000000004,0.018872109999999997,1976550000000.0,877700000000.0,3.393590000000002e+22,2.823999999999998,38.48358099999996,0.5109999999999997,31.689000000000007
64,6972,12644,M5.3,2017-04-01 08:02:00,1.575222e+22,90.667,0.00224339,7841.309,38.571,957.551,46.727,0.00554357,47.27,94.96,0.03567007,21276880000000.0,3274184000000.0,2.669632e+23,40.256,514.755737,4.249,57.509,3.4522199999999996e+21,2.832000000000008,0.00010124999999999978,2732.8409999999994,7.661999999999999,249.5250000000001,4.176000000000002,0.0006034500000000002,3.198999999999998,4.6229999999999905,0.29067683,5176880000000.0,24184000000.0,3.679999999999371e+19,3.216000000000001,63.52416999999997,0.3129999999999997,12.975000000000001
65,6972,12644,M2.1,2017-04-01 18:38:00,2.325894e+22,96.684,0.01020839,6855.564,33.309,1883.0,53.173,0.02536344,44.707,107.359,-0.1565154,38393200000000.0,9947515000000.0,3.332518e+23,38.243,749.720032,4.456,373.658,7.958940000000001e+21,6.3019999999999925,0.0087195,1182.9899999999998,4.545999999999999,965.346,5.323,0.02172729,2.1430000000000007,13.241,0.27592738,18293200000000.0,8407515000000.0,7.125179999999997e+22,1.7029999999999959,246.29266399999995,0.3310000000000004,337.083
66,6972,12644,M1.2,2017-04-02 01:05:00,2.896197e+22,91.101,0.0069613,6799.521,30.037,2372.598,51.84,0.01581601,42.143,103.066,-0.00448094,43456270000000.0,9277593000000.0,3.82378e+23,36.207,872.685913,4.549,294.769,1.1461969999999999e+22,7.701000000000008,0.0008733200000000003,734.4810000000007,5.3969999999999985,1175.346,0.3609999999999971,0.001553729999999998,3.692999999999998,0.8969999999999914,0.12526284000000001,18156270000000.0,1217593000000.0,1.1137799999999998e+23,2.583999999999996,301.114014,0.2270000000000003,129.931
67,6972,12644,M5.8,2017-04-02 14:29:00,3.914156e+22,94.674,0.00850387,11506.23,35.483,3547.421,56.806,0.01504362,45.403,116.477,-0.04488815,55060310000000.0,15387510000000.0,7.77975e+23,39.277,1364.106934,4.877,432.949,9.641559999999996e+21,3.534000000000006,0.0007620200000000004,4316.004,4.0859999999999985,1186.5659999999998,4.527999999999999,0.0027200099999999984,2.570999999999998,13.795000000000002,0.04532041,10460310000000.0,3987510000000.0,3.62975e+23,2.2280000000000015,433.37658699999986,0.32200000000000006,96.356
68,7075,12665,M2.4,2017-07-13 02:09:00,2.801508e+22,92.661,-0.01153129,16157.14,53.189,2242.073,60.023,-0.01986703,57.078,95.303,0.13319348,45932720000000.0,10867100000000.0,9.351993e+23,49.416,1275.120483,4.323,502.557,9.150800000000008e+20,6.052000000000007,0.0022670699999999995,1232.3599999999988,2.520000000000003,268.79399999999987,3.794000000000004,0.0011072900000000004,1.5929999999999964,6.536999999999992,0.04944181,3532720000000.0,3117100000000.0,3.019930000000003e+22,1.2340000000000018,71.24426300000005,0.4540000000000002,79.608
69,7115,12673,M1.5,2017-09-03 15:30:00,1.402636e+22,113.272,-0.01698205,10984.6,52.697,1820.984,80.377,-0.03933228,61.159,120.609,-0.02906775,35849630000000.0,12849900000000.0,3.629503e+23,50.021,590.512634,4.547,422.496,8.996359999999999e+21,17.900000000000006,0.011736789999999999,1664.2960000000003,2.8739999999999952,1388.605,15.102999999999994,0.025484709999999997,0.5279999999999987,25.72099999999999,0.03672858999999999,25449630000000.0,9319900000000.0,2.3995029999999998e+23,0.3710000000000022,362.10392700000006,0.7639999999999998,370.52599999999995
70,7115,12673,X9.3,2017-09-05 12:02:00,3.788917e+22,107.061,-0.05318488,19742.46,54.154,6133.619,75.092,-0.08671843,56.122,126.083,0.11534667,82894590000000.0,81400980000000.0,1.388368e+24,48.974,1510.102295,5.247,2816.139,3.5891699999999955e+21,5.326000000000008,0.010050289999999996,493.1200000000026,1.9269999999999996,853.4349999999995,0.6680000000000064,0.01634861,2.195999999999998,5.513000000000005,0.17318368,8094590000000.0,23300980000000.0,7.83680000000002e+22,1.4640000000000057,161.8890379999998,0.09100000000000019,715.873
71,7115,12673,M7.3,2017-09-06 10:15:00,4.594636e+22,102.93,-0.05804894,20623.11,46.444,6720.365,72.178,-0.09135859,51.376,118.894,-0.1939228,89535300000000.0,93368970000000.0,1.661681e+24,44.945,1702.892334,5.266,3521.829,5.246360000000002e+21,2.634999999999991,0.008662319999999994,759.7799999999988,5.0589999999999975,126.95399999999972,3.3389999999999986,0.008531109999999995,3.0260000000000034,4.632999999999996,0.014533119999999983,6235300000000.0,2368970000000.0,1.3168099999999992e+23,2.584000000000003,147.14599599999997,0.05799999999999983,74.375
72,7115,12673,X1.3,2017-09-06 14:36:00,4.866939e+22,107.425,-0.05880231,20121.23,42.628,7552.219,74.428,-0.08989612,49.661,120.309,-0.19588085,96855140000000.0,95492090000000.0,1.698924e+24,43.288,1725.238525,5.306,3738.533,6.869389999999998e+21,4.233000000000004,0.009650829999999992,1830.5400000000009,7.698,934.0739999999996,1.2839999999999918,0.009564710000000004,3.988999999999997,0.15399999999999636,0.032566470000000014,15155140000000.0,4492090000000.0,1.1892400000000009e+23,3.7630000000000052,165.90014599999995,0.15399999999999991,27.072000000000116
73,7115,12673,M3.9,2017-09-06 23:59:00,5.379487e+22,98.906,-0.04438885,18285.56,40.466,7345.65,65.531,-0.0620529,47.259,112.357,-0.18934859,89560910000000.0,81198450000000.0,1.604617e+24,41.422,1733.589844,5.097,2933.037,8.494869999999999e+21,11.198999999999998,0.007414459999999998,3345.149999999998,6.704000000000001,11.831000000000131,11.422999999999988,0.00015031000000000072,4.533000000000001,14.028000000000006,0.12392687,11439090000000.0,2798450000000.0,1.553830000000001e+23,4.3629999999999995,15.704956000000038,0.2079999999999993,661.663
74,7115,12673,M1.2,2017-09-07 03:43:00,5.385992e+22,98.171,-0.04123109,18121.72,40.172,6641.907,63.756,-0.05853896,46.903,112.411,-0.20557223,84082680000000.0,74143230000000.0,1.580492e+24,41.332,1798.567505,5.124,2707.563,4.5599199999999963e+21,10.291999999999987,0.015772100000000004,1057.5200000000004,2.405000000000001,802.2539999999999,9.536000000000001,0.02494557,2.642000000000003,11.135999999999996,0.02511326,9517320000000.0,19056770000000.0,1.9507999999999995e+22,1.8329999999999984,40.694091999999955,0.16999999999999993,872.2939999999999
