Method,Time,C,Gamma,TSS Mean,TSS Std,HSS Mean,HSS Std
only_flares,12,0.001,1.0,0.0,0.0,0.0,0.0
only_flares,12,0.001,0.1,0.0,0.0,0.0,0.0
only_flares,12,0.001,0.01,0.0,0.0,0.0,0.0
only_flares,12,0.001,0.07,0.0,0.0,0.0,0.0
only_flares,12,0.001,0.001,0.0,0.0,0.0,0.0
only_flares,12,0.001,0.005,0.0,0.0,0.0,0.0
only_flares,12,0.01,1.0,0.0,0.0,0.0,0.0
only_flares,12,0.01,0.1,0.2814,0.066,0.2847,0.0683
only_flares,12,0.01,0.01,0.304,0.1013,0.3033,0.1027
only_flares,12,0.01,0.07,0.2981,0.0889,0.3005,0.0901
only_flares,12,0.01,0.001,0.0,0.0,0.0,0.0
only_flares,12,0.01,0.005,0.2057,0.0507,0.2129,0.056
only_flares,12,0.1,1.0,0.3239,0.07,0.3234,0.0677
only_flares,12,0.1,0.1,0.3324,0.0664,0.333,0.0666
only_flares,12,0.1,0.01,0.3216,0.0874,0.3208,0.0878
only_flares,12,0.1,0.07,0.3349,0.0685,0.3358,0.0688
only_flares,12,0.1,0.001,0.284,0.0724,0.2778,0.0713
only_flares,12,0.1,0.005,0.3291,0.091,0.3282,0.0915
only_flares,12,1.0,1.0,0.3597,0.0758,0.3575,0.0756
only_flares,12,1.0,0.1,0.3808,0.0815,0.3813,0.0821
only_flares,12,1.0,0.01,0.3401,0.081,0.3418,0.0817
only_flares,12,1.0,0.07,0.3761,0.0766,0.3764,0.0773
only_flares,12,1.0,0.001,0.327,0.0786,0.3253,0.0786
only_flares,12,1.0,0.005,0.3341,0.0886,0.3346,0.0891
only_flares,12,10.0,1.0,0.3918,0.069,0.3917,0.0696
only_flares,12,10.0,0.1,0.3789,0.0795,0.379,0.0785
only_flares,12,10.0,0.01,0.3694,0.0718,0.3703,0.0729
only_flares,12,10.0,0.07,0.3846,0.0799,0.3856,0.0799
only_flares,12,10.0,0.001,0.3331,0.0849,0.334,0.0855
only_flares,12,10.0,0.005,0.3658,0.0738,0.3675,0.0746
only_flares,12,100.0,1.0,0.3719,0.0756,0.3721,0.0755
only_flares,12,100.0,0.1,0.367,0.0545,0.3666,0.0541
only_flares,12,100.0,0.01,0.3915,0.0705,0.392,0.071
only_flares,12,100.0,0.07,0.3637,0.0774,0.3634,0.077
only_flares,12,100.0,0.001,0.3687,0.0759,0.371,0.0769
only_flares,12,100.0,0.005,0.3948,0.0719,0.3961,0.0725
only_flares,12,1000.0,1.0,0.3716,0.0725,0.3718,0.0725
only_flares,12,1000.0,0.1,0.303,0.0698,0.3031,0.0705
only_flares,12,1000.0,0.01,0.4009,0.077,0.4014,0.077
only_flares,12,1000.0,0.07,0.3412,0.0823,0.3411,0.0825
only_flares,12,1000.0,0.001,0.3802,0.0679,0.3805,0.0683
only_flares,12,1000.0,0.005,0.3905,0.0703,0.3901,0.0704
only_flares,12,10000.0,1.0,0.3716,0.0725,0.3718,0.0725
only_flares,12,10000.0,0.1,0.3017,0.0748,0.3021,0.0752
only_flares,12,10000.0,0.01,0.3725,0.0454,0.372,0.045
only_flares,12,10000.0,0.07,0.2873,0.0774,0.2875,0.0775
only_flares,12,10000.0,0.001,0.3829,0.0671,0.3835,0.0683
only_flares,12,10000.0,0.005,0.3826,0.0697,0.3827,0.0693
only_flares,12,100000.0,1.0,0.3716,0.0725,0.3718,0.0725
only_flares,12,100000.0,0.1,0.2942,0.0736,0.2943,0.074
only_flares,12,100000.0,0.01,0.3537,0.0488,0.354,0.0491
only_flares,12,100000.0,0.07,0.2873,0.0788,0.2874,0.0783
only_flares,12,100000.0,0.001,0.3694,0.0789,0.3688,0.0796
only_flares,12,100000.0,0.005,0.3723,0.0511,0.3719,0.0505
flare_linked,12,0.001,1.0,0.0,0.0,0.0,0.0
flare_linked,12,0.001,0.1,0.0,0.0,0.0,0.0
flare_linked,12,0.001,0.01,0.0,0.0,0.0,0.0
flare_linked,12,0.001,0.07,0.0,0.0,0.0,0.0
flare_linked,12,0.001,0.001,0.0,0.0,0.0,0.0
flare_linked,12,0.001,0.005,0.0,0.0,0.0,0.0
flare_linked,12,0.01,1.0,0.0,0.0,0.0,0.0
flare_linked,12,0.01,0.1,0.0131,0.0393,0.0096,0.0287
flare_linked,12,0.01,0.01,0.0,0.0,0.0,0.0
flare_linked,12,0.01,0.07,0.0,0.0,0.0,0.0
flare_linked,12,0.01,0.001,0.0,0.0,0.0,0.0
flare_linked,12,0.01,0.005,0.0,0.0,0.0,0.0
flare_linked,12,0.1,1.0,0.0344,0.0316,0.047,0.0425
flare_linked,12,0.1,0.1,0.1477,0.0732,0.108,0.0539
flare_linked,12,0.1,0.01,0.1411,0.077,0.096,0.0527
flare_linked,12,0.1,0.07,0.1553,0.0784,0.1103,0.0561
flare_linked,12,0.1,0.001,0.1343,0.0449,0.1065,0.0365
flare_linked,12,0.1,0.005,0.1348,0.062,0.0877,0.0402
flare_linked,12,1.0,1.0,0.0977,0.0544,0.0985,0.0534
flare_linked,12,1.0,0.1,0.1657,0.0519,0.1317,0.0399
flare_linked,12,1.0,0.01,0.1854,0.0888,0.1305,0.0637
flare_linked,12,1.0,0.07,0.1553,0.0393,0.1191,0.0297
flare_linked,12,1.0,0.001,0.1461,0.076,0.0979,0.0513
flare_linked,12,1.0,0.005,0.1697,0.0882,0.1166,0.0615
flare_linked,12,10.0,1.0,0.1102,0.057,0.12,0.0609
flare_linked,12,10.0,0.1,0.1497,0.0391,0.1272,0.0323
flare_linked,12,10.0,0.01,0.1857,0.0612,0.1353,0.0443
flare_linked,12,10.0,0.07,0.1175,0.0333,0.0969,0.0272
flare_linked,12,10.0,0.001,0.1751,0.079,0.1212,0.0559
flare_linked,12,10.0,0.005,0.1773,0.0627,0.128,0.0447
flare_linked,12,100.0,1.0,0.1035,0.0623,0.1125,0.0662
flare_linked,12,100.0,0.1,0.14,0.0669,0.1258,0.0588
flare_linked,12,100.0,0.01,0.1929,0.0686,0.1489,0.052
flare_linked,12,100.0,0.07,0.1804,0.0523,0.1562,0.0417
flare_linked,12,100.0,0.001,0.2048,0.0584,0.1468,0.044
flare_linked,12,100.0,0.005,0.2011,0.0561,0.1493,0.0413
flare_linked,12,1000.0,1.0,0.1054,0.0614,0.1146,0.0653
flare_linked,12,1000.0,0.1,0.1681,0.0662,0.162,0.0637
flare_linked,12,1000.0,0.01,0.1719,0.0449,0.1386,0.034
flare_linked,12,1000.0,0.07,0.1596,0.0586,0.15,0.0546
flare_linked,12,1000.0,0.001,0.208,0.0756,0.1522,0.0535
flare_linked,12,1000.0,0.005,0.1841,0.0547,0.1432,0.0411
flare_linked,12,10000.0,1.0,0.1035,0.0623,0.1125,0.0662
flare_linked,12,10000.0,0.1,0.1025,0.0685,0.1016,0.0681
flare_linked,12,10000.0,0.01,0.1838,0.0577,0.1566,0.0444
flare_linked,12,10000.0,0.07,0.1334,0.0807,0.1301,0.0796
flare_linked,12,10000.0,0.001,0.2028,0.0686,0.1527,0.0505
flare_linked,12,10000.0,0.005,0.1568,0.0327,0.1287,0.0244
flare_linked,12,100000.0,1.0,0.1035,0.0623,0.1125,0.0662
flare_linked,12,100000.0,0.1,0.1025,0.071,0.1012,0.0703
flare_linked,12,100000.0,0.01,0.1544,0.0658,0.1372,0.0577
flare_linked,12,100000.0,0.07,0.0958,0.08,0.0939,0.0783
flare_linked,12,100000.0,0.001,0.181,0.0744,0.142,0.0568
flare_linked,12,100000.0,0.005,0.1684,0.0527,0.1437,0.0419
only_cme,12,0.001,1.0,0.0,0.0,0.0,0.0
only_cme,12,0.001,0.1,0.0,0.0,0.0,0.0
only_cme,12,0.001,0.01,0.0,0.0,0.0,0.0
only_cme,12,0.001,0.07,0.0,0.0,0.0,0.0
only_cme,12,0.001,0.001,0.0,0.0,0.0,0.0
only_cme,12,0.001,0.005,0.0,0.0,0.0,0.0
only_cme,12,0.01,1.0,0.0,0.0,0.0,0.0
only_cme,12,0.01,0.1,0.3666,0.0761,0.3,0.0553
only_cme,12,0.01,0.01,0.3715,0.0668,0.2789,0.0484
only_cme,12,0.01,0.07,0.3688,0.0798,0.2967,0.0558
only_cme,12,0.01,0.001,0.0,0.0,0.0,0.0
only_cme,12,0.01,0.005,0.3294,0.0589,0.2408,0.0741
only_cme,12,0.1,1.0,0.127,0.0632,0.1657,0.0769
only_cme,12,0.1,0.1,0.4062,0.0739,0.3283,0.0599
only_cme,12,0.1,0.01,0.3935,0.0702,0.2994,0.0482
only_cme,12,0.1,0.07,0.4024,0.0746,0.3229,0.0566
only_cme,12,0.1,0.001,0.3639,0.0603,0.2519,0.0398
only_cme,12,0.1,0.005,0.381,0.0731,0.2873,0.0544
only_cme,12,1.0,1.0,0.2137,0.0453,0.2266,0.044
only_cme,12,1.0,0.1,0.4177,0.0633,0.3397,0.0518
only_cme,12,1.0,0.01,0.404,0.0716,0.3272,0.0573
only_cme,12,1.0,0.07,0.4249,0.0517,0.3475,0.0432
only_cme,12,1.0,0.001,0.3822,0.0722,0.2857,0.0517
only_cme,12,1.0,0.005,0.396,0.0676,0.3146,0.0527
only_cme,12,10.0,1.0,0.1605,0.0323,0.1867,0.0325
only_cme,12,10.0,0.1,0.3938,0.0675,0.3188,0.0546
only_cme,12,10.0,0.01,0.4161,0.0671,0.3388,0.0518
only_cme,12,10.0,0.07,0.3945,0.096,0.3175,0.0778
only_cme,12,10.0,0.001,0.4069,0.0737,0.3333,0.0624
only_cme,12,10.0,0.005,0.401,0.0678,0.3168,0.049
only_cme,12,100.0,1.0,0.1451,0.0285,0.1694,0.0279
only_cme,12,100.0,0.1,0.2869,0.0602,0.2524,0.0613
only_cme,12,100.0,0.01,0.3888,0.0583,0.3156,0.0453
only_cme,12,100.0,0.07,0.3257,0.0627,0.2766,0.0562
only_cme,12,100.0,0.001,0.3985,0.0784,0.3091,0.0547
only_cme,12,100.0,0.005,0.4027,0.0672,0.3297,0.0516
only_cme,12,1000.0,1.0,0.1473,0.0377,0.1711,0.0371
only_cme,12,1000.0,0.1,0.2452,0.0575,0.2375,0.0537
only_cme,12,1000.0,0.01,0.3999,0.0607,0.3169,0.0524
only_cme,12,1000.0,0.07,0.2477,0.0577,0.2336,0.0492
only_cme,12,1000.0,0.001,0.4123,0.0713,0.329,0.0511
only_cme,12,1000.0,0.005,0.3961,0.0708,0.316,0.0571
only_cme,12,10000.0,1.0,0.1473,0.0377,0.1711,0.0371
only_cme,12,10000.0,0.1,0.2268,0.0592,0.2239,0.0603
only_cme,12,10000.0,0.01,0.323,0.0639,0.2666,0.0517
only_cme,12,10000.0,0.07,0.2107,0.08,0.2043,0.0754
only_cme,12,10000.0,0.001,0.3997,0.0769,0.3255,0.0575
only_cme,12,10000.0,0.005,0.4009,0.0603,0.3194,0.0515
only_cme,12,100000.0,1.0,0.1473,0.0377,0.1711,0.0371
only_cme,12,100000.0,0.1,0.2225,0.0724,0.2209,0.0737
only_cme,12,100000.0,0.01,0.2891,0.0497,0.2463,0.0407
only_cme,12,100000.0,0.07,0.227,0.0836,0.2226,0.0828
only_cme,12,100000.0,0.001,0.411,0.0695,0.3253,0.0556
only_cme,12,100000.0,0.005,0.3335,0.0541,0.2707,0.0442
only_flares,24,0.001,1.0,0.0,0.0,0.0,0.0
only_flares,24,0.001,0.1,0.0,0.0,0.0,0.0
only_flares,24,0.001,0.01,0.0,0.0,0.0,0.0
only_flares,24,0.001,0.07,0.0,0.0,0.0,0.0
only_flares,24,0.001,0.001,0.0,0.0,0.0,0.0
only_flares,24,0.001,0.005,0.0,0.0,0.0,0.0
only_flares,24,0.01,1.0,0.0,0.0,0.0,0.0
only_flares,24,0.01,0.1,0.2204,0.0561,0.2255,0.0573
only_flares,24,0.01,0.01,0.2951,0.0909,0.2943,0.0911
only_flares,24,0.01,0.07,0.2735,0.0719,0.2756,0.0722
only_flares,24,0.01,0.001,0.0,0.0,0.0,0.0
only_flares,24,0.01,0.005,0.1949,0.0514,0.205,0.0535
only_flares,24,0.1,1.0,0.2488,0.0546,0.256,0.0524
only_flares,24,0.1,0.1,0.3123,0.082,0.3109,0.0811
only_flares,24,0.1,0.01,0.3136,0.083,0.3114,0.0818
only_flares,24,0.1,0.07,0.3148,0.073,0.3132,0.072
only_flares,24,0.1,0.001,0.2945,0.0788,0.2881,0.0763
only_flares,24,0.1,0.005,0.3076,0.0793,0.3058,0.0786
only_flares,24,1.0,1.0,0.3796,0.0703,0.3779,0.0699
only_flares,24,1.0,0.1,0.3921,0.0668,0.3915,0.0662
only_flares,24,1.0,0.01,0.3319,0.0908,0.3315,0.0905
only_flares,24,1.0,0.07,0.382,0.0714,0.3813,0.0706
only_flares,24,1.0,0.001,0.3164,0.0773,0.3136,0.0761
only_flares,24,1.0,0.005,0.327,0.0782,0.3264,0.0772
only_flares,24,10.0,1.0,0.3468,0.0808,0.3458,0.0803
only_flares,24,10.0,0.1,0.3923,0.0534,0.3925,0.0535
only_flares,24,10.0,0.01,0.3552,0.0706,0.3542,0.0704
only_flares,24,10.0,0.07,0.4155,0.0491,0.4158,0.0484
only_flares,24,10.0,0.001,0.3348,0.0944,0.3345,0.0934
only_flares,24,10.0,0.005,0.3416,0.0901,0.341,0.0896
only_flares,24,100.0,1.0,0.3397,0.0772,0.3391,0.077
only_flares,24,100.0,0.1,0.3709,0.0597,0.3709,0.0593
only_flares,24,100.0,0.01,0.3874,0.0687,0.3868,0.0668
only_flares,24,100.0,0.07,0.3799,0.0561,0.3804,0.0554
only_flares,24,100.0,0.001,0.3389,0.0806,0.3384,0.0799
only_flares,24,100.0,0.005,0.3838,0.0857,0.3824,0.0849
only_flares,24,1000.0,1.0,0.3397,0.0772,0.3391,0.077
only_flares,24,1000.0,0.1,0.3201,0.0622,0.3203,0.0608
only_flares,24,1000.0,0.01,0.4096,0.0524,0.4098,0.0521
only_flares,24,1000.0,0.07,0.3394,0.0451,0.3399,0.044
only_flares,24,1000.0,0.001,0.3584,0.0875,0.357,0.0871
only_flares,24,1000.0,0.005,0.3895,0.0618,0.389,0.0604
only_flares,24,10000.0,1.0,0.3397,0.0772,0.3391,0.077
only_flares,24,10000.0,0.1,0.2901,0.0513,0.2901,0.0506
only_flares,24,10000.0,0.01,0.4075,0.0544,0.4064,0.0535
only_flares,24,10000.0,0.07,0.2638,0.0555,0.2642,0.055
only_flares,24,10000.0,0.001,0.3819,0.084,0.3804,0.083
only_flares,24,10000.0,0.005,0.4088,0.0383,0.4086,0.0383
only_flares,24,100000.0,1.0,0.3397,0.0772,0.3391,0.077
only_flares,24,100000.0,0.1,0.2878,0.0515,0.2879,0.0508
only_flares,24,100000.0,0.01,0.3677,0.0572,0.3674,0.057
only_flares,24,100000.0,0.07,0.2742,0.0455,0.2746,0.0451
only_flares,24,100000.0,0.001,0.3938,0.0569,0.3933,0.0564
only_flares,24,100000.0,0.005,0.3929,0.0471,0.392,0.0471
flare_linked,24,0.001,1.0,0.0,0.0,0.0,0.0
flare_linked,24,0.001,0.1,0.0,0.0,0.0,0.0
flare_linked,24,0.001,0.01,0.0,0.0,0.0,0.0
flare_linked,24,0.001,0.07,0.0,0.0,0.0,0.0
flare_linked,24,0.001,0.001,0.0,0.0,0.0,0.0
flare_linked,24,0.001,0.005,0.0,0.0,0.0,0.0
flare_linked,24,0.01,1.0,0.0,0.0,0.0,0.0
flare_linked,24,0.01,0.1,0.0,0.0,0.0,0.0
flare_linked,24,0.01,0.01,0.0,0.0,0.0,0.0
flare_linked,24,0.01,0.07,0.0,0.0,0.0,0.0
flare_linked,24,0.01,0.001,0.0,0.0,0.0,0.0
flare_linked,24,0.01,0.005,0.0,0.0,0.0,0.0
flare_linked,24,0.1,1.0,0.0492,0.0229,0.0354,0.0216
flare_linked,24,0.1,0.1,0.1431,0.0718,0.1013,0.0506
flare_linked,24,0.1,0.01,0.1367,0.059,0.0914,0.0393
flare_linked,24,0.1,0.07,0.1504,0.069,0.1053,0.0477
flare_linked,24,0.1,0.001,0.0501,0.0218,0.0344,0.0245
flare_linked,24,0.1,0.005,0.1012,0.0715,0.0639,0.0455
flare_linked,24,1.0,1.0,0.1462,0.0682,0.1475,0.067
flare_linked,24,1.0,0.1,0.1355,0.0507,0.1054,0.0378
flare_linked,24,1.0,0.01,0.1708,0.0646,0.1179,0.0446
flare_linked,24,1.0,0.07,0.1571,0.0431,0.1189,0.0332
flare_linked,24,1.0,0.001,0.1181,0.0717,0.0777,0.0475
flare_linked,24,1.0,0.005,0.1565,0.0665,0.1068,0.0452
flare_linked,24,10.0,1.0,0.1479,0.0806,0.1605,0.0881
flare_linked,24,10.0,0.1,0.1785,0.0617,0.1508,0.0526
flare_linked,24,10.0,0.01,0.1621,0.0577,0.117,0.0423
flare_linked,24,10.0,0.07,0.1645,0.0597,0.1369,0.0511
flare_linked,24,10.0,0.001,0.1413,0.0782,0.0965,0.0538
flare_linked,24,10.0,0.005,0.1742,0.0565,0.1228,0.0401
flare_linked,24,100.0,1.0,0.1493,0.0636,0.1632,0.0701
flare_linked,24,100.0,0.1,0.1997,0.0505,0.1871,0.0496
flare_linked,24,100.0,0.01,0.1994,0.0392,0.1537,0.0322
flare_linked,24,100.0,0.07,0.1714,0.0588,0.1544,0.054
flare_linked,24,100.0,0.001,0.1722,0.0618,0.1205,0.0431
flare_linked,24,100.0,0.005,0.1748,0.0592,0.1298,0.0462
flare_linked,24,1000.0,1.0,0.1493,0.0636,0.1632,0.0701
flare_linked,24,1000.0,0.1,0.17,0.0611,0.1651,0.0583
flare_linked,24,1000.0,0.01,0.1722,0.0585,0.1386,0.0485
flare_linked,24,1000.0,0.07,0.1986,0.044,0.192,0.0411
flare_linked,24,1000.0,0.001,0.1635,0.0587,0.119,0.0433
flare_linked,24,1000.0,0.005,0.1717,0.0456,0.1357,0.0375
flare_linked,24,10000.0,1.0,0.1493,0.0636,0.1632,0.0701
flare_linked,24,10000.0,0.1,0.1461,0.0489,0.1435,0.0476
flare_linked,24,10000.0,0.01,0.1954,0.0623,0.1666,0.0559
flare_linked,24,10000.0,0.07,0.1686,0.0682,0.1653,0.0657
flare_linked,24,10000.0,0.001,0.1723,0.0492,0.1307,0.0394
flare_linked,24,10000.0,0.005,0.2111,0.0705,0.1719,0.0597
flare_linked,24,100000.0,1.0,0.1493,0.0636,0.1632,0.0701
flare_linked,24,100000.0,0.1,0.1461,0.05,0.1435,0.0488
flare_linked,24,100000.0,0.01,0.1918,0.0623,0.1738,0.0606
flare_linked,24,100000.0,0.07,0.1565,0.0397,0.1524,0.0379
flare_linked,24,100000.0,0.001,0.1893,0.0541,0.1505,0.0446
flare_linked,24,100000.0,0.005,0.2002,0.0717,0.1705,0.0623
only_cme,24,0.001,1.0,0.0,0.0,0.0,0.0
only_cme,24,0.001,0.1,0.0,0.0,0.0,0.0
only_cme,24,0.001,0.01,0.0,0.0,0.0,0.0
only_cme,24,0.001,0.07,0.0,0.0,0.0,0.0
only_cme,24,0.001,0.001,0.0,0.0,0.0,0.0
only_cme,24,0.001,0.005,0.0,0.0,0.0,0.0
only_cme,24,0.01,1.0,0.0,0.0,0.0,0.0
only_cme,24,0.01,0.1,0.3455,0.0835,0.2801,0.0574
only_cme,24,0.01,0.01,0.3678,0.0915,0.2685,0.0587
only_cme,24,0.01,0.07,0.3617,0.0736,0.2899,0.0513
only_cme,24,0.01,0.001,0.0,0.0,0.0,0.0
only_cme,24,0.01,0.005,0.3387,0.0954,0.223,0.0895
only_cme,24,0.1,1.0,0.1374,0.0841,0.1802,0.1018
only_cme,24,0.1,0.1,0.4067,0.0893,0.3206,0.0598
only_cme,24,0.1,0.01,0.4032,0.0756,0.3034,0.0468
only_cme,24,0.1,0.07,0.4203,0.0861,0.3313,0.0561
only_cme,24,0.1,0.001,0.3732,0.0751,0.2592,0.0455
only_cme,24,0.1,0.005,0.3823,0.0824,0.2811,0.0507
only_cme,24,1.0,1.0,0.2428,0.132,0.2488,0.1217
only_cme,24,1.0,0.1,0.4338,0.0962,0.3439,0.0675
only_cme,24,1.0,0.01,0.4232,0.0823,0.3319,0.0529
only_cme,24,1.0,0.07,0.438,0.0929,0.3464,0.0651
only_cme,24,1.0,0.001,0.3945,0.0752,0.2895,0.0489
only_cme,24,1.0,0.005,0.4199,0.0805,0.3293,0.0507
only_cme,24,10.0,1.0,0.1825,0.0948,0.2085,0.0975
only_cme,24,10.0,0.1,0.3897,0.1204,0.3192,0.0929
only_cme,24,10.0,0.01,0.4222,0.1055,0.3324,0.0738
only_cme,24,10.0,0.07,0.4073,0.1069,0.3249,0.0792
only_cme,24,10.0,0.001,0.4157,0.1001,0.3309,0.0677
only_cme,24,10.0,0.005,0.4186,0.0963,0.3223,0.0638
only_cme,24,100.0,1.0,0.1778,0.09,0.2037,0.0925
only_cme,24,100.0,0.1,0.3365,0.1097,0.2976,0.0881
only_cme,24,100.0,0.01,0.4349,0.0976,0.3515,0.0693
only_cme,24,100.0,0.07,0.368,0.1265,0.3163,0.1011
only_cme,24,100.0,0.001,0.4247,0.0905,0.3272,0.0627
only_cme,24,100.0,0.005,0.4215,0.1067,0.3361,0.0767
only_cme,24,1000.0,1.0,0.1784,0.09,0.2049,0.0929
only_cme,24,1000.0,0.1,0.257,0.1137,0.2426,0.1008
only_cme,24,1000.0,0.01,0.4036,0.0957,0.3245,0.0695
only_cme,24,1000.0,0.07,0.2816,0.1013,0.2599,0.0831
only_cme,24,1000.0,0.001,0.4217,0.1057,0.3299,0.072
only_cme,24,1000.0,0.005,0.4254,0.0988,0.3437,0.0684
only_cme,24,10000.0,1.0,0.1784,0.09,0.2049,0.0929
only_cme,24,10000.0,0.1,0.2544,0.1082,0.2445,0.1001
only_cme,24,10000.0,0.01,0.386,0.0887,0.3188,0.0645
only_cme,24,10000.0,0.07,0.2362,0.1,0.2272,0.0939
only_cme,24,10000.0,0.001,0.4195,0.1053,0.3404,0.0798
only_cme,24,10000.0,0.005,0.402,0.0951,0.3198,0.0688
only_cme,24,100000.0,1.0,0.1784,0.09,0.2049,0.0929
only_cme,24,100000.0,0.1,0.2583,0.1083,0.2487,0.1005
only_cme,24,100000.0,0.01,0.3285,0.0848,0.2864,0.0638
only_cme,24,100000.0,0.07,0.2437,0.0984,0.2347,0.0916
only_cme,24,100000.0,0.001,0.4456,0.0887,0.3556,0.058
only_cme,24,100000.0,0.005,0.3711,0.0796,0.3077,0.0582
only_flares,36,0.001,1.0,0.0,0.0,0.0,0.0
only_flares,36,0.001,0.1,0.0,0.0,0.0,0.0
only_flares,36,0.001,0.01,0.0,0.0,0.0,0.0
only_flares,36,0.001,0.07,0.0,0.0,0.0,0.0
only_flares,36,0.001,0.001,0.0,0.0,0.0,0.0
only_flares,36,0.001,0.005,0.0,0.0,0.0,0.0
only_flares,36,0.01,1.0,0.0,0.0,0.0,0.0
only_flares,36,0.01,0.1,0.2696,0.058,0.2684,0.0569
only_flares,36,0.01,0.01,0.3096,0.057,0.3066,0.0569
only_flares,36,0.01,0.07,0.271,0.0624,0.272,0.0612
only_flares,36,0.01,0.001,0.0,0.0,0.0,0.0
only_flares,36,0.01,0.005,0.16,0.0711,0.156,0.0721
only_flares,36,0.1,1.0,0.2949,0.0913,0.2944,0.0897
only_flares,36,0.1,0.1,0.3071,0.0533,0.306,0.0525
only_flares,36,0.1,0.01,0.3114,0.0614,0.3099,0.0609
only_flares,36,0.1,0.07,0.3081,0.0586,0.3069,0.0579
only_flares,36,0.1,0.001,0.282,0.0569,0.2771,0.0561
only_flares,36,0.1,0.005,0.3167,0.0606,0.3153,0.0596
only_flares,36,1.0,1.0,0.3585,0.0782,0.3569,0.0772
only_flares,36,1.0,0.1,0.3313,0.0674,0.3298,0.0677
only_flares,36,1.0,0.01,0.3244,0.0528,0.3233,0.0525
only_flares,36,1.0,0.07,0.3182,0.0592,0.3173,0.0596
only_flares,36,1.0,0.001,0.3151,0.063,0.3137,0.0625
only_flares,36,1.0,0.005,0.3221,0.0529,0.3214,0.0525
only_flares,36,10.0,1.0,0.3215,0.0979,0.3212,0.0973
only_flares,36,10.0,0.1,0.3236,0.1012,0.323,0.1013
only_flares,36,10.0,0.01,0.3316,0.0634,0.3306,0.0633
only_flares,36,10.0,0.07,0.3275,0.0809,0.3269,0.0813
only_flares,36,10.0,0.001,0.3256,0.0533,0.3252,0.0534
only_flares,36,10.0,0.005,0.3301,0.0577,0.3289,0.0573
only_flares,36,100.0,1.0,0.3125,0.0902,0.3126,0.09
only_flares,36,100.0,0.1,0.2899,0.0899,0.2894,0.0898
only_flares,36,100.0,0.01,0.343,0.0662,0.3422,0.0661
only_flares,36,100.0,0.07,0.2903,0.098,0.2898,0.0979
only_flares,36,100.0,0.001,0.3312,0.0704,0.3299,0.0704
only_flares,36,100.0,0.005,0.3352,0.0656,0.334,0.0654
only_flares,36,1000.0,1.0,0.3093,0.0892,0.3094,0.089
only_flares,36,1000.0,0.1,0.2666,0.0875,0.2668,0.0874
only_flares,36,1000.0,0.01,0.3353,0.0868,0.3344,0.0868
only_flares,36,1000.0,0.07,0.2835,0.0839,0.2837,0.0839
only_flares,36,1000.0,0.001,0.3291,0.067,0.3279,0.0666
only_flares,36,1000.0,0.005,0.3452,0.0558,0.3444,0.0558
only_flares,36,10000.0,1.0,0.3093,0.0892,0.3094,0.089
only_flares,36,10000.0,0.1,0.2551,0.0901,0.2552,0.0899
only_flares,36,10000.0,0.01,0.3198,0.0884,0.3193,0.0884
only_flares,36,10000.0,0.07,0.2664,0.085,0.2665,0.0844
only_flares,36,10000.0,0.001,0.3405,0.0702,0.3391,0.0697
only_flares,36,10000.0,0.005,0.3458,0.0765,0.3453,0.0767
only_flares,36,100000.0,1.0,0.3093,0.0892,0.3094,0.089
only_flares,36,100000.0,0.1,0.2508,0.0921,0.251,0.0919
only_flares,36,100000.0,0.01,0.2966,0.0799,0.2964,0.0804
only_flares,36,100000.0,0.07,0.2411,0.1072,0.241,0.1069
only_flares,36,100000.0,0.001,0.3385,0.0692,0.3376,0.0694
only_flares,36,100000.0,0.005,0.3219,0.0782,0.3211,0.0783
flare_linked,36,0.001,1.0,0.0,0.0,0.0,0.0
flare_linked,36,0.001,0.1,0.0,0.0,0.0,0.0
flare_linked,36,0.001,0.01,0.0,0.0,0.0,0.0
flare_linked,36,0.001,0.07,0.0,0.0,0.0,0.0
flare_linked,36,0.001,0.001,0.0,0.0,0.0,0.0
flare_linked,36,0.001,0.005,0.0,0.0,0.0,0.0
flare_linked,36,0.01,1.0,0.0,0.0,0.0,0.0
flare_linked,36,0.01,0.1,0.0,0.0,0.0,0.0
flare_linked,36,0.01,0.01,0.0,0.0,0.0,0.0
flare_linked,36,0.01,0.07,0.0,0.0,0.0,0.0
flare_linked,36,0.01,0.001,0.0,0.0,0.0,0.0
flare_linked,36,0.01,0.005,0.0,0.0,0.0,0.0
flare_linked,36,0.1,1.0,0.0637,0.0644,0.0652,0.0616
flare_linked,36,0.1,0.1,0.1749,0.0859,0.129,0.0644
flare_linked,36,0.1,0.01,0.1388,0.093,0.0939,0.0629
flare_linked,36,0.1,0.07,0.1733,0.0823,0.1258,0.061
flare_linked,36,0.1,0.001,0.1348,0.0781,0.1042,0.0694
flare_linked,36,0.1,0.005,0.1137,0.067,0.0738,0.0434
flare_linked,36,1.0,1.0,0.1432,0.0838,0.1424,0.0797
flare_linked,36,1.0,0.1,0.1359,0.0668,0.1056,0.0528
flare_linked,36,1.0,0.01,0.1714,0.0826,0.1236,0.0593
flare_linked,36,1.0,0.07,0.1525,0.0662,0.1166,0.053
flare_linked,36,1.0,0.001,0.1332,0.0782,0.0904,0.0525
flare_linked,36,1.0,0.005,0.1457,0.0861,0.1032,0.061
flare_linked,36,10.0,1.0,0.1314,0.0858,0.1393,0.0881
flare_linked,36,10.0,0.1,0.1231,0.0554,0.1021,0.0454
flare_linked,36,10.0,0.01,0.1864,0.0861,0.1388,0.0656
flare_linked,36,10.0,0.07,0.1161,0.0608,0.0942,0.0487
flare_linked,36,10.0,0.001,0.1426,0.0851,0.1015,0.0607
flare_linked,36,10.0,0.005,0.1936,0.1049,0.1439,0.0785
flare_linked,36,100.0,1.0,0.1271,0.0838,0.1363,0.089
flare_linked,36,100.0,0.1,0.1632,0.0473,0.15,0.0417
flare_linked,36,100.0,0.01,0.1832,0.0779,0.1423,0.06
flare_linked,36,100.0,0.07,0.1458,0.0892,0.1283,0.0783
flare_linked,36,100.0,0.001,0.197,0.0892,0.1444,0.0664
flare_linked,36,100.0,0.005,0.1974,0.0843,0.1494,0.065
flare_linked,36,1000.0,1.0,0.1316,0.0951,0.1406,0.0999
flare_linked,36,1000.0,0.1,0.1612,0.0755,0.1533,0.0703
flare_linked,36,1000.0,0.01,0.1412,0.0815,0.1149,0.0669
flare_linked,36,1000.0,0.07,0.1673,0.0686,0.1569,0.0619
flare_linked,36,1000.0,0.001,0.1953,0.0832,0.1446,0.0628
flare_linked,36,1000.0,0.005,0.1841,0.0796,0.1445,0.0627
flare_linked,36,10000.0,1.0,0.1316,0.0951,0.1406,0.0999
flare_linked,36,10000.0,0.1,0.1461,0.0828,0.1406,0.0789
flare_linked,36,10000.0,0.01,0.1259,0.0789,0.1055,0.0664
flare_linked,36,10000.0,0.07,0.1405,0.0803,0.135,0.077
flare_linked,36,10000.0,0.001,0.2107,0.0914,0.1592,0.0688
flare_linked,36,10000.0,0.005,0.1337,0.0899,0.1085,0.0729
flare_linked,36,100000.0,1.0,0.1316,0.0951,0.1406,0.0999
flare_linked,36,100000.0,0.1,0.1536,0.0829,0.1485,0.0788
flare_linked,36,100000.0,0.01,0.1787,0.0858,0.1594,0.0742
flare_linked,36,100000.0,0.07,0.1291,0.0627,0.1246,0.0605
flare_linked,36,100000.0,0.001,0.1853,0.0851,0.1453,0.0659
flare_linked,36,100000.0,0.005,0.1121,0.0927,0.0944,0.0783
only_cme,36,0.001,1.0,0.0,0.0,0.0,0.0
only_cme,36,0.001,0.1,0.0,0.0,0.0,0.0
only_cme,36,0.001,0.01,0.0,0.0,0.0,0.0
only_cme,36,0.001,0.07,0.0,0.0,0.0,0.0
only_cme,36,0.001,0.001,0.0,0.0,0.0,0.0
only_cme,36,0.001,0.005,0.0,0.0,0.0,0.0
only_cme,36,0.01,1.0,0.0,0.0,0.0,0.0
only_cme,36,0.01,0.1,0.3174,0.0977,0.2677,0.0792
only_cme,36,0.01,0.01,0.3366,0.1004,0.246,0.072
only_cme,36,0.01,0.07,0.3244,0.0927,0.2681,0.073
only_cme,36,0.01,0.001,0.0,0.0,0.0,0.0
only_cme,36,0.01,0.005,0.3219,0.077,0.286,0.0733
only_cme,36,0.1,1.0,0.1503,0.0688,0.1918,0.0832
only_cme,36,0.1,0.1,0.3565,0.0844,0.2929,0.0708
only_cme,36,0.1,0.01,0.3501,0.088,0.2668,0.0654
only_cme,36,0.1,0.07,0.3548,0.0854,0.2883,0.071
only_cme,36,0.1,0.001,0.3248,0.0985,0.2303,0.0672
only_cme,36,0.1,0.005,0.353,0.101,0.2648,0.0737
only_cme,36,1.0,1.0,0.2376,0.0836,0.2446,0.086
only_cme,36,1.0,0.1,0.3828,0.1002,0.3019,0.076
only_cme,36,1.0,0.01,0.3828,0.0931,0.3035,0.0768
only_cme,36,1.0,0.07,0.3923,0.104,0.3137,0.0781
only_cme,36,1.0,0.001,0.3611,0.097,0.2683,0.0701
only_cme,36,1.0,0.005,0.381,0.0841,0.2985,0.066
only_cme,36,10.0,1.0,0.1711,0.083,0.1968,0.094
only_cme,36,10.0,0.1,0.3649,0.1245,0.292,0.101
only_cme,36,10.0,0.01,0.37,0.0978,0.2968,0.0758
only_cme,36,10.0,0.07,0.3738,0.1108,0.2923,0.0871
only_cme,36,10.0,0.001,0.3853,0.0901,0.3059,0.0712
only_cme,36,10.0,0.005,0.3878,0.0815,0.3105,0.0684
only_cme,36,100.0,1.0,0.1765,0.0772,0.2017,0.086
only_cme,36,100.0,0.1,0.2806,0.0933,0.2485,0.0813
only_cme,36,100.0,0.01,0.3566,0.1043,0.2802,0.0779
only_cme,36,100.0,0.07,0.2973,0.1043,0.2503,0.0877
only_cme,36,100.0,0.001,0.3842,0.0768,0.3027,0.0638
only_cme,36,100.0,0.005,0.3799,0.1012,0.3031,0.0768
only_cme,36,1000.0,1.0,0.1758,0.0765,0.2006,0.0848
only_cme,36,1000.0,0.1,0.2251,0.0835,0.2141,0.0762
only_cme,36,1000.0,0.01,0.376,0.0999,0.2918,0.0798
only_cme,36,1000.0,0.07,0.2703,0.0799,0.2461,0.0674
only_cme,36,1000.0,0.001,0.3768,0.0873,0.2983,0.0635
only_cme,36,1000.0,0.005,0.3739,0.1296,0.2889,0.0977
only_cme,36,10000.0,1.0,0.1758,0.0765,0.2006,0.0848
only_cme,36,10000.0,0.1,0.2077,0.079,0.204,0.0773
only_cme,36,10000.0,0.01,0.3238,0.073,0.2589,0.0595
only_cme,36,10000.0,0.07,0.2125,0.0607,0.2046,0.0587
only_cme,36,10000.0,0.001,0.3729,0.1216,0.2939,0.0919
only_cme,36,10000.0,0.005,0.3578,0.0886,0.2751,0.0707
only_cme,36,100000.0,1.0,0.1758,0.0765,0.2006,0.0848
only_cme,36,100000.0,0.1,0.2109,0.0818,0.2065,0.08
only_cme,36,100000.0,0.01,0.3019,0.0733,0.2539,0.0616
only_cme,36,100000.0,0.07,0.215,0.0645,0.2085,0.0627
only_cme,36,100000.0,0.001,0.3932,0.1235,0.2995,0.0962
only_cme,36,100000.0,0.005,0.3296,0.0743,0.2642,0.059
only_flares,48,0.001,1.0,0.0,0.0,0.0,0.0
only_flares,48,0.001,0.1,0.0,0.0,0.0,0.0
only_flares,48,0.001,0.01,0.0,0.0,0.0,0.0
only_flares,48,0.001,0.07,0.0,0.0,0.0,0.0
only_flares,48,0.001,0.001,0.0,0.0,0.0,0.0
only_flares,48,0.001,0.005,0.0,0.0,0.0,0.0
only_flares,48,0.01,1.0,0.0,0.0,0.0,0.0
only_flares,48,0.01,0.1,0.1887,0.0684,0.1847,0.0654
only_flares,48,0.01,0.01,0.239,0.0565,0.2349,0.0547
only_flares,48,0.01,0.07,0.2632,0.0657,0.2617,0.0643
only_flares,48,0.01,0.001,0.0,0.0,0.0,0.0
only_flares,48,0.01,0.005,0.0918,0.0444,0.0902,0.0465
only_flares,48,0.1,1.0,0.3475,0.0846,0.3411,0.0829
only_flares,48,0.1,0.1,0.2931,0.0645,0.2925,0.0642
only_flares,48,0.1,0.01,0.3104,0.0699,0.309,0.0693
only_flares,48,0.1,0.07,0.2861,0.0677,0.2855,0.0674
only_flares,48,0.1,0.001,0.2562,0.0733,0.2518,0.0719
only_flares,48,0.1,0.005,0.3047,0.0659,0.3031,0.0656
only_flares,48,1.0,1.0,0.3753,0.0711,0.3731,0.0705
only_flares,48,1.0,0.1,0.3018,0.0682,0.3008,0.0681
only_flares,48,1.0,0.01,0.3049,0.062,0.3039,0.062
only_flares,48,1.0,0.07,0.2982,0.0773,0.2973,0.0772
only_flares,48,1.0,0.001,0.3087,0.079,0.3071,0.0783
only_flares,48,1.0,0.005,0.3069,0.0687,0.3063,0.0687
only_flares,48,10.0,1.0,0.323,0.0606,0.3225,0.0607
only_flares,48,10.0,0.1,0.3345,0.0666,0.3337,0.0666
only_flares,48,10.0,0.01,0.3006,0.072,0.3,0.0721
only_flares,48,10.0,0.07,0.3365,0.0593,0.3357,0.0591
only_flares,48,10.0,0.001,0.3159,0.0664,0.3157,0.0664
only_flares,48,10.0,0.005,0.29,0.0718,0.2895,0.072
only_flares,48,100.0,1.0,0.3313,0.0595,0.3308,0.0594
only_flares,48,100.0,0.1,0.3424,0.0645,0.342,0.0642
only_flares,48,100.0,0.01,0.3251,0.0634,0.3242,0.0632
only_flares,48,100.0,0.07,0.3586,0.0738,0.358,0.0735
only_flares,48,100.0,0.001,0.2941,0.0722,0.2936,0.0724
only_flares,48,100.0,0.005,0.3042,0.0706,0.3034,0.0706
only_flares,48,1000.0,1.0,0.3314,0.0612,0.3309,0.0611
only_flares,48,1000.0,0.1,0.3303,0.055,0.3301,0.0545
only_flares,48,1000.0,0.01,0.3387,0.068,0.3382,0.0683
only_flares,48,1000.0,0.07,0.3389,0.0656,0.3387,0.0655
only_flares,48,1000.0,0.001,0.3086,0.0722,0.3078,0.0722
only_flares,48,1000.0,0.005,0.3406,0.0697,0.3398,0.0698
only_flares,48,10000.0,1.0,0.3314,0.0612,0.3309,0.0611
only_flares,48,10000.0,0.1,0.3174,0.0644,0.3172,0.0638
only_flares,48,10000.0,0.01,0.349,0.0614,0.3483,0.0617
only_flares,48,10000.0,0.07,0.2931,0.0597,0.2931,0.0598
only_flares,48,10000.0,0.001,0.312,0.0657,0.3111,0.0659
only_flares,48,10000.0,0.005,0.3359,0.0818,0.3357,0.082
only_flares,48,100000.0,1.0,0.3304,0.06,0.3299,0.0599
only_flares,48,100000.0,0.1,0.3054,0.0674,0.3055,0.067
only_flares,48,100000.0,0.01,0.3763,0.0843,0.3757,0.0841
only_flares,48,100000.0,0.07,0.293,0.047,0.2931,0.0468
only_flares,48,100000.0,0.001,0.347,0.0636,0.3462,0.0636
only_flares,48,100000.0,0.005,0.3419,0.0761,0.341,0.0762
flare_linked,48,0.001,1.0,0.0,0.0,0.0,0.0
flare_linked,48,0.001,0.1,0.0,0.0,0.0,0.0
flare_linked,48,0.001,0.01,0.0,0.0,0.0,0.0
flare_linked,48,0.001,0.07,0.0,0.0,0.0,0.0
flare_linked,48,0.001,0.001,0.0,0.0,0.0,0.0
flare_linked,48,0.001,0.005,0.0,0.0,0.0,0.0
flare_linked,48,0.01,1.0,0.0,0.0,0.0,0.0
flare_linked,48,0.01,0.1,0.0,0.0,0.0,0.0
flare_linked,48,0.01,0.01,0.0,0.0,0.0,0.0
flare_linked,48,0.01,0.07,0.0,0.0,0.0,0.0
flare_linked,48,0.01,0.001,0.0,0.0,0.0,0.0
flare_linked,48,0.01,0.005,0.0,0.0,0.0,0.0
flare_linked,48,0.1,1.0,0.0516,0.0582,0.0658,0.072
flare_linked,48,0.1,0.1,0.1227,0.1025,0.099,0.0821
flare_linked,48,0.1,0.01,0.1178,0.0744,0.0837,0.053
flare_linked,48,0.1,0.07,0.1355,0.0988,0.1072,0.0782
flare_linked,48,0.1,0.001,0.0129,0.0531,0.0153,0.0544
flare_linked,48,0.1,0.005,0.1113,0.0618,0.0738,0.0409
flare_linked,48,1.0,1.0,0.174,0.0883,0.1721,0.088
flare_linked,48,1.0,0.1,0.1792,0.0778,0.1486,0.0678
flare_linked,48,1.0,0.01,0.1393,0.0923,0.1074,0.0708
flare_linked,48,1.0,0.07,0.1765,0.0891,0.1428,0.073
flare_linked,48,1.0,0.001,0.127,0.0927,0.0919,0.0682
flare_linked,48,1.0,0.005,0.1396,0.0863,0.1085,0.0681
flare_linked,48,10.0,1.0,0.1717,0.1007,0.1849,0.1082
flare_linked,48,10.0,0.1,0.1947,0.073,0.1702,0.0664
flare_linked,48,10.0,0.01,0.1662,0.0843,0.128,0.0642
flare_linked,48,10.0,0.07,0.1855,0.0763,0.1583,0.0669
flare_linked,48,10.0,0.001,0.1377,0.0761,0.1063,0.0595
flare_linked,48,10.0,0.005,0.1503,0.0909,0.1158,0.0698
flare_linked,48,100.0,1.0,0.1735,0.0989,0.1865,0.1042
flare_linked,48,100.0,0.1,0.1985,0.0929,0.1841,0.0875
flare_linked,48,100.0,0.01,0.1711,0.0847,0.1386,0.0682
flare_linked,48,100.0,0.07,0.2015,0.0736,0.1812,0.0657
flare_linked,48,100.0,0.001,0.1564,0.095,0.1186,0.0724
flare_linked,48,100.0,0.005,0.1692,0.1013,0.1328,0.0785
flare_linked,48,1000.0,1.0,0.1735,0.0989,0.1865,0.1042
flare_linked,48,1000.0,0.1,0.1787,0.1042,0.1737,0.1027
flare_linked,48,1000.0,0.01,0.1849,0.0791,0.1563,0.0682
flare_linked,48,1000.0,0.07,0.1803,0.0913,0.1749,0.0908
flare_linked,48,1000.0,0.001,0.1867,0.0962,0.1422,0.0719
flare_linked,48,1000.0,0.005,0.1716,0.0608,0.1399,0.0502
flare_linked,48,10000.0,1.0,0.1735,0.0989,0.1865,0.1042
flare_linked,48,10000.0,0.1,0.1696,0.1084,0.1674,0.1096
flare_linked,48,10000.0,0.01,0.1587,0.0879,0.1387,0.0766
flare_linked,48,10000.0,0.07,0.1671,0.0929,0.1655,0.0948
flare_linked,48,10000.0,0.001,0.18,0.0709,0.144,0.0566
flare_linked,48,10000.0,0.005,0.1924,0.0638,0.1617,0.0558
flare_linked,48,100000.0,1.0,0.1735,0.0989,0.1865,0.1042
flare_linked,48,100000.0,0.1,0.171,0.0977,0.1687,0.0988
flare_linked,48,100000.0,0.01,0.2023,0.0754,0.1845,0.0689
flare_linked,48,100000.0,0.07,0.1749,0.0836,0.1713,0.0847
flare_linked,48,100000.0,0.001,0.1989,0.0603,0.1614,0.0497
flare_linked,48,100000.0,0.005,0.1772,0.0785,0.1556,0.0698
only_cme,48,0.001,1.0,0.0,0.0,0.0,0.0
only_cme,48,0.001,0.1,0.0,0.0,0.0,0.0
only_cme,48,0.001,0.01,0.0,0.0,0.0,0.0
only_cme,48,0.001,0.07,0.0,0.0,0.0,0.0
only_cme,48,0.001,0.001,0.0,0.0,0.0,0.0
only_cme,48,0.001,0.005,0.0,0.0,0.0,0.0
only_cme,48,0.01,1.0,0.0,0.0,0.0,0.0
only_cme,48,0.01,0.1,0.2957,0.0653,0.2355,0.0649
only_cme,48,0.01,0.01,0.3112,0.0754,0.2154,0.0572
only_cme,48,0.01,0.07,0.3012,0.055,0.2436,0.05
only_cme,48,0.01,0.001,0.0,0.0,0.0,0.0
only_cme,48,0.01,0.005,0.1513,0.0622,0.1017,0.099
only_cme,48,0.1,1.0,0.1255,0.0763,0.164,0.101
only_cme,48,0.1,0.1,0.323,0.1,0.2567,0.0856
only_cme,48,0.1,0.01,0.3223,0.0776,0.2406,0.0654
only_cme,48,0.1,0.07,0.3394,0.0988,0.2688,0.0824
only_cme,48,0.1,0.001,0.3077,0.0695,0.2145,0.0513
only_cme,48,0.1,0.005,0.3195,0.0754,0.2419,0.0628
only_cme,48,1.0,1.0,0.2075,0.1038,0.2161,0.1079
only_cme,48,1.0,0.1,0.3237,0.1285,0.2571,0.1089
only_cme,48,1.0,0.01,0.3454,0.0983,0.27,0.0804
only_cme,48,1.0,0.07,0.3382,0.1256,0.2648,0.1009
only_cme,48,1.0,0.001,0.3189,0.0704,0.2408,0.0575
only_cme,48,1.0,0.005,0.3456,0.0932,0.2668,0.077
only_cme,48,10.0,1.0,0.1479,0.0921,0.1679,0.1025
only_cme,48,10.0,0.1,0.2834,0.1224,0.2282,0.097
only_cme,48,10.0,0.01,0.34,0.0878,0.2732,0.0725
only_cme,48,10.0,0.07,0.302,0.1009,0.2363,0.0765
only_cme,48,10.0,0.001,0.3532,0.0939,0.2788,0.0766
only_cme,48,10.0,0.005,0.3526,0.0977,0.2782,0.0811
only_cme,48,100.0,1.0,0.1531,0.0928,0.1746,0.1035
only_cme,48,100.0,0.1,0.2289,0.0939,0.206,0.085
only_cme,48,100.0,0.01,0.3211,0.1146,0.2517,0.0927
only_cme,48,100.0,0.07,0.2674,0.1075,0.2243,0.0872
only_cme,48,100.0,0.001,0.3435,0.0953,0.2667,0.0768
only_cme,48,100.0,0.005,0.3341,0.0925,0.2677,0.0807
only_cme,48,1000.0,1.0,0.1551,0.1024,0.1763,0.1145
only_cme,48,1000.0,0.1,0.1974,0.0818,0.1942,0.0795
only_cme,48,1000.0,0.01,0.3088,0.0951,0.2362,0.0705
only_cme,48,1000.0,0.07,0.2234,0.0606,0.2087,0.0561
only_cme,48,1000.0,0.001,0.3394,0.099,0.2687,0.0817
only_cme,48,1000.0,0.005,0.3285,0.0929,0.2518,0.0696
only_cme,48,10000.0,1.0,0.1544,0.1018,0.1752,0.1135
only_cme,48,10000.0,0.1,0.1973,0.074,0.1962,0.0723
only_cme,48,10000.0,0.01,0.2814,0.0906,0.2277,0.0724
only_cme,48,10000.0,0.07,0.2046,0.0656,0.2014,0.0614
only_cme,48,10000.0,0.001,0.3257,0.1051,0.2541,0.0854
only_cme,48,10000.0,0.005,0.2891,0.0973,0.2206,0.0701
only_cme,48,100000.0,1.0,0.1544,0.1018,0.1752,0.1135
only_cme,48,100000.0,0.1,0.2039,0.068,0.203,0.0664
only_cme,48,100000.0,0.01,0.2751,0.0972,0.235,0.077
only_cme,48,100000.0,0.07,0.2027,0.0753,0.2002,0.076
only_cme,48,100000.0,0.001,0.3254,0.0891,0.2427,0.0616
only_cme,48,100000.0,0.005,0.2736,0.1092,0.2193,0.0852
only_flares,60,0.001,1.0,0.0,0.0,0.0,0.0
only_flares,60,0.001,0.1,0.0,0.0,0.0,0.0
only_flares,60,0.001,0.01,0.0,0.0,0.0,0.0
only_flares,60,0.001,0.07,0.0,0.0,0.0,0.0
only_flares,60,0.001,0.001,0.0,0.0,0.0,0.0
only_flares,60,0.001,0.005,0.0,0.0,0.0,0.0
only_flares,60,0.01,1.0,0.0,0.0,0.0,0.0
only_flares,60,0.01,0.1,0.1435,0.0457,0.1465,0.0466
only_flares,60,0.01,0.01,0.2416,0.0733,0.2434,0.0739
only_flares,60,0.01,0.07,0.218,0.0542,0.2209,0.0549
only_flares,60,0.01,0.001,0.0,0.0,0.0,0.0
only_flares,60,0.01,0.005,0.0446,0.0294,0.0461,0.0304
only_flares,60,0.1,1.0,0.226,0.0796,0.2215,0.0795
only_flares,60,0.1,0.1,0.2887,0.0799,0.2879,0.0798
only_flares,60,0.1,0.01,0.2762,0.0771,0.2746,0.0768
only_flares,60,0.1,0.07,0.2774,0.0758,0.2765,0.0757
only_flares,60,0.1,0.001,0.2321,0.0638,0.2283,0.0632
only_flares,60,0.1,0.005,0.2606,0.0934,0.2587,0.093
only_flares,60,1.0,1.0,0.2946,0.0732,0.2936,0.0728
only_flares,60,1.0,0.1,0.2895,0.0517,0.2887,0.0513
only_flares,60,1.0,0.01,0.2834,0.0827,0.2824,0.0827
only_flares,60,1.0,0.07,0.289,0.0668,0.288,0.0665
only_flares,60,1.0,0.001,0.2751,0.0881,0.2735,0.0878
only_flares,60,1.0,0.005,0.2774,0.0906,0.2763,0.0906
only_flares,60,10.0,1.0,0.254,0.0678,0.254,0.0677
only_flares,60,10.0,0.1,0.3218,0.0762,0.3217,0.0758
only_flares,60,10.0,0.01,0.3091,0.0742,0.3078,0.074
only_flares,60,10.0,0.07,0.321,0.0678,0.3205,0.0676
only_flares,60,10.0,0.001,0.2869,0.0865,0.2858,0.0866
only_flares,60,10.0,0.005,0.294,0.0734,0.2929,0.0735
only_flares,60,100.0,1.0,0.2382,0.0767,0.2383,0.0765
only_flares,60,100.0,0.1,0.3029,0.0832,0.3031,0.0831
only_flares,60,100.0,0.01,0.318,0.0556,0.3171,0.0552
only_flares,60,100.0,0.07,0.3155,0.0801,0.3155,0.0801
only_flares,60,100.0,0.001,0.2852,0.0705,0.2845,0.0705
only_flares,60,100.0,0.005,0.3046,0.0662,0.3034,0.0661
only_flares,60,1000.0,1.0,0.2361,0.0786,0.2361,0.0784
only_flares,60,1000.0,0.1,0.2292,0.0733,0.2297,0.0736
only_flares,60,1000.0,0.01,0.3303,0.0617,0.3299,0.0613
only_flares,60,1000.0,0.07,0.2818,0.0686,0.282,0.0685
only_flares,60,1000.0,0.001,0.3011,0.0717,0.2997,0.0714
only_flares,60,1000.0,0.005,0.3236,0.0629,0.323,0.0627
only_flares,60,10000.0,1.0,0.2361,0.0786,0.2361,0.0784
only_flares,60,10000.0,0.1,0.2163,0.0936,0.2167,0.0936
only_flares,60,10000.0,0.01,0.276,0.0696,0.2757,0.0692
only_flares,60,10000.0,0.07,0.2185,0.0822,0.2186,0.0821
only_flares,60,10000.0,0.001,0.3067,0.0745,0.3058,0.0741
only_flares,60,10000.0,0.005,0.3156,0.0635,0.3152,0.0632
only_flares,60,100000.0,1.0,0.2361,0.0786,0.2361,0.0784
only_flares,60,100000.0,0.1,0.2193,0.0944,0.2197,0.0945
only_flares,60,100000.0,0.01,0.2788,0.0562,0.2787,0.056
only_flares,60,100000.0,0.07,0.2045,0.0872,0.2048,0.0872
only_flares,60,100000.0,0.001,0.3133,0.0574,0.313,0.0575
only_flares,60,100000.0,0.005,0.2648,0.0683,0.2644,0.068
flare_linked,60,0.001,1.0,0.0,0.0,0.0,0.0
flare_linked,60,0.001,0.1,0.0,0.0,0.0,0.0
flare_linked,60,0.001,0.01,0.0,0.0,0.0,0.0
flare_linked,60,0.001,0.07,0.0,0.0,0.0,0.0
flare_linked,60,0.001,0.001,0.0,0.0,0.0,0.0
flare_linked,60,0.001,0.005,0.0,0.0,0.0,0.0
flare_linked,60,0.01,1.0,0.0,0.0,0.0,0.0
flare_linked,60,0.01,0.1,0.0,0.0,0.0,0.0
flare_linked,60,0.01,0.01,0.0,0.0,0.0,0.0
flare_linked,60,0.01,0.07,0.0019,0.0056,0.0026,0.0079
flare_linked,60,0.01,0.001,0.0,0.0,0.0,0.0
flare_linked,60,0.01,0.005,0.0,0.0,0.0,0.0
flare_linked,60,0.1,1.0,0.1149,0.0945,0.1307,0.0963
flare_linked,60,0.1,0.1,0.1268,0.0621,0.1092,0.055
flare_linked,60,0.1,0.01,0.1208,0.0717,0.0906,0.0547
flare_linked,60,0.1,0.07,0.1455,0.0659,0.1211,0.0565
flare_linked,60,0.1,0.001,0.0575,0.0592,0.0598,0.0663
flare_linked,60,0.1,0.005,0.1058,0.0785,0.0754,0.056
flare_linked,60,1.0,1.0,0.139,0.0994,0.1365,0.096
flare_linked,60,1.0,0.1,0.1688,0.0549,0.1423,0.0481
flare_linked,60,1.0,0.01,0.1448,0.0601,0.1139,0.0482
flare_linked,60,1.0,0.07,0.1511,0.0578,0.1253,0.0494
flare_linked,60,1.0,0.001,0.1123,0.071,0.0855,0.055
flare_linked,60,1.0,0.005,0.1341,0.0561,0.1049,0.044
flare_linked,60,10.0,1.0,0.143,0.0945,0.152,0.0996
flare_linked,60,10.0,0.1,0.1396,0.1097,0.1222,0.0959
flare_linked,60,10.0,0.01,0.1914,0.0617,0.1502,0.0473
flare_linked,60,10.0,0.07,0.1305,0.0755,0.1111,0.0645
flare_linked,60,10.0,0.001,0.1534,0.0563,0.1191,0.0437
flare_linked,60,10.0,0.005,0.1704,0.0689,0.1329,0.0534
flare_linked,60,100.0,1.0,0.1408,0.0837,0.1494,0.0876
flare_linked,60,100.0,0.1,0.1588,0.0912,0.1466,0.0831
flare_linked,60,100.0,0.01,0.1609,0.076,0.1286,0.0597
flare_linked,60,100.0,0.07,0.1652,0.0783,0.1486,0.0699
flare_linked,60,100.0,0.001,0.1575,0.0712,0.1217,0.0552
flare_linked,60,100.0,0.005,0.1619,0.0706,0.1271,0.0557
flare_linked,60,1000.0,1.0,0.1408,0.0859,0.1491,0.09
flare_linked,60,1000.0,0.1,0.1267,0.0781,0.1228,0.0764
flare_linked,60,1000.0,0.01,0.1451,0.0664,0.1217,0.0562
flare_linked,60,1000.0,0.07,0.1387,0.0769,0.1306,0.0732
flare_linked,60,1000.0,0.001,0.1689,0.0855,0.1321,0.0655
flare_linked,60,1000.0,0.005,0.1487,0.0868,0.1199,0.069
flare_linked,60,10000.0,1.0,0.139,0.0868,0.1472,0.0909
flare_linked,60,10000.0,0.1,0.1015,0.0895,0.0987,0.0878
flare_linked,60,10000.0,0.01,0.188,0.0594,0.1638,0.0525
flare_linked,60,10000.0,0.07,0.0986,0.0767,0.097,0.0765
flare_linked,60,10000.0,0.001,0.1655,0.0836,0.1297,0.0638
flare_linked,60,10000.0,0.005,0.1509,0.0795,0.1279,0.068
flare_linked,60,100000.0,1.0,0.1408,0.0859,0.1491,0.09
flare_linked,60,100000.0,0.1,0.1022,0.0961,0.0997,0.0943
flare_linked,60,100000.0,0.01,0.1474,0.0477,0.1342,0.0434
flare_linked,60,100000.0,0.07,0.1145,0.0851,0.1119,0.084
flare_linked,60,100000.0,0.001,0.1611,0.0658,0.132,0.0527
flare_linked,60,100000.0,0.005,0.1706,0.0524,0.1487,0.0466
only_cme,60,0.001,1.0,0.0,0.0,0.0,0.0
only_cme,60,0.001,0.1,0.0,0.0,0.0,0.0
only_cme,60,0.001,0.01,0.0,0.0,0.0,0.0
only_cme,60,0.001,0.07,0.0,0.0,0.0,0.0
only_cme,60,0.001,0.001,0.0,0.0,0.0,0.0
only_cme,60,0.001,0.005,0.0,0.0,0.0,0.0
only_cme,60,0.01,1.0,0.0,0.0,0.0,0.0
only_cme,60,0.01,0.1,0.1714,0.0494,0.1049,0.0279
only_cme,60,0.01,0.01,0.2587,0.0579,0.1579,0.0525
only_cme,60,0.01,0.07,0.2639,0.0768,0.1896,0.0571
only_cme,60,0.01,0.001,0.0,0.0,0.0,0.0
only_cme,60,0.01,0.005,0.0907,0.0346,0.0614,0.0599
only_cme,60,0.1,1.0,0.1892,0.118,0.1706,0.0926
only_cme,60,0.1,0.1,0.3155,0.115,0.2388,0.0876
only_cme,60,0.1,0.01,0.2966,0.0741,0.2041,0.0546
only_cme,60,0.1,0.07,0.2983,0.1117,0.2243,0.0834
only_cme,60,0.1,0.001,0.2597,0.0605,0.1598,0.0418
only_cme,60,0.1,0.005,0.2673,0.0724,0.1892,0.0548
only_cme,60,1.0,1.0,0.1345,0.0556,0.1383,0.0562
only_cme,60,1.0,0.1,0.3283,0.0736,0.2467,0.0556
only_cme,60,1.0,0.01,0.3087,0.1116,0.2255,0.0834
only_cme,60,1.0,0.07,0.3415,0.0778,0.2595,0.059
only_cme,60,1.0,0.001,0.2675,0.069,0.1861,0.0512
only_cme,60,1.0,0.005,0.3018,0.0834,0.2154,0.0624
only_cme,60,10.0,1.0,0.0877,0.0491,0.0993,0.0547
only_cme,60,10.0,0.1,0.2781,0.0785,0.2206,0.0681
only_cme,60,10.0,0.01,0.3214,0.1162,0.2435,0.0873
only_cme,60,10.0,0.07,0.2961,0.0695,0.2269,0.053
only_cme,60,10.0,0.001,0.2916,0.094,0.2097,0.0682
only_cme,60,10.0,0.005,0.32,0.1033,0.2364,0.0782
only_cme,60,100.0,1.0,0.0943,0.0599,0.1064,0.0675
only_cme,60,100.0,0.1,0.2255,0.0477,0.1939,0.038
only_cme,60,100.0,0.01,0.3193,0.0874,0.2426,0.0649
only_cme,60,100.0,0.07,0.2679,0.0531,0.223,0.0451
only_cme,60,100.0,0.001,0.3023,0.1017,0.2191,0.0732
only_cme,60,100.0,0.005,0.3181,0.1014,0.2413,0.0752
only_cme,60,1000.0,1.0,0.0876,0.0639,0.0989,0.0715
only_cme,60,1000.0,0.1,0.2374,0.0787,0.2225,0.0737
only_cme,60,1000.0,0.01,0.2686,0.078,0.206,0.0596
only_cme,60,1000.0,0.07,0.2434,0.0368,0.2198,0.0282
only_cme,60,1000.0,0.001,0.3094,0.1051,0.2252,0.0771
only_cme,60,1000.0,0.005,0.3174,0.0965,0.2416,0.0755
only_cme,60,10000.0,1.0,0.0876,0.0639,0.0989,0.0715
only_cme,60,10000.0,0.1,0.2353,0.0744,0.2199,0.07
only_cme,60,10000.0,0.01,0.2928,0.085,0.2329,0.079
only_cme,60,10000.0,0.07,0.2334,0.0724,0.2192,0.0643
only_cme,60,10000.0,0.001,0.3149,0.1036,0.2364,0.0774
only_cme,60,10000.0,0.005,0.2777,0.1065,0.2116,0.0815
only_cme,60,100000.0,1.0,0.0876,0.0639,0.0989,0.0715
only_cme,60,100000.0,0.1,0.2207,0.0862,0.2071,0.0815
only_cme,60,100000.0,0.01,0.2546,0.0574,0.2104,0.0484
only_cme,60,100000.0,0.07,0.2307,0.0911,0.2143,0.0818
only_cme,60,100000.0,0.001,0.3212,0.0879,0.2475,0.0708
only_cme,60,100000.0,0.005,0.2987,0.1017,0.2398,0.0923
only_flares,72,0.001,1.0,0.0,0.0,0.0,0.0
only_flares,72,0.001,0.1,0.0,0.0,0.0,0.0
only_flares,72,0.001,0.01,0.0,0.0,0.0,0.0
only_flares,72,0.001,0.07,0.0,0.0,0.0,0.0
only_flares,72,0.001,0.001,0.0,0.0,0.0,0.0
only_flares,72,0.001,0.005,0.0,0.0,0.0,0.0
only_flares,72,0.01,1.0,0.0,0.0,0.0,0.0
only_flares,72,0.01,0.1,0.0716,0.0307,0.0736,0.0315
only_flares,72,0.01,0.01,0.1612,0.0444,0.1641,0.045
only_flares,72,0.01,0.07,0.1121,0.0268,0.1144,0.0274
only_flares,72,0.01,0.001,0.0,0.0,0.0,0.0
only_flares,72,0.01,0.005,0.0,0.0,0.0,0.0
only_flares,72,0.1,1.0,0.1946,0.0685,0.1905,0.0678
only_flares,72,0.1,0.1,0.2557,0.0682,0.2556,0.0681
only_flares,72,0.1,0.01,0.2413,0.0684,0.2402,0.0682
only_flares,72,0.1,0.07,0.2518,0.0652,0.2516,0.0651
only_flares,72,0.1,0.001,0.2035,0.0741,0.2006,0.0738
only_flares,72,0.1,0.005,0.2188,0.0669,0.2173,0.0665
only_flares,72,1.0,1.0,0.3322,0.0478,0.3314,0.0479
only_flares,72,1.0,0.1,0.3288,0.0659,0.3283,0.0656
only_flares,72,1.0,0.01,0.2747,0.0626,0.2742,0.0626
only_flares,72,1.0,0.07,0.3113,0.0766,0.3112,0.0764
only_flares,72,1.0,0.001,0.2155,0.0583,0.2141,0.0581
only_flares,72,1.0,0.005,0.2544,0.0659,0.2536,0.0658
only_flares,72,10.0,1.0,0.3042,0.0637,0.3043,0.0637
only_flares,72,10.0,0.1,0.3256,0.0554,0.3258,0.0552
only_flares,72,10.0,0.01,0.2899,0.0764,0.29,0.0765
only_flares,72,10.0,0.07,0.3435,0.0403,0.3436,0.0399
only_flares,72,10.0,0.001,0.2735,0.06,0.2728,0.0599
only_flares,72,10.0,0.005,0.2855,0.0801,0.2856,0.0801
only_flares,72,100.0,1.0,0.2894,0.0842,0.2893,0.0841
only_flares,72,100.0,0.1,0.319,0.0613,0.3193,0.0615
only_flares,72,100.0,0.01,0.3148,0.085,0.3147,0.0851
only_flares,72,100.0,0.07,0.324,0.0492,0.3241,0.0493
only_flares,72,100.0,0.001,0.2836,0.0778,0.2837,0.078
only_flares,72,100.0,0.005,0.2975,0.0698,0.2973,0.0696
only_flares,72,1000.0,1.0,0.2894,0.0842,0.2893,0.0841
only_flares,72,1000.0,0.1,0.2857,0.0469,0.286,0.0468
only_flares,72,1000.0,0.01,0.3202,0.0569,0.3201,0.0568
only_flares,72,1000.0,0.07,0.2722,0.0378,0.2723,0.0378
only_flares,72,1000.0,0.001,0.2951,0.0628,0.2949,0.0627
only_flares,72,1000.0,0.005,0.3129,0.0714,0.3127,0.0714
only_flares,72,10000.0,1.0,0.2894,0.0842,0.2893,0.0841
only_flares,72,10000.0,0.1,0.2803,0.0635,0.2807,0.0637
only_flares,72,10000.0,0.01,0.3059,0.0372,0.3058,0.037
only_flares,72,10000.0,0.07,0.2909,0.0556,0.2914,0.0558
only_flares,72,10000.0,0.001,0.3127,0.0767,0.3122,0.0766
only_flares,72,10000.0,0.005,0.3,0.0561,0.2997,0.0558
only_flares,72,100000.0,1.0,0.2894,0.0842,0.2893,0.0841
only_flares,72,100000.0,0.1,0.2753,0.0713,0.2755,0.0714
only_flares,72,100000.0,0.01,0.3043,0.0505,0.3043,0.0505
only_flares,72,100000.0,0.07,0.28,0.0585,0.2804,0.0585
only_flares,72,100000.0,0.001,0.3175,0.05,0.3172,0.05
only_flares,72,100000.0,0.005,0.3005,0.0449,0.3004,0.0447
flare_linked,72,0.001,1.0,0.0,0.0,0.0,0.0
flare_linked,72,0.001,0.1,0.0,0.0,0.0,0.0
flare_linked,72,0.001,0.01,0.0,0.0,0.0,0.0
flare_linked,72,0.001,0.07,0.0,0.0,0.0,0.0
flare_linked,72,0.001,0.001,0.0,0.0,0.0,0.0
flare_linked,72,0.001,0.005,0.0,0.0,0.0,0.0
flare_linked,72,0.01,1.0,0.0,0.0,0.0,0.0
flare_linked,72,0.01,0.1,0.0,0.0,0.0,0.0
flare_linked,72,0.01,0.01,0.0,0.0,0.0,0.0
flare_linked,72,0.01,0.07,0.0,0.0,0.0,0.0
flare_linked,72,0.01,0.001,0.0,0.0,0.0,0.0
flare_linked,72,0.01,0.005,0.0,0.0,0.0,0.0
flare_linked,72,0.1,1.0,0.0997,0.0643,0.1095,0.0699
flare_linked,72,0.1,0.1,0.1349,0.0902,0.1149,0.0751
flare_linked,72,0.1,0.01,0.068,0.0714,0.0496,0.0532
flare_linked,72,0.1,0.07,0.1185,0.0851,0.0983,0.0702
flare_linked,72,0.1,0.001,0.0272,0.0347,0.0239,0.0361
flare_linked,72,0.1,0.005,0.0894,0.0522,0.0615,0.036
flare_linked,72,1.0,1.0,0.1609,0.0466,0.1606,0.0469
flare_linked,72,1.0,0.1,0.1457,0.097,0.1237,0.0821
flare_linked,72,1.0,0.01,0.1109,0.0686,0.088,0.0549
flare_linked,72,1.0,0.07,0.1455,0.0975,0.1217,0.0815
flare_linked,72,1.0,0.001,0.1003,0.0611,0.0744,0.0458
flare_linked,72,1.0,0.005,0.1003,0.0563,0.0801,0.0459
flare_linked,72,10.0,1.0,0.1311,0.055,0.1374,0.0525
flare_linked,72,10.0,0.1,0.1642,0.066,0.1437,0.057
flare_linked,72,10.0,0.01,0.154,0.0894,0.1233,0.0714
flare_linked,72,10.0,0.07,0.1486,0.0747,0.1272,0.0642
flare_linked,72,10.0,0.001,0.1126,0.049,0.0907,0.0412
flare_linked,72,10.0,0.005,0.1382,0.0771,0.1096,0.0611
flare_linked,72,100.0,1.0,0.1354,0.0435,0.1427,0.0409
flare_linked,72,100.0,0.1,0.1694,0.0798,0.1544,0.0715
flare_linked,72,100.0,0.01,0.1415,0.0657,0.1159,0.0541
flare_linked,72,100.0,0.07,0.162,0.0726,0.1451,0.0653
flare_linked,72,100.0,0.001,0.1444,0.0476,0.1132,0.0365
flare_linked,72,100.0,0.005,0.1617,0.0897,0.1296,0.0702
flare_linked,72,1000.0,1.0,0.1381,0.046,0.1454,0.0428
flare_linked,72,1000.0,0.1,0.1775,0.073,0.1679,0.0653
flare_linked,72,1000.0,0.01,0.1585,0.0928,0.133,0.0784
flare_linked,72,1000.0,0.07,0.1671,0.0825,0.1565,0.0768
flare_linked,72,1000.0,0.001,0.1597,0.0881,0.1268,0.0696
flare_linked,72,1000.0,0.005,0.1483,0.0823,0.1215,0.0673
flare_linked,72,10000.0,1.0,0.1373,0.045,0.1446,0.0419
flare_linked,72,10000.0,0.1,0.1353,0.078,0.1297,0.0704
flare_linked,72,10000.0,0.01,0.1452,0.0616,0.1241,0.0531
flare_linked,72,10000.0,0.07,0.1562,0.1015,0.1473,0.0934
flare_linked,72,10000.0,0.001,0.1512,0.086,0.1218,0.0686
flare_linked,72,10000.0,0.005,0.1405,0.1164,0.117,0.0969
flare_linked,72,100000.0,1.0,0.1381,0.046,0.1454,0.0428
flare_linked,72,100000.0,0.1,0.147,0.0898,0.1406,0.0805
flare_linked,72,100000.0,0.01,0.1581,0.0694,0.1417,0.0615
flare_linked,72,100000.0,0.07,0.112,0.0954,0.106,0.0866
flare_linked,72,100000.0,0.001,0.1419,0.0802,0.1172,0.0669
flare_linked,72,100000.0,0.005,0.1297,0.0515,0.111,0.0442
only_cme,72,0.001,1.0,0.0,0.0,0.0,0.0
only_cme,72,0.001,0.1,0.0,0.0,0.0,0.0
only_cme,72,0.001,0.01,0.0,0.0,0.0,0.0
only_cme,72,0.001,0.07,0.0,0.0,0.0,0.0
only_cme,72,0.001,0.001,0.0,0.0,0.0,0.0
only_cme,72,0.001,0.005,0.0,0.0,0.0,0.0
only_cme,72,0.01,1.0,0.0,0.0,0.0,0.0
only_cme,72,0.01,0.1,0.1172,0.0547,0.0759,0.0453
only_cme,72,0.01,0.01,0.2106,0.0517,0.1351,0.0604
only_cme,72,0.01,0.07,0.2235,0.0582,0.1557,0.0365
only_cme,72,0.01,0.001,0.0,0.0,0.0,0.0
only_cme,72,0.01,0.005,0.0419,0.0306,0.0276,0.0188
only_cme,72,0.1,1.0,0.2693,0.101,0.1539,0.0605
only_cme,72,0.1,0.1,0.2915,0.0778,0.2149,0.0544
only_cme,72,0.1,0.01,0.2528,0.0685,0.1717,0.0432
only_cme,72,0.1,0.07,0.2855,0.0888,0.2082,0.0656
only_cme,72,0.1,0.001,0.2214,0.0824,0.1294,0.046
only_cme,72,0.1,0.005,0.2467,0.0657,0.1719,0.0409
only_cme,72,1.0,1.0,0.1437,0.0894,0.1478,0.0888
only_cme,72,1.0,0.1,0.3259,0.0684,0.2503,0.0548
only_cme,72,1.0,0.01,0.288,0.0797,0.204,0.0561
only_cme,72,1.0,0.07,0.3431,0.0629,0.2649,0.0535
only_cme,72,1.0,0.001,0.2477,0.0612,0.1721,0.04
only_cme,72,1.0,0.005,0.2813,0.081,0.1911,0.0526
only_cme,72,10.0,1.0,0.1011,0.0542,0.1167,0.0576
only_cme,72,10.0,0.1,0.2811,0.0842,0.2248,0.0627
only_cme,72,10.0,0.01,0.2946,0.0788,0.2173,0.0529
only_cme,72,10.0,0.07,0.2899,0.0639,0.2291,0.0491
only_cme,72,10.0,0.001,0.2667,0.0836,0.1878,0.0586
only_cme,72,10.0,0.005,0.2973,0.0904,0.2143,0.0662
only_cme,72,100.0,1.0,0.1016,0.0463,0.1192,0.0524
only_cme,72,100.0,0.1,0.2399,0.0726,0.2116,0.0642
only_cme,72,100.0,0.01,0.3313,0.0779,0.2531,0.0555
only_cme,72,100.0,0.07,0.2779,0.0909,0.2354,0.0763
only_cme,72,100.0,0.001,0.2822,0.083,0.2005,0.0586
only_cme,72,100.0,0.005,0.307,0.087,0.2262,0.0587
only_cme,72,1000.0,1.0,0.1023,0.0451,0.12,0.0509
only_cme,72,1000.0,0.1,0.1556,0.0787,0.1514,0.0754
only_cme,72,1000.0,0.01,0.3028,0.0498,0.2343,0.0371
only_cme,72,1000.0,0.07,0.1865,0.09,0.1719,0.08
only_cme,72,1000.0,0.001,0.2893,0.0935,0.2041,0.0633
only_cme,72,1000.0,0.005,0.3178,0.0756,0.2411,0.0561
only_cme,72,10000.0,1.0,0.1023,0.0451,0.12,0.0509
only_cme,72,10000.0,0.1,0.1505,0.0942,0.1457,0.0882
only_cme,72,10000.0,0.01,0.2945,0.0648,0.2411,0.0484
only_cme,72,10000.0,0.07,0.1763,0.0975,0.1688,0.0922
only_cme,72,10000.0,0.001,0.2853,0.0891,0.2106,0.0628
only_cme,72,10000.0,0.005,0.2915,0.0645,0.2275,0.0509
only_cme,72,100000.0,1.0,0.1023,0.0451,0.12,0.0509
only_cme,72,100000.0,0.1,0.1505,0.0947,0.1457,0.0888
only_cme,72,100000.0,0.01,0.2475,0.0761,0.2148,0.0551
only_cme,72,100000.0,0.07,0.1816,0.085,0.1747,0.0802
only_cme,72,100000.0,0.001,0.3038,0.0964,0.2308,0.0765
only_cme,72,100000.0,0.005,0.3016,0.0739,0.2483,0.0508
only_flares,84,0.001,1.0,0.0,0.0,0.0,0.0
only_flares,84,0.001,0.1,0.0,0.0,0.0,0.0
only_flares,84,0.001,0.01,0.0,0.0,0.0,0.0
only_flares,84,0.001,0.07,0.0,0.0,0.0,0.0
only_flares,84,0.001,0.001,0.0,0.0,0.0,0.0
only_flares,84,0.001,0.005,0.0,0.0,0.0,0.0
only_flares,84,0.01,1.0,0.0,0.0,0.0,0.0
only_flares,84,0.01,0.1,0.003,0.0102,0.0029,0.0099
only_flares,84,0.01,0.01,0.0662,0.028,0.0643,0.0272
only_flares,84,0.01,0.07,0.0716,0.0501,0.0696,0.0488
only_flares,84,0.01,0.001,0.0,0.0,0.0,0.0
only_flares,84,0.01,0.005,0.0,0.0,0.0,0.0
only_flares,84,0.1,1.0,0.2538,0.109,0.2497,0.1087
only_flares,84,0.1,0.1,0.2717,0.0531,0.2716,0.0531
only_flares,84,0.1,0.01,0.2056,0.0689,0.2038,0.0683
only_flares,84,0.1,0.07,0.2679,0.0532,0.2676,0.053
only_flares,84,0.1,0.001,0.1748,0.0454,0.1715,0.0446
only_flares,84,0.1,0.005,0.1965,0.066,0.1944,0.0653
only_flares,84,1.0,1.0,0.3771,0.1013,0.3758,0.1007
only_flares,84,1.0,0.1,0.3317,0.0745,0.3312,0.0744
only_flares,84,1.0,0.01,0.268,0.0708,0.2671,0.0705
only_flares,84,1.0,0.07,0.3235,0.0638,0.3232,0.0641
only_flares,84,1.0,0.001,0.202,0.0623,0.1999,0.0616
only_flares,84,1.0,0.005,0.2409,0.0573,0.2394,0.0569
only_flares,84,10.0,1.0,0.3133,0.0885,0.3131,0.0883
only_flares,84,10.0,0.1,0.3593,0.0884,0.3588,0.0883
only_flares,84,10.0,0.01,0.3147,0.0485,0.3145,0.0485
only_flares,84,10.0,0.07,0.3324,0.0928,0.3316,0.0922
only_flares,84,10.0,0.001,0.2471,0.0681,0.2455,0.0675
only_flares,84,10.0,0.005,0.2979,0.0605,0.2976,0.0607
only_flares,84,100.0,1.0,0.2878,0.0831,0.2878,0.0829
only_flares,84,100.0,0.1,0.3427,0.0774,0.3428,0.0775
only_flares,84,100.0,0.01,0.3049,0.0732,0.3046,0.0732
only_flares,84,100.0,0.07,0.3487,0.072,0.3484,0.0722
only_flares,84,100.0,0.001,0.2881,0.0565,0.2877,0.0567
only_flares,84,100.0,0.005,0.3162,0.0698,0.316,0.07
only_flares,84,1000.0,1.0,0.2891,0.0834,0.289,0.0833
only_flares,84,1000.0,0.1,0.2855,0.0702,0.2858,0.0701
only_flares,84,1000.0,0.01,0.3278,0.0639,0.3271,0.0637
only_flares,84,1000.0,0.07,0.2869,0.078,0.2871,0.078
only_flares,84,1000.0,0.001,0.3146,0.0762,0.3141,0.0763
only_flares,84,1000.0,0.005,0.3054,0.0747,0.305,0.0747
only_flares,84,10000.0,1.0,0.2891,0.0834,0.289,0.0833
only_flares,84,10000.0,0.1,0.2467,0.0811,0.2468,0.0809
only_flares,84,10000.0,0.01,0.3179,0.0795,0.3174,0.0793
only_flares,84,10000.0,0.07,0.2576,0.0795,0.2578,0.0792
only_flares,84,10000.0,0.001,0.3082,0.0726,0.3076,0.0727
only_flares,84,10000.0,0.005,0.3384,0.0713,0.3375,0.0708
only_flares,84,100000.0,1.0,0.2891,0.0834,0.289,0.0833
only_flares,84,100000.0,0.1,0.2521,0.0807,0.2523,0.0806
only_flares,84,100000.0,0.01,0.3207,0.0517,0.3204,0.0513
only_flares,84,100000.0,0.07,0.2508,0.0746,0.2511,0.0744
only_flares,84,100000.0,0.001,0.3166,0.0734,0.3158,0.0734
only_flares,84,100000.0,0.005,0.3194,0.0725,0.3188,0.0723
flare_linked,84,0.001,1.0,0.0,0.0,0.0,0.0
flare_linked,84,0.001,0.1,0.0,0.0,0.0,0.0
flare_linked,84,0.001,0.01,0.0,0.0,0.0,0.0
flare_linked,84,0.001,0.07,0.0,0.0,0.0,0.0
flare_linked,84,0.001,0.001,0.0,0.0,0.0,0.0
flare_linked,84,0.001,0.005,0.0,0.0,0.0,0.0
flare_linked,84,0.01,1.0,0.0,0.0,0.0,0.0
flare_linked,84,0.01,0.1,0.0,0.0,0.0,0.0
flare_linked,84,0.01,0.01,0.0,0.0,0.0,0.0
flare_linked,84,0.01,0.07,0.0,0.0,0.0,0.0
flare_linked,84,0.01,0.001,0.0,0.0,0.0,0.0
flare_linked,84,0.01,0.005,0.0,0.0,0.0,0.0
flare_linked,84,0.1,1.0,0.1317,0.055,0.1361,0.05
flare_linked,84,0.1,0.1,0.1109,0.046,0.0961,0.0401
flare_linked,84,0.1,0.01,0.135,0.057,0.1079,0.0465
flare_linked,84,0.1,0.07,0.1244,0.0379,0.1058,0.0318
flare_linked,84,0.1,0.001,0.0039,0.016,0.005,0.0148
flare_linked,84,0.1,0.005,0.1168,0.0601,0.0864,0.0455
flare_linked,84,1.0,1.0,0.1755,0.0625,0.1736,0.056
flare_linked,84,1.0,0.1,0.1628,0.0513,0.1385,0.0441
flare_linked,84,1.0,0.01,0.1447,0.0443,0.1147,0.0355
flare_linked,84,1.0,0.07,0.1615,0.0685,0.1345,0.054
flare_linked,84,1.0,0.001,0.1058,0.0627,0.0827,0.0501
flare_linked,84,1.0,0.005,0.1442,0.0484,0.1164,0.0397
flare_linked,84,10.0,1.0,0.1511,0.0796,0.1606,0.0805
flare_linked,84,10.0,0.1,0.1982,0.0507,0.1727,0.0438
flare_linked,84,10.0,0.01,0.1901,0.0565,0.1522,0.0453
flare_linked,84,10.0,0.07,0.1931,0.0445,0.1651,0.0354
flare_linked,84,10.0,0.001,0.1522,0.056,0.1226,0.0446
flare_linked,84,10.0,0.005,0.174,0.0679,0.1368,0.0542
flare_linked,84,100.0,1.0,0.1336,0.0729,0.1431,0.0766
flare_linked,84,100.0,0.1,0.1968,0.0632,0.1814,0.0552
flare_linked,84,100.0,0.01,0.1691,0.0603,0.1388,0.0476
flare_linked,84,100.0,0.07,0.192,0.0627,0.1718,0.056
flare_linked,84,100.0,0.001,0.1481,0.0527,0.1154,0.0425
flare_linked,84,100.0,0.005,0.1866,0.056,0.1502,0.0425
flare_linked,84,1000.0,1.0,0.1377,0.0775,0.1482,0.0824
flare_linked,84,1000.0,0.1,0.15,0.0692,0.1452,0.0664
flare_linked,84,1000.0,0.01,0.1735,0.0791,0.1459,0.0652
flare_linked,84,1000.0,0.07,0.1572,0.0815,0.1488,0.0752
flare_linked,84,1000.0,0.001,0.1931,0.065,0.1523,0.0496
flare_linked,84,1000.0,0.005,0.1782,0.0641,0.1456,0.0496
flare_linked,84,10000.0,1.0,0.1377,0.0775,0.1482,0.0824
flare_linked,84,10000.0,0.1,0.1193,0.0806,0.1169,0.0799
flare_linked,84,10000.0,0.01,0.1623,0.0445,0.1434,0.0391
flare_linked,84,10000.0,0.07,0.1265,0.0896,0.1239,0.0884
flare_linked,84,10000.0,0.001,0.1968,0.0607,0.1607,0.0473
flare_linked,84,10000.0,0.005,0.17,0.0641,0.1469,0.0564
flare_linked,84,100000.0,1.0,0.1377,0.0775,0.1482,0.0824
flare_linked,84,100000.0,0.1,0.1165,0.0901,0.1138,0.0888
flare_linked,84,100000.0,0.01,0.1641,0.0617,0.1484,0.0541
flare_linked,84,100000.0,0.07,0.1212,0.0862,0.1178,0.0837
flare_linked,84,100000.0,0.001,0.165,0.0673,0.1356,0.0535
flare_linked,84,100000.0,0.005,0.1726,0.0548,0.1523,0.0477
only_cme,84,0.001,1.0,0.0,0.0,0.0,0.0
only_cme,84,0.001,0.1,0.0,0.0,0.0,0.0
only_cme,84,0.001,0.01,0.0,0.0,0.0,0.0
only_cme,84,0.001,0.07,0.0,0.0,0.0,0.0
only_cme,84,0.001,0.001,0.0,0.0,0.0,0.0
only_cme,84,0.001,0.005,0.0,0.0,0.0,0.0
only_cme,84,0.01,1.0,0.0,0.0,0.0,0.0
only_cme,84,0.01,0.1,0.0613,0.048,0.0358,0.0297
only_cme,84,0.01,0.01,0.1211,0.0489,0.0745,0.0596
only_cme,84,0.01,0.07,0.1563,0.0706,0.0939,0.0441
only_cme,84,0.01,0.001,0.0,0.0,0.0,0.0
only_cme,84,0.01,0.005,0.0071,0.0141,0.0029,0.0057
only_cme,84,0.1,1.0,0.2658,0.0657,0.2282,0.0642
only_cme,84,0.1,0.1,0.2615,0.081,0.1794,0.0545
only_cme,84,0.1,0.01,0.2341,0.0735,0.1458,0.0453
only_cme,84,0.1,0.07,0.2505,0.0765,0.1711,0.0513
only_cme,84,0.1,0.001,0.2095,0.0409,0.1112,0.0225
only_cme,84,0.1,0.005,0.2104,0.0944,0.129,0.0572
only_cme,84,1.0,1.0,0.1983,0.0397,0.1997,0.0363
only_cme,84,1.0,0.1,0.2778,0.0828,0.2032,0.0599
only_cme,84,1.0,0.01,0.2406,0.0725,0.156,0.0487
only_cme,84,1.0,0.07,0.275,0.0781,0.1929,0.0504
only_cme,84,1.0,0.001,0.217,0.067,0.1286,0.0378
only_cme,84,1.0,0.005,0.2433,0.0762,0.1539,0.0469
only_cme,84,10.0,1.0,0.1425,0.0378,0.1603,0.0444
only_cme,84,10.0,0.1,0.262,0.1059,0.2045,0.0772
only_cme,84,10.0,0.01,0.2598,0.0786,0.176,0.0549
only_cme,84,10.0,0.07,0.2649,0.1193,0.2014,0.0884
only_cme,84,10.0,0.001,0.2511,0.0658,0.1534,0.0408
only_cme,84,10.0,0.005,0.2522,0.0811,0.1668,0.0547
only_cme,84,100.0,1.0,0.1454,0.0426,0.1655,0.0472
only_cme,84,100.0,0.1,0.2036,0.0741,0.1807,0.063
only_cme,84,100.0,0.01,0.2722,0.0594,0.1914,0.0416
only_cme,84,100.0,0.07,0.2072,0.0952,0.1721,0.0782
only_cme,84,100.0,0.001,0.2647,0.0823,0.1721,0.0547
only_cme,84,100.0,0.005,0.2492,0.0749,0.1682,0.0547
only_cme,84,1000.0,1.0,0.1454,0.0426,0.1655,0.0472
only_cme,84,1000.0,0.1,0.1623,0.0871,0.1528,0.0786
only_cme,84,1000.0,0.01,0.2495,0.0623,0.1844,0.0435
only_cme,84,1000.0,0.07,0.1544,0.0908,0.1402,0.0815
only_cme,84,1000.0,0.001,0.2629,0.0744,0.1731,0.0522
only_cme,84,1000.0,0.005,0.2783,0.052,0.1988,0.0368
only_cme,84,10000.0,1.0,0.1454,0.0426,0.1655,0.0472
only_cme,84,10000.0,0.1,0.1528,0.0554,0.1434,0.0473
only_cme,84,10000.0,0.01,0.2458,0.0871,0.1887,0.0661
only_cme,84,10000.0,0.07,0.163,0.0712,0.1543,0.0656
only_cme,84,10000.0,0.001,0.2616,0.0539,0.1763,0.0373
only_cme,84,10000.0,0.005,0.2637,0.0696,0.1935,0.0477
only_cme,84,100000.0,1.0,0.1454,0.0426,0.1655,0.0472
only_cme,84,100000.0,0.1,0.144,0.0549,0.1358,0.0479
only_cme,84,100000.0,0.01,0.2028,0.0993,0.17,0.0815
only_cme,84,100000.0,0.07,0.1538,0.0581,0.144,0.0523
only_cme,84,100000.0,0.001,0.2459,0.0517,0.1764,0.0376
only_cme,84,100000.0,0.005,0.2353,0.0801,0.1803,0.0589
only_flares,96,0.001,1.0,0.0,0.0,0.0,0.0
only_flares,96,0.001,0.1,0.0,0.0,0.0,0.0
only_flares,96,0.001,0.01,0.0,0.0,0.0,0.0
only_flares,96,0.001,0.07,0.0,0.0,0.0,0.0
only_flares,96,0.001,0.001,0.0,0.0,0.0,0.0
only_flares,96,0.001,0.005,0.0,0.0,0.0,0.0
only_flares,96,0.01,1.0,0.0,0.0,0.0,0.0
only_flares,96,0.01,0.1,0.0,0.0,0.0,0.0
only_flares,96,0.01,0.01,-0.0024,0.0071,-0.0024,0.0072
only_flares,96,0.01,0.07,0.0,0.0,0.0,0.0
only_flares,96,0.01,0.001,0.0,0.0,0.0,0.0
only_flares,96,0.01,0.005,0.0,0.0,0.0,0.0
only_flares,96,0.1,1.0,0.261,0.0848,0.2592,0.0854
only_flares,96,0.1,0.1,0.2414,0.0989,0.2413,0.099
only_flares,96,0.1,0.01,0.1838,0.0659,0.183,0.0656
only_flares,96,0.1,0.07,0.2358,0.0983,0.2355,0.0982
only_flares,96,0.1,0.001,0.1454,0.0394,0.1437,0.0388
only_flares,96,0.1,0.005,0.1701,0.0597,0.1689,0.0594
only_flares,96,1.0,1.0,0.3493,0.0774,0.3487,0.077
only_flares,96,1.0,0.1,0.3151,0.0704,0.3148,0.0706
only_flares,96,1.0,0.01,0.2425,0.0833,0.242,0.0831
only_flares,96,1.0,0.07,0.3092,0.069,0.3089,0.0692
only_flares,96,1.0,0.001,0.1649,0.0712,0.1638,0.0708
only_flares,96,1.0,0.005,0.2337,0.0727,0.233,0.0724
only_flares,96,10.0,1.0,0.3094,0.0611,0.3093,0.0611
only_flares,96,10.0,0.1,0.3153,0.0772,0.3153,0.0773
only_flares,96,10.0,0.01,0.2879,0.077,0.2875,0.0771
only_flares,96,10.0,0.07,0.3261,0.0673,0.326,0.0672
only_flares,96,10.0,0.001,0.2335,0.0708,0.2328,0.0705
only_flares,96,10.0,0.005,0.2572,0.0923,0.2569,0.0923
only_flares,96,100.0,1.0,0.3081,0.0618,0.308,0.0619
only_flares,96,100.0,0.1,0.3001,0.0742,0.3002,0.0742
only_flares,96,100.0,0.01,0.3131,0.078,0.3126,0.0781
only_flares,96,100.0,0.07,0.2955,0.0679,0.2956,0.068
only_flares,96,100.0,0.001,0.2549,0.0814,0.2546,0.0814
only_flares,96,100.0,0.005,0.2991,0.0718,0.2985,0.0719
only_flares,96,1000.0,1.0,0.3068,0.0611,0.3068,0.0612
only_flares,96,1000.0,0.1,0.2817,0.0963,0.282,0.0964
only_flares,96,1000.0,0.01,0.3015,0.0801,0.3013,0.0802
only_flares,96,1000.0,0.07,0.2852,0.0931,0.2856,0.0933
only_flares,96,1000.0,0.001,0.2775,0.0717,0.2769,0.0716
only_flares,96,1000.0,0.005,0.3116,0.0828,0.3112,0.083
only_flares,96,10000.0,1.0,0.3068,0.0611,0.3068,0.0612
only_flares,96,10000.0,0.1,0.2406,0.0766,0.2408,0.0767
only_flares,96,10000.0,0.01,0.2855,0.069,0.2854,0.0691
only_flares,96,10000.0,0.07,0.2552,0.1046,0.2554,0.1047
only_flares,96,10000.0,0.001,0.3114,0.0797,0.3107,0.0796
only_flares,96,10000.0,0.005,0.2992,0.0802,0.299,0.0802
only_flares,96,100000.0,1.0,0.3068,0.0611,0.3068,0.0612
only_flares,96,100000.0,0.1,0.2382,0.0749,0.2384,0.0751
only_flares,96,100000.0,0.01,0.2654,0.0791,0.2655,0.0793
only_flares,96,100000.0,0.07,0.2283,0.0759,0.2286,0.0761
only_flares,96,100000.0,0.001,0.3258,0.0674,0.3255,0.0676
only_flares,96,100000.0,0.005,0.2881,0.0819,0.2879,0.0819
flare_linked,96,0.001,1.0,0.0,0.0,0.0,0.0
flare_linked,96,0.001,0.1,0.0,0.0,0.0,0.0
flare_linked,96,0.001,0.01,0.0,0.0,0.0,0.0
flare_linked,96,0.001,0.07,0.0,0.0,0.0,0.0
flare_linked,96,0.001,0.001,0.0,0.0,0.0,0.0
flare_linked,96,0.001,0.005,0.0,0.0,0.0,0.0
flare_linked,96,0.01,1.0,0.0,0.0,0.0,0.0
flare_linked,96,0.01,0.1,0.0,0.0,0.0,0.0
flare_linked,96,0.01,0.01,0.0,0.0,0.0,0.0
flare_linked,96,0.01,0.07,0.0134,0.0403,0.0111,0.0334
flare_linked,96,0.01,0.001,0.0,0.0,0.0,0.0
flare_linked,96,0.01,0.005,0.0,0.0,0.0,0.0
flare_linked,96,0.1,1.0,0.0579,0.0539,0.0636,0.0439
flare_linked,96,0.1,0.1,0.0916,0.0418,0.0789,0.036
flare_linked,96,0.1,0.01,0.0853,0.0718,0.0617,0.0498
flare_linked,96,0.1,0.07,0.0729,0.0644,0.0605,0.053
flare_linked,96,0.1,0.001,0.0,0.0,0.0,0.0
flare_linked,96,0.1,0.005,0.0695,0.05,0.0482,0.0333
flare_linked,96,1.0,1.0,0.2139,0.0625,0.2144,0.0627
flare_linked,96,1.0,0.1,0.1738,0.0712,0.1446,0.0605
flare_linked,96,1.0,0.01,0.1102,0.0678,0.0831,0.0509
flare_linked,96,1.0,0.07,0.1822,0.0667,0.148,0.0554
flare_linked,96,1.0,0.001,0.0738,0.0988,0.0547,0.0738
flare_linked,96,1.0,0.005,0.1017,0.0835,0.0742,0.0597
flare_linked,96,10.0,1.0,0.179,0.0584,0.1925,0.0586
flare_linked,96,10.0,0.1,0.1856,0.0937,0.1628,0.0824
flare_linked,96,10.0,0.01,0.1803,0.0623,0.1421,0.0495
flare_linked,96,10.0,0.07,0.1566,0.0924,0.1339,0.0795
flare_linked,96,10.0,0.001,0.0928,0.0698,0.0685,0.051
flare_linked,96,10.0,0.005,0.1313,0.0811,0.1035,0.0644
flare_linked,96,100.0,1.0,0.1637,0.0493,0.1771,0.0501
flare_linked,96,100.0,0.1,0.2101,0.0678,0.1931,0.0648
flare_linked,96,100.0,0.01,0.1936,0.0537,0.1568,0.0469
flare_linked,96,100.0,0.07,0.1845,0.0619,0.1651,0.0559
flare_linked,96,100.0,0.001,0.1545,0.0302,0.118,0.0234
flare_linked,96,100.0,0.005,0.1848,0.0432,0.1456,0.035
flare_linked,96,1000.0,1.0,0.1637,0.0493,0.1771,0.0501
flare_linked,96,1000.0,0.1,0.1771,0.0548,0.1702,0.0503
flare_linked,96,1000.0,0.01,0.1907,0.0837,0.16,0.0718
flare_linked,96,1000.0,0.07,0.1893,0.0759,0.1805,0.0726
flare_linked,96,1000.0,0.001,0.1773,0.0567,0.139,0.0451
flare_linked,96,1000.0,0.005,0.2107,0.052,0.1728,0.0458
flare_linked,96,10000.0,1.0,0.1637,0.0493,0.1771,0.0501
flare_linked,96,10000.0,0.1,0.1193,0.0445,0.1175,0.0436
flare_linked,96,10000.0,0.01,0.1694,0.0526,0.1461,0.0463
flare_linked,96,10000.0,0.07,0.1342,0.0727,0.1304,0.0703
flare_linked,96,10000.0,0.001,0.1892,0.0392,0.1511,0.0325
flare_linked,96,10000.0,0.005,0.1876,0.0923,0.1571,0.0779
flare_linked,96,100000.0,1.0,0.1637,0.0493,0.1771,0.0501
flare_linked,96,100000.0,0.1,0.1275,0.0406,0.1251,0.0396
flare_linked,96,100000.0,0.01,0.1844,0.062,0.1673,0.0562
flare_linked,96,100000.0,0.07,0.126,0.054,0.1229,0.0534
flare_linked,96,100000.0,0.001,0.2009,0.053,0.1657,0.0456
flare_linked,96,100000.0,0.005,0.1448,0.0586,0.1262,0.051
only_cme,96,0.001,1.0,0.0,0.0,0.0,0.0
only_cme,96,0.001,0.1,0.0,0.0,0.0,0.0
only_cme,96,0.001,0.01,0.0,0.0,0.0,0.0
only_cme,96,0.001,0.07,0.0,0.0,0.0,0.0
only_cme,96,0.001,0.001,0.0,0.0,0.0,0.0
only_cme,96,0.001,0.005,0.0,0.0,0.0,0.0
only_cme,96,0.01,1.0,0.0,0.0,0.0,0.0
only_cme,96,0.01,0.1,-0.0008,0.0023,-0.0012,0.0036
only_cme,96,0.01,0.01,0.0996,0.067,0.125,0.0833
only_cme,96,0.01,0.07,0.0521,0.047,0.0717,0.0635
only_cme,96,0.01,0.001,0.0,0.0,0.0,0.0
only_cme,96,0.01,0.005,0.0,0.0,0.0,0.0
only_cme,96,0.1,1.0,0.1141,0.0852,0.0871,0.067
only_cme,96,0.1,0.1,0.2374,0.1013,0.1631,0.0699
only_cme,96,0.1,0.01,0.2195,0.0486,0.1378,0.0314
only_cme,96,0.1,0.07,0.2307,0.0789,0.1583,0.0567
only_cme,96,0.1,0.001,0.2101,0.0625,0.1134,0.033
only_cme,96,0.1,0.005,0.2144,0.0557,0.1344,0.0365
only_cme,96,1.0,1.0,0.1313,0.1051,0.1367,0.1088
only_cme,96,1.0,0.1,0.2496,0.0693,0.182,0.0528
only_cme,96,1.0,0.01,0.2418,0.0573,0.158,0.0402
only_cme,96,1.0,0.07,0.2421,0.0767,0.1741,0.0578
only_cme,96,1.0,0.001,0.226,0.0451,0.1359,0.0297
only_cme,96,1.0,0.005,0.2435,0.0389,0.1522,0.0275
only_cme,96,10.0,1.0,0.089,0.0602,0.1024,0.0673
only_cme,96,10.0,0.1,0.2296,0.0958,0.1854,0.0762
only_cme,96,10.0,0.01,0.2399,0.0665,0.1653,0.049
only_cme,96,10.0,0.07,0.227,0.0808,0.1771,0.0637
only_cme,96,10.0,0.001,0.257,0.055,0.1578,0.0371
only_cme,96,10.0,0.005,0.2523,0.0611,0.168,0.0428
only_cme,96,100.0,1.0,0.1042,0.0763,0.1189,0.0856
only_cme,96,100.0,0.1,0.2053,0.0652,0.1863,0.061
only_cme,96,100.0,0.01,0.2241,0.08,0.163,0.059
only_cme,96,100.0,0.07,0.2408,0.0724,0.2007,0.0612
only_cme,96,100.0,0.001,0.2418,0.0544,0.1588,0.038
only_cme,96,100.0,0.005,0.2254,0.0931,0.1578,0.0669
only_cme,96,1000.0,1.0,0.105,0.077,0.12,0.0867
only_cme,96,1000.0,0.1,0.1886,0.0864,0.1843,0.0818
only_cme,96,1000.0,0.01,0.2314,0.1027,0.1751,0.0757
only_cme,96,1000.0,0.07,0.2241,0.0767,0.2096,0.0703
only_cme,96,1000.0,0.001,0.241,0.0833,0.1624,0.0577
only_cme,96,1000.0,0.005,0.2413,0.0689,0.1772,0.0508
only_cme,96,10000.0,1.0,0.105,0.077,0.12,0.0867
only_cme,96,10000.0,0.1,0.1445,0.0702,0.139,0.0657
only_cme,96,10000.0,0.01,0.2053,0.077,0.1614,0.0605
only_cme,96,10000.0,0.07,0.1824,0.0949,0.1748,0.0898
only_cme,96,10000.0,0.001,0.2427,0.0985,0.1711,0.0706
only_cme,96,10000.0,0.005,0.2443,0.0871,0.1865,0.0653
only_cme,96,100000.0,1.0,0.105,0.077,0.12,0.0867
only_cme,96,100000.0,0.1,0.1438,0.0648,0.138,0.0595
only_cme,96,100000.0,0.01,0.2414,0.1062,0.2048,0.0882
only_cme,96,100000.0,0.07,0.1474,0.0817,0.1413,0.0749
only_cme,96,100000.0,0.001,0.245,0.0769,0.1789,0.0556
only_cme,96,100000.0,0.005,0.2012,0.0929,0.1594,0.0719
only_flares,108,0.001,1.0,0.0,0.0,0.0,0.0
only_flares,108,0.001,0.1,0.0,0.0,0.0,0.0
only_flares,108,0.001,0.01,0.0,0.0,0.0,0.0
only_flares,108,0.001,0.07,0.0,0.0,0.0,0.0
only_flares,108,0.001,0.001,0.0,0.0,0.0,0.0
only_flares,108,0.001,0.005,0.0,0.0,0.0,0.0
only_flares,108,0.01,1.0,0.0,0.0,0.0,0.0
only_flares,108,0.01,0.1,0.0,0.0,0.0,0.0
only_flares,108,0.01,0.01,0.0,0.0,0.0,0.0
only_flares,108,0.01,0.07,0.0,0.0,0.0,0.0
only_flares,108,0.01,0.001,0.0,0.0,0.0,0.0
only_flares,108,0.01,0.005,0.0,0.0,0.0,0.0
only_flares,108,0.1,1.0,0.1979,0.04,0.1965,0.0399
only_flares,108,0.1,0.1,0.2192,0.0941,0.2189,0.094
only_flares,108,0.1,0.01,0.1699,0.0627,0.1693,0.0626
only_flares,108,0.1,0.07,0.2116,0.0968,0.2113,0.0967
only_flares,108,0.1,0.001,0.0985,0.0435,0.0977,0.0431
only_flares,108,0.1,0.005,0.1468,0.0576,0.1461,0.0575
only_flares,108,1.0,1.0,0.3045,0.0547,0.304,0.0548
only_flares,108,1.0,0.1,0.3056,0.0912,0.3051,0.0912
only_flares,108,1.0,0.01,0.2198,0.0888,0.2193,0.0887
only_flares,108,1.0,0.07,0.3008,0.1002,0.3002,0.1001
only_flares,108,1.0,0.001,0.1545,0.0777,0.1537,0.0774
only_flares,108,1.0,0.005,0.2152,0.09,0.2147,0.09
only_flares,108,10.0,1.0,0.2675,0.061,0.2673,0.061
only_flares,108,10.0,0.1,0.3355,0.0984,0.3354,0.0985
only_flares,108,10.0,0.01,0.2587,0.0895,0.2581,0.0894
only_flares,108,10.0,0.07,0.3278,0.0962,0.3277,0.0962
only_flares,108,10.0,0.001,0.1985,0.0852,0.198,0.0851
only_flares,108,10.0,0.005,0.2238,0.079,0.2233,0.0788
only_flares,108,100.0,1.0,0.2647,0.0633,0.2645,0.0634
only_flares,108,100.0,0.1,0.2537,0.0569,0.2537,0.0571
only_flares,108,100.0,0.01,0.2884,0.0766,0.2881,0.0766
only_flares,108,100.0,0.07,0.2862,0.0744,0.2862,0.0746
only_flares,108,100.0,0.001,0.2364,0.0805,0.236,0.0803
only_flares,108,100.0,0.005,0.2764,0.0912,0.2759,0.091
only_flares,108,1000.0,1.0,0.2622,0.0615,0.262,0.0617
only_flares,108,1000.0,0.1,0.2379,0.0587,0.238,0.0588
only_flares,108,1000.0,0.01,0.302,0.1041,0.3019,0.1042
only_flares,108,1000.0,0.07,0.2264,0.0638,0.2265,0.0638
only_flares,108,1000.0,0.001,0.2691,0.0831,0.2685,0.0831
only_flares,108,1000.0,0.005,0.2987,0.0849,0.2984,0.0849
only_flares,108,10000.0,1.0,0.2647,0.0591,0.2646,0.0593
only_flares,108,10000.0,0.1,0.2391,0.0921,0.2392,0.0922
only_flares,108,10000.0,0.01,0.2799,0.0939,0.2799,0.0939
only_flares,108,10000.0,0.07,0.2442,0.0859,0.2443,0.086
only_flares,108,10000.0,0.001,0.2927,0.0885,0.2923,0.0885
only_flares,108,10000.0,0.005,0.2943,0.1088,0.2942,0.1089
only_flares,108,100000.0,1.0,0.2647,0.0591,0.2646,0.0593
only_flares,108,100000.0,0.1,0.2328,0.083,0.2329,0.083
only_flares,108,100000.0,0.01,0.2382,0.0707,0.2383,0.0708
only_flares,108,100000.0,0.07,0.2285,0.0872,0.2286,0.0872
only_flares,108,100000.0,0.001,0.3088,0.082,0.3086,0.082
only_flares,108,100000.0,0.005,0.289,0.0838,0.2889,0.0838
flare_linked,108,0.001,1.0,0.0,0.0,0.0,0.0
flare_linked,108,0.001,0.1,0.0,0.0,0.0,0.0
flare_linked,108,0.001,0.01,0.0,0.0,0.0,0.0
flare_linked,108,0.001,0.07,0.0,0.0,0.0,0.0
flare_linked,108,0.001,0.001,0.0,0.0,0.0,0.0
flare_linked,108,0.001,0.005,0.0,0.0,0.0,0.0
flare_linked,108,0.01,1.0,0.0,0.0,0.0,0.0
flare_linked,108,0.01,0.1,0.0,0.0,0.0,0.0
flare_linked,108,0.01,0.01,0.0,0.0,0.0,0.0
flare_linked,108,0.01,0.07,0.0,0.0,0.0,0.0
flare_linked,108,0.01,0.001,0.0,0.0,0.0,0.0
flare_linked,108,0.01,0.005,0.0,0.0,0.0,0.0
flare_linked,108,0.1,1.0,0.1065,0.0494,0.115,0.0466
flare_linked,108,0.1,0.1,0.0903,0.0763,0.0788,0.0642
flare_linked,108,0.1,0.01,0.0751,0.0651,0.0558,0.0478
flare_linked,108,0.1,0.07,0.0851,0.0919,0.071,0.0745
flare_linked,108,0.1,0.001,0.0,0.0,0.0,0.0
flare_linked,108,0.1,0.005,0.0573,0.0947,0.0412,0.0656
flare_linked,108,1.0,1.0,0.1781,0.1015,0.1823,0.1065
flare_linked,108,1.0,0.1,0.2006,0.0825,0.1707,0.0713
flare_linked,108,1.0,0.01,0.1434,0.0802,0.1139,0.0637
flare_linked,108,1.0,0.07,0.1906,0.0645,0.1583,0.054
flare_linked,108,1.0,0.001,0.0753,0.0861,0.0585,0.0665
flare_linked,108,1.0,0.005,0.1106,0.0901,0.0868,0.0714
flare_linked,108,10.0,1.0,0.1483,0.092,0.1619,0.1039
flare_linked,108,10.0,0.1,0.1864,0.0501,0.167,0.0471
flare_linked,108,10.0,0.01,0.1721,0.0963,0.1373,0.0778
flare_linked,108,10.0,0.07,0.1897,0.0801,0.1677,0.0722
flare_linked,108,10.0,0.001,0.1192,0.083,0.0895,0.063
flare_linked,108,10.0,0.005,0.1195,0.1041,0.0943,0.083
flare_linked,108,100.0,1.0,0.1367,0.0903,0.1503,0.1019
flare_linked,108,100.0,0.1,0.1281,0.0947,0.1201,0.0902
flare_linked,108,100.0,0.01,0.2022,0.0953,0.1664,0.0778
flare_linked,108,100.0,0.07,0.1228,0.068,0.1132,0.0613
flare_linked,108,100.0,0.001,0.1263,0.0921,0.098,0.0726
flare_linked,108,100.0,0.005,0.1756,0.0811,0.1393,0.0645
flare_linked,108,1000.0,1.0,0.1367,0.0903,0.1503,0.1019
flare_linked,108,1000.0,0.1,0.1324,0.041,0.1308,0.0404
flare_linked,108,1000.0,0.01,0.1849,0.074,0.1595,0.0629
flare_linked,108,1000.0,0.07,0.14,0.0829,0.1356,0.0819
flare_linked,108,1000.0,0.001,0.1575,0.0791,0.1239,0.0624
flare_linked,108,1000.0,0.005,0.1795,0.0981,0.1504,0.0812
flare_linked,108,10000.0,1.0,0.1367,0.0903,0.1503,0.1019
flare_linked,108,10000.0,0.1,0.1238,0.0424,0.1226,0.0456
flare_linked,108,10000.0,0.01,0.1676,0.06,0.1481,0.051
flare_linked,108,10000.0,0.07,0.1421,0.0483,0.1404,0.0494
flare_linked,108,10000.0,0.001,0.1474,0.091,0.1184,0.0731
flare_linked,108,10000.0,0.005,0.1592,0.1009,0.1378,0.0863
flare_linked,108,100000.0,1.0,0.1367,0.0903,0.1503,0.1019
flare_linked,108,100000.0,0.1,0.1248,0.0372,0.1241,0.0403
flare_linked,108,100000.0,0.01,0.1451,0.0883,0.1314,0.076
flare_linked,108,100000.0,0.07,0.1266,0.0706,0.1268,0.0725
flare_linked,108,100000.0,0.001,0.1384,0.07,0.1178,0.0579
flare_linked,108,100000.0,0.005,0.1629,0.081,0.145,0.0704
only_cme,108,0.001,1.0,0.0,0.0,0.0,0.0
only_cme,108,0.001,0.1,0.0,0.0,0.0,0.0
only_cme,108,0.001,0.01,0.0,0.0,0.0,0.0
only_cme,108,0.001,0.07,0.0,0.0,0.0,0.0
only_cme,108,0.001,0.001,0.0,0.0,0.0,0.0
only_cme,108,0.001,0.005,0.0,0.0,0.0,0.0
only_cme,108,0.01,1.0,0.0,0.0,0.0,0.0
only_cme,108,0.01,0.1,0.0023,0.007,0.0036,0.0107
only_cme,108,0.01,0.01,0.0126,0.014,0.0091,0.0172
only_cme,108,0.01,0.07,0.0221,0.0293,0.0237,0.0368
only_cme,108,0.01,0.001,0.0,0.0,0.0,0.0
only_cme,108,0.01,0.005,0.0,0.0,0.0,0.0
only_cme,108,0.1,1.0,0.2188,0.0862,0.1578,0.0596
only_cme,108,0.1,0.1,0.243,0.083,0.171,0.0571
only_cme,108,0.1,0.01,0.233,0.0623,0.1478,0.0404
only_cme,108,0.1,0.07,0.2553,0.0872,0.1777,0.0574
only_cme,108,0.1,0.001,0.1355,0.032,0.0669,0.0165
only_cme,108,0.1,0.005,0.2067,0.0622,0.1279,0.0393
only_cme,108,1.0,1.0,0.1266,0.0534,0.1364,0.0573
only_cme,108,1.0,0.1,0.2471,0.0845,0.1819,0.0631
only_cme,108,1.0,0.01,0.2518,0.0889,0.1649,0.0561
only_cme,108,1.0,0.07,0.2683,0.0794,0.1938,0.0555
only_cme,108,1.0,0.001,0.2101,0.0668,0.1235,0.0417
only_cme,108,1.0,0.005,0.2365,0.0831,0.1493,0.0522
only_cme,108,10.0,1.0,0.0992,0.0466,0.117,0.0532
only_cme,108,10.0,0.1,0.2219,0.0714,0.1807,0.0591
only_cme,108,10.0,0.01,0.258,0.0818,0.1811,0.0565
only_cme,108,10.0,0.07,0.2245,0.0709,0.1763,0.0559
only_cme,108,10.0,0.001,0.2412,0.0619,0.1479,0.0382
only_cme,108,10.0,0.005,0.2462,0.0855,0.1675,0.0585
only_cme,108,100.0,1.0,0.0959,0.0514,0.1125,0.0578
only_cme,108,100.0,0.1,0.1448,0.073,0.1276,0.0633
only_cme,108,100.0,0.01,0.2672,0.0624,0.1976,0.0453
only_cme,108,100.0,0.07,0.167,0.0705,0.1399,0.0585
only_cme,108,100.0,0.001,0.2391,0.0936,0.157,0.063
only_cme,108,100.0,0.005,0.2563,0.0622,0.1841,0.0418
only_cme,108,1000.0,1.0,0.0959,0.0514,0.1125,0.0578
only_cme,108,1000.0,0.1,0.1283,0.0653,0.1236,0.0663
only_cme,108,1000.0,0.01,0.1994,0.0878,0.1527,0.0626
only_cme,108,1000.0,0.07,0.1143,0.0918,0.1075,0.0904
only_cme,108,1000.0,0.001,0.2555,0.0907,0.1804,0.0672
only_cme,108,1000.0,0.005,0.2328,0.0497,0.175,0.0372
only_cme,108,10000.0,1.0,0.0959,0.0514,0.1125,0.0578
only_cme,108,10000.0,0.1,0.1153,0.0703,0.1106,0.0683
only_cme,108,10000.0,0.01,0.198,0.0939,0.1565,0.072
only_cme,108,10000.0,0.07,0.1163,0.0879,0.1105,0.0843
only_cme,108,10000.0,0.001,0.2332,0.0514,0.1672,0.0374
only_cme,108,10000.0,0.005,0.2086,0.0868,0.1584,0.0606
only_cme,108,100000.0,1.0,0.0959,0.0514,0.1125,0.0578
only_cme,108,100000.0,0.1,0.1193,0.0757,0.114,0.0732
only_cme,108,100000.0,0.01,0.1375,0.1051,0.1159,0.0885
only_cme,108,100000.0,0.07,0.1468,0.0582,0.138,0.0566
only_cme,108,100000.0,0.001,0.2309,0.0645,0.1729,0.0492
only_cme,108,100000.0,0.005,0.1821,0.0948,0.1445,0.0736
only_flares,120,0.001,1.0,0.0,0.0,0.0,0.0
only_flares,120,0.001,0.1,0.0,0.0,0.0,0.0
only_flares,120,0.001,0.01,0.0,0.0,0.0,0.0
only_flares,120,0.001,0.07,0.0,0.0,0.0,0.0
only_flares,120,0.001,0.001,0.0,0.0,0.0,0.0
only_flares,120,0.001,0.005,0.0,0.0,0.0,0.0
only_flares,120,0.01,1.0,0.0,0.0,0.0,0.0
only_flares,120,0.01,0.1,0.0,0.0,0.0,0.0
only_flares,120,0.01,0.01,0.0,0.0,0.0,0.0
only_flares,120,0.01,0.07,0.0,0.0,0.0,0.0
only_flares,120,0.01,0.001,0.0,0.0,0.0,0.0
only_flares,120,0.01,0.005,0.0,0.0,0.0,0.0
only_flares,120,0.1,1.0,0.2878,0.072,0.2855,0.0719
only_flares,120,0.1,0.1,0.2312,0.0709,0.2309,0.0707
only_flares,120,0.1,0.01,0.1324,0.0724,0.1315,0.072
only_flares,120,0.1,0.07,0.2231,0.0876,0.2228,0.0873
only_flares,120,0.1,0.001,0.1215,0.0945,0.1207,0.094
only_flares,120,0.1,0.005,0.0903,0.0802,0.0895,0.0796
only_flares,120,1.0,1.0,0.3682,0.0845,0.3674,0.084
only_flares,120,1.0,0.1,0.3282,0.0722,0.3277,0.0721
only_flares,120,1.0,0.01,0.2203,0.1049,0.2197,0.1045
only_flares,120,1.0,0.07,0.3093,0.0841,0.3088,0.0839
only_flares,120,1.0,0.001,0.1122,0.0699,0.1113,0.0694
only_flares,120,1.0,0.005,0.1769,0.0776,0.1762,0.0772
only_flares,120,10.0,1.0,0.3162,0.0901,0.3161,0.0899
only_flares,120,10.0,0.1,0.3353,0.0566,0.3351,0.0564
only_flares,120,10.0,0.01,0.2436,0.0672,0.243,0.067
only_flares,120,10.0,0.07,0.3427,0.0511,0.3423,0.051
only_flares,120,10.0,0.001,0.1909,0.0839,0.1903,0.0836
only_flares,120,10.0,0.005,0.2518,0.0834,0.2511,0.083
only_flares,120,100.0,1.0,0.3084,0.0875,0.3082,0.0874
only_flares,120,100.0,0.1,0.3156,0.0759,0.3156,0.0758
only_flares,120,100.0,0.01,0.2944,0.0739,0.294,0.0738
only_flares,120,100.0,0.07,0.2913,0.0749,0.2913,0.0747
only_flares,120,100.0,0.001,0.2236,0.0779,0.2229,0.0774
only_flares,120,100.0,0.005,0.2636,0.0853,0.2631,0.0852
only_flares,120,1000.0,1.0,0.3057,0.0915,0.3055,0.0913
only_flares,120,1000.0,0.1,0.2787,0.0724,0.2788,0.0723
only_flares,120,1000.0,0.01,0.3035,0.0623,0.3031,0.0621
only_flares,120,1000.0,0.07,0.3059,0.0609,0.306,0.0609
only_flares,120,1000.0,0.001,0.248,0.0773,0.2473,0.0771
only_flares,120,1000.0,0.005,0.3051,0.0754,0.3047,0.0754
only_flares,120,10000.0,1.0,0.3057,0.0915,0.3055,0.0913
only_flares,120,10000.0,0.1,0.2462,0.055,0.2462,0.055
only_flares,120,10000.0,0.01,0.2993,0.0751,0.2989,0.075
only_flares,120,10000.0,0.07,0.2542,0.0696,0.2543,0.0696
only_flares,120,10000.0,0.001,0.2645,0.0765,0.2641,0.0765
only_flares,120,10000.0,0.005,0.2953,0.0577,0.2949,0.0575
only_flares,120,100000.0,1.0,0.3057,0.0915,0.3055,0.0913
only_flares,120,100000.0,0.1,0.25,0.0682,0.2502,0.0681
only_flares,120,100000.0,0.01,0.2342,0.0908,0.2341,0.0907
only_flares,120,100000.0,0.07,0.2444,0.0798,0.2445,0.0798
only_flares,120,100000.0,0.001,0.2966,0.0545,0.2963,0.0545
only_flares,120,100000.0,0.005,0.2881,0.0695,0.2879,0.0695
flare_linked,120,0.001,1.0,0.0,0.0,0.0,0.0
flare_linked,120,0.001,0.1,0.0,0.0,0.0,0.0
flare_linked,120,0.001,0.01,0.0,0.0,0.0,0.0
flare_linked,120,0.001,0.07,0.0,0.0,0.0,0.0
flare_linked,120,0.001,0.001,0.0,0.0,0.0,0.0
flare_linked,120,0.001,0.005,0.0,0.0,0.0,0.0
flare_linked,120,0.01,1.0,0.0,0.0,0.0,0.0
flare_linked,120,0.01,0.1,0.0,0.0,0.0,0.0
flare_linked,120,0.01,0.01,0.0,0.0,0.0,0.0
flare_linked,120,0.01,0.07,0.0,0.0,0.0,0.0
flare_linked,120,0.01,0.001,0.0,0.0,0.0,0.0
flare_linked,120,0.01,0.005,0.0,0.0,0.0,0.0
flare_linked,120,0.1,1.0,0.1136,0.0812,0.1131,0.0749
flare_linked,120,0.1,0.1,0.1192,0.0505,0.1082,0.0449
flare_linked,120,0.1,0.01,0.0651,0.0899,0.0522,0.0728
flare_linked,120,0.1,0.07,0.13,0.0665,0.1166,0.0592
flare_linked,120,0.1,0.001,0.0,0.0,0.0,0.0
flare_linked,120,0.1,0.005,0.0435,0.0673,0.0318,0.0489
flare_linked,120,1.0,1.0,0.1437,0.042,0.1467,0.0441
flare_linked,120,1.0,0.1,0.2081,0.0737,0.1786,0.0641
flare_linked,120,1.0,0.01,0.1237,0.0825,0.1003,0.0674
flare_linked,120,1.0,0.07,0.1835,0.0764,0.1576,0.0705
flare_linked,120,1.0,0.001,0.0789,0.0981,0.0615,0.0775
flare_linked,120,1.0,0.005,0.1111,0.0832,0.0862,0.0656
flare_linked,120,10.0,1.0,0.1073,0.0408,0.1167,0.0461
flare_linked,120,10.0,0.1,0.1412,0.0773,0.125,0.0683
flare_linked,120,10.0,0.01,0.1555,0.0801,0.1264,0.0675
flare_linked,120,10.0,0.07,0.1667,0.0842,0.1453,0.0743
flare_linked,120,10.0,0.001,0.1103,0.1019,0.086,0.0801
flare_linked,120,10.0,0.005,0.1283,0.0991,0.1041,0.0818
flare_linked,120,100.0,1.0,0.108,0.0372,0.1179,0.0418
flare_linked,120,100.0,0.1,0.155,0.0626,0.148,0.0585
flare_linked,120,100.0,0.01,0.1488,0.105,0.1218,0.0864
flare_linked,120,100.0,0.07,0.1709,0.0534,0.1583,0.0496
flare_linked,120,100.0,0.001,0.1466,0.0814,0.1161,0.0647
flare_linked,120,100.0,0.005,0.1559,0.1203,0.1263,0.0987
flare_linked,120,1000.0,1.0,0.1066,0.0396,0.1165,0.0443
flare_linked,120,1000.0,0.1,0.1422,0.0755,0.1417,0.0749
flare_linked,120,1000.0,0.01,0.1604,0.0853,0.1383,0.0746
flare_linked,120,1000.0,0.07,0.1713,0.0692,0.1663,0.0665
flare_linked,120,1000.0,0.001,0.1435,0.1087,0.1159,0.0901
flare_linked,120,1000.0,0.005,0.1471,0.1294,0.1209,0.1062
flare_linked,120,10000.0,1.0,0.1066,0.0396,0.1165,0.0443
flare_linked,120,10000.0,0.1,0.1234,0.0756,0.1238,0.0749
flare_linked,120,10000.0,0.01,0.1827,0.0768,0.1625,0.0681
flare_linked,120,10000.0,0.07,0.1262,0.0983,0.1274,0.0979
flare_linked,120,10000.0,0.001,0.1365,0.1214,0.11,0.0998
flare_linked,120,10000.0,0.005,0.147,0.1137,0.1266,0.0985
flare_linked,120,100000.0,1.0,0.1066,0.0396,0.1165,0.0443
flare_linked,120,100000.0,0.1,0.1324,0.0786,0.1326,0.0794
flare_linked,120,100000.0,0.01,0.1658,0.084,0.1529,0.0753
flare_linked,120,100000.0,0.07,0.105,0.0988,0.1038,0.0972
flare_linked,120,100000.0,0.001,0.1505,0.1259,0.1247,0.1039
flare_linked,120,100000.0,0.005,0.1607,0.0683,0.1443,0.0635
only_cme,120,0.001,1.0,0.0,0.0,0.0,0.0
only_cme,120,0.001,0.1,0.0,0.0,0.0,0.0
only_cme,120,0.001,0.01,0.0,0.0,0.0,0.0
only_cme,120,0.001,0.07,0.0,0.0,0.0,0.0
only_cme,120,0.001,0.001,0.0,0.0,0.0,0.0
only_cme,120,0.001,0.005,0.0,0.0,0.0,0.0
only_cme,120,0.01,1.0,0.0,0.0,0.0,0.0
only_cme,120,0.01,0.1,0.0,0.0,0.0,0.0
only_cme,120,0.01,0.01,0.0,0.0,0.0,0.0
only_cme,120,0.01,0.07,0.0,0.0,0.0,0.0
only_cme,120,0.01,0.001,0.0,0.0,0.0,0.0
only_cme,120,0.01,0.005,0.0,0.0,0.0,0.0
only_cme,120,0.1,1.0,0.2105,0.0803,0.1297,0.0484
only_cme,120,0.1,0.1,0.2303,0.0885,0.1653,0.0702
only_cme,120,0.1,0.01,0.2205,0.0868,0.1364,0.0553
only_cme,120,0.1,0.07,0.2371,0.099,0.1699,0.0759
only_cme,120,0.1,0.001,0.0744,0.0332,0.0333,0.0153
only_cme,120,0.1,0.005,0.1847,0.0694,0.1075,0.042
only_cme,120,1.0,1.0,0.137,0.0764,0.1459,0.0875
only_cme,120,1.0,0.1,0.2046,0.1366,0.1439,0.097
only_cme,120,1.0,0.01,0.2111,0.1228,0.1456,0.0868
only_cme,120,1.0,0.07,0.2028,0.1266,0.1436,0.0925
only_cme,120,1.0,0.001,0.1719,0.0575,0.0943,0.0333
only_cme,120,1.0,0.005,0.233,0.0767,0.1481,0.0509
only_cme,120,10.0,1.0,0.0927,0.0761,0.1055,0.0856
only_cme,120,10.0,0.1,0.1699,0.1216,0.1314,0.0934
only_cme,120,10.0,0.01,0.2174,0.1035,0.1513,0.0793
only_cme,120,10.0,0.07,0.1874,0.13,0.1417,0.0993
only_cme,120,10.0,0.001,0.1976,0.0874,0.1213,0.0571
only_cme,120,10.0,0.005,0.2129,0.1211,0.1479,0.089
only_cme,120,100.0,1.0,0.0934,0.0927,0.1066,0.1051
only_cme,120,100.0,0.1,0.168,0.1279,0.1458,0.1131
only_cme,120,100.0,0.01,0.2026,0.1088,0.1423,0.0769
only_cme,120,100.0,0.07,0.1575,0.1274,0.1302,0.1054
only_cme,120,100.0,0.001,0.1991,0.084,0.1329,0.0595
only_cme,120,100.0,0.005,0.1911,0.1234,0.1314,0.087
only_cme,120,1000.0,1.0,0.0942,0.0916,0.1075,0.104
only_cme,120,1000.0,0.1,0.1556,0.1193,0.1435,0.1123
only_cme,120,1000.0,0.01,0.1868,0.1372,0.1367,0.0982
only_cme,120,1000.0,0.07,0.1644,0.1211,0.1469,0.1103
only_cme,120,1000.0,0.001,0.1863,0.1217,0.1248,0.0852
only_cme,120,1000.0,0.005,0.2067,0.1084,0.1432,0.0705
only_cme,120,10000.0,1.0,0.0942,0.0916,0.1075,0.104
only_cme,120,10000.0,0.1,0.143,0.1165,0.1323,0.1029
only_cme,120,10000.0,0.01,0.1593,0.1025,0.1254,0.0828
only_cme,120,10000.0,0.07,0.1472,0.1291,0.1339,0.1153
only_cme,120,10000.0,0.001,0.1827,0.1105,0.1263,0.0768
only_cme,120,10000.0,0.005,0.1843,0.125,0.1346,0.0879
only_cme,120,100000.0,1.0,0.0942,0.0916,0.1075,0.104
only_cme,120,100000.0,0.1,0.1623,0.0945,0.1504,0.0826
only_cme,120,100000.0,0.01,0.182,0.1375,0.1553,0.1205
only_cme,120,100000.0,0.07,0.1573,0.1245,0.1427,0.107
only_cme,120,100000.0,0.001,0.2108,0.1358,0.1477,0.092
only_cme,120,100000.0,0.005,0.1977,0.0847,0.1548,0.0676
