,0,1,2,3,4,5,6,7,8,9,10,11,12,13,14,15,16,17,18,19,20,21
0,8,11069,M1.2,2010.05.05_05:19_TAI,8.218006e+21,104.576,-0.02858981,6956.294,17.711,804.506,57.682,-0.06215115,37.419,113.83,0.01561382,12583300000000.0,11804430000000.0,1.062031e+23,30.822,221.451202,4.197,328.64
1,54,11081,M2.0,2010.06.11_12:57_TAI,2.492258e+21,136.018,-0.01067006,3867.412,26.318,266.345,73.914,-0.02801483,45.745,143.165,-0.51339287,5566317000000.0,2072907000000.0,2.074468e+22,35.722,91.149933,3.231,43.086
2,115,11093,M1.0,2010.08.07_06:24_TAI,1.291028e+22,96.459,-0.00584239,8250.659,24.915,869.41,42.809,-0.0143567,39.289,96.397,-0.1721857,16864430000000.0,1866188000000.0,2.194078e+23,34.03,510.853424,3.739,116.988
3,211,11112,M2.9,2010.10.16_07:12_TAI,1.18678e+22,131.391,0.00288457,3811.955,16.53,993.808,63.644,0.00821481,37.853,132.928,0.37282902,19683660000000.0,6300825000000.0,9.150875e+22,29.788,696.704041,4.0,52.141
4,245,11121,M5.4,2010.11.06_03:36_TAI,2.598392e+22,88.15,0.00072538,2347.871,7.347,1336.263,37.386,0.00207232,27.64,92.776,0.0967373,26080910000000.0,1877915000000.0,1.160735e+23,22.769,548.855286,4.046,27.002
5,377,11158,M6.6,2011.02.13_05:38_TAI,1.250015e+22,112.35,0.02521585,9586.912,50.103,1814.469,83.279,0.06796505,59.725,118.404,0.13935535,34425680000000.0,22501870000000.0,2.97645e+23,48.945,574.865662,4.656,589.496
6,377,11158,M2.2,2011.02.14_05:26_TAI,2.31322e+22,98.992,0.02189833,15359.87,57.868,2858.902,73.307,0.04572924,60.477,108.353,0.09070126,49966090000000.0,17156630000000.0,7.623972e+23,51.407,1008.172302,4.967,818.45
7,384,11161,M1.1,2011.02.15_19:44_TAI,1.583015e+22,111.274,-0.01404452,7778.299,24.627,1428.679,61.943,-0.02776583,42.338,118.889,-0.14175706,24263720000000.0,6742030000000.0,2.202133e+23,35.49,584.009949,4.488,299.387
8,377,11158,M1.6,2011.02.16_02:25_TAI,2.769748e+22,98.424,0.02600396,14370.5,53.262,3196.524,68.185,0.05061166,55.707,109.978,0.32540411,55416610000000.0,34606690000000.0,8.018418e+23,48.878,1082.296997,4.763,1092.505
9,377,11158,M6.6,2011.02.17_22:11_TAI,3.550232e+22,97.354,0.01586254,11323.3,37.159,3255.458,61.35,0.02955703,47.167,106.617,0.06650361,54518170000000.0,27361110000000.0,7.398621e+23,40.936,1115.798218,4.82,780.421
10,384,11162,M1.0,2011.02.17_22:26_TAI,1.537188e+22,110.641,-0.00433871,8400.286,40.993,1316.236,65.845,-0.01049289,52.291,111.389,0.36190766,28280020000000.0,4778088000000.0,2.868641e+23,42.546,766.605164,3.813,111.566
11,377,11158,M1.4,2011.02.18_01:03_TAI,3.56562e+22,93.166,0.01378401,11007.56,35.594,3196.389,57.492,0.02673303,46.345,103.785,0.10323603,52167990000000.0,21191720000000.0,7.332359e+23,39.953,1086.963867,4.694,691.365
12,384,11162,M1.0,2011.02.18_02:08_TAI,1.652256e+22,122.553,-0.00368401,9011.525,39.148,1651.352,74.748,-0.00802347,52.177,124.486,0.23725843,33247010000000.0,3148573000000.0,3.091617e+23,41.722,833.450867,4.131,95.169
13,384,11162,M1.3,2011.02.18_09:04_TAI,1.790478e+22,125.943,-0.00460121,10096.78,37.442,1981.996,80.688,-0.00978379,52.245,130.429,-0.09749422,38530290000000.0,1370602000000.0,3.667621e+23,41.675,966.516907,4.7,125.852
14,393,11164,M1.1,2011.02.28_00:52_TAI,2.654716e+22,86.012,0.01303523,4671.463,14.508,1638.363,40.812,0.03455432,33.327,90.906,-0.11865541,29715860000000.0,24207810000000.0,2.396756e+23,27.371,649.92334,4.408,503.59
15,393,11164,M1.2,2011.03.06_17:13_TAI,5.823021e+22,92.109,0.0078392,10847.7,31.711,4381.292,51.904,0.01519661,42.46,101.005,-0.04817521,78162580000000.0,36534200000000.0,1.127777e+24,37.447,2057.387207,4.992,613.668
16,394,11165,M1.5,2011.03.06_19:54_TAI,3.97685e+22,92.887,0.00132083,7084.676,24.165,2867.463,51.331,0.00270749,40.001,104.286,-0.0911365,48329440000000.0,2485057000000.0,4.957572e+23,33.337,1225.181641,4.63,69.594
17,393,11164,M1.4,2011.03.06_20:07_TAI,6.039302e+22,91.233,0.00753529,9912.353,29.044,4229.148,49.56,0.01502758,41.15,100.01,-0.13113055,76312050000000.0,34306470000000.0,1.074422e+24,35.873,1934.446167,4.865,615.008
18,393,11164,M1.8,2011.03.06_21:20_TAI,5.996005e+22,92.847,0.00691168,9939.246,29.818,4239.906,51.101,0.01356215,41.442,100.953,-0.08311784,77803460000000.0,31736720000000.0,1.060336e+24,36.634,1892.476929,4.738,555.209
19,401,11166,M1.7,2011.03.08_23:07_TAI,3.071002e+22,103.083,-0.00362123,15411.53,55.66,3133.608,72.767,-0.00711158,58.046,111.2,0.39676261,62324420000000.0,10215920000000.0,9.641278e+23,50.115,1395.516113,4.872,170.571
20,401,11166,M1.7,2011.03.09_02:02_TAI,3.066753e+22,100.955,-0.00428977,15020.08,54.627,2978.096,70.651,-0.00859534,57.291,107.962,0.4327195,59730730000000.0,10669640000000.0,9.487152e+23,49.518,1407.28833,4.653,204.017
21,401,11166,X1.5,2011.03.09_11:23_TAI,3.065026e+22,90.741,-0.00160394,14802.93,56.945,2828.638,65.85,-0.00358439,58.805,96.263,0.26484868,56688560000000.0,6934896000000.0,9.925606e+23,50.66,1469.394653,4.786,80.973
22,401,11166,M1.3,2011.03.11_16:43_TAI,3.956915e+22,93.93,-0.00330862,13069.59,47.018,3317.194,60.452,-0.00657882,51.859,102.632,0.08431865,63936710000000.0,13579670000000.0,9.943994e+23,45.567,1654.125244,4.97,189.551
23,407,11169,M1.0,2011.03.14_12:22_TAI,2.478371e+22,100.09,-0.02369218,9194.56,27.794,2042.784,53.428,-0.05117927,41.476,108.865,0.13247843,36139800000000.0,36459890000000.0,4.280366e+23,35.29,945.073914,4.699,830.482
24,437,11176,M1.0,2011.03.25_11:22_TAI,4.864728e+22,101.06,0.00724897,6574.052,24.625,3350.061,50.416,0.0185283,40.548,105.675,-0.04905383,70041490000000.0,13699620000000.0,6.442683e+23,34.432,1830.37439,4.605,534.902
25,495,11190,M1.3,2011.04.15_05:12_TAI,2.850978e+22,119.07,-0.00860409,8175.205,32.275,2807.157,70.624,-0.02222077,47.098,124.991,0.13113409,52941260000000.0,18790020000000.0,4.91031e+23,38.669,1639.39917,4.694,389.129
26,514,11195,M1.2,2011.04.22_03:53_TAI,5.477785e+22,96.0,0.00810985,4608.788,17.39,3618.39,46.416,0.02303285,36.454,100.45,0.07907138,71347480000000.0,28135390000000.0,5.179498e+23,29.96,1768.728638,4.805,686.264
27,746,11260,M1.1,2011.07.27_04:07_TAI,1.558585e+22,112.714,0.00284324,5556.046,24.841,1352.317,59.224,0.00708437,42.203,118.652,-0.14179525,26864080000000.0,4127704000000.0,1.752805e+23,35.311,532.580811,4.429,67.541
28,750,11261,M9.3,2011.07.29_14:09_TAI,2.14285e+22,103.242,-0.00046443,8019.248,33.826,1861.362,59.497,-0.00116435,45.387,109.812,0.2150507,37100620000000.0,3793783000000.0,3.464524e+23,38.977,907.447388,4.591,15.109
29,750,11261,M1.4,2011.08.01_18:19_TAI,2.120434e+22,112.895,0.02524593,13880.3,46.312,2824.598,81.481,0.05630407,55.845,121.208,0.25642496,48195690000000.0,39043610000000.0,6.095827e+23,45.535,1340.325439,4.878,834.858
30,750,11261,M1.1,2011.08.02_15:37_TAI,1.981957e+22,107.81,0.03129284,11711.63,45.191,2525.548,72.164,0.07881213,53.743,112.823,0.21188952,43243810000000.0,39056610000000.0,5.212467e+23,44.676,1247.984375,4.739,1048.654
31,753,11263,M1.7,2011.08.02_16:32_TAI,2.640943e+22,82.173,0.02484502,22015.64,63.683,2555.805,61.932,0.04004237,61.389,89.85,0.08633567,45221660000000.0,33382720000000.0,1.128314e+24,54.151,1068.443359,4.731,958.745
32,753,11263,M2.5,2011.08.08_15:54_TAI,3.591983e+22,74.577,0.01684665,10185.39,32.024,2210.121,42.078,0.03481908,43.831,80.984,0.04081957,37964020000000.0,35165660000000.0,6.823387e+23,37.933,1008.711609,4.587,849.796
33,753,11263,X6.9,2011.08.08_20:05_TAI,3.772933e+22,71.669,0.01956487,10182.72,31.226,2405.088,41.598,0.04062031,42.81,79.488,-0.10156899,39397110000000.0,44039140000000.0,7.179145e+23,37.239,957.939941,4.639,1038.621
34,814,11286,M3.2,2011.09.03_23:45_TAI,1.953899e+22,103.689,-0.00305349,4304.507,14.551,1017.978,44.429,-0.00839835,33.811,104.358,0.01932961,21715560000000.0,1554056000000.0,1.70657e+23,27.898,662.3703,3.893,91.156
35,814,11286,M1.6,2011.09.04_16:28_TAI,1.814562e+22,91.404,-0.00251948,3992.969,11.859,800.539,37.238,-0.00714191,31.692,91.469,-0.13110913,16297250000000.0,3001346000000.0,1.451069e+23,25.453,502.472382,3.865,68.943
36,814,11286,M1.2,2011.09.04_19:58_TAI,1.89696e+22,84.999,-0.00207516,3590.4,10.369,756.344,34.518,-0.00612227,30.724,85.494,-0.14484017,15324100000000.0,2241349000000.0,1.380015e+23,24.132,454.123993,3.789,60.057
37,833,11283,M5.3,2011.09.05_13:50_TAI,1.620617e+22,107.372,0.00065093,8481.039,41.027,1566.51,66.616,0.00189394,53.448,109.993,0.42924172,32861640000000.0,6618207000000.0,3.247743e+23,43.242,1431.097046,4.364,18.77
38,833,1283,X2.1,2011.09.06_10:20_TAI,1.59971e+22,107.64,0.00791873,9167.477,39.819,1628.084,67.972,0.02312224,51.705,109.05,0.33255035,33635100000000.0,12293570000000.0,3.476153e+23,41.977,1298.519531,4.362,226.096
39,833,11283,X2.1,2011.09.06_10:20_TAI,1.59971e+22,107.64,0.00791873,9167.477,39.819,1628.084,67.972,0.02312224,51.705,109.05,0.33255035,33635100000000.0,12293570000000.0,3.476153e+23,41.977,1298.519531,4.362,226.096
40,833,11283,M6.7,2011.09.08_03:46_TAI,1.768999e+22,116.335,0.00971998,9211.413,29.087,1501.801,60.508,0.02329676,43.857,121.313,-0.0734339,29595080000000.0,11315030000000.0,3.249741e+23,36.433,1058.943726,4.409,258.192
41,833,11283,M1.2,2011.09.09_00:49_TAI,2.45396e+22,103.417,0.00815828,7142.262,24.7,1954.583,52.2,0.02159191,40.362,110.534,0.15856837,40295860000000.0,16084580000000.0,3.690044e+23,34.621,1041.127319,4.442,317.357
42,833,11283,M1.1,2011.09.09_19:40_TAI,3.138762e+22,89.584,0.00531157,5175.724,16.67,1830.056,41.275,0.01464663,35.215,95.48,0.04040084,37157770000000.0,15239430000000.0,3.309772e+23,29.804,984.936829,4.414,255.763
43,878,11301,M1.8,2011.09.21_00:23_TAI,4.35243e+22,84.32,-0.00052136,2939.014,10.754,2080.479,35.888,-0.00164391,31.463,85.534,-0.01711262,42580710000000.0,1493833000000.0,2.667641e+23,26.733,1019.584534,3.964,35.632
44,856,11295,M1.6,2011.09.22_13:59_TAI,5.681383e+22,93.364,0.00506271,4993.04,16.971,3315.176,43.778,0.01412852,35.802,98.188,0.08040935,67109330000000.0,18628130000000.0,5.794812e+23,30.37,1929.019287,4.68,442.42
45,892,11302,M1.9,2011.09.23_11:56_TAI,6.053153e+22,71.619,-0.00516587,14834.09,38.291,4752.685,46.159,-0.00897735,46.707,88.625,0.03604385,75810770000000.0,16424880000000.0,1.570136e+24,41.163,1926.80957,4.721,411.72
46,892,11302,X1.9,2011.09.23_21:40_TAI,6.250368e+22,75.819,-0.0081654,16540.93,40.594,5439.106,51.146,-0.01213819,47.388,91.237,0.08871168,80106830000000.0,12081800000000.0,1.715037e+24,42.304,1937.39917,4.895,637.489
47,892,11302,M7.1,2011.09.24_01:20_TAI,6.197299e+22,77.288,-0.01358973,17670.87,41.827,5310.813,50.481,-0.02148725,48.321,92.711,0.13844246,83595910000000.0,21805360000000.0,1.899428e+24,42.666,1929.302734,4.919,1099.817
48,892,11302,M3.1,2011.09.24_05:25_TAI,5.812067e+22,79.76,-0.01214083,18572.23,42.626,5090.996,52.608,-0.01854495,49.205,95.744,0.15858908,80040700000000.0,20364590000000.0,1.841618e+24,43.204,1934.630981,4.971,906.495
49,892,11302,M4.4,2011.09.24_14:33_TAI,5.513707e+22,77.785,-0.00406306,18323.5,44.953,5191.117,51.364,-0.00662395,50.171,92.943,0.05761178,79208680000000.0,5961534000000.0,1.785417e+24,44.464,1920.28418,4.882,298.094
50,892,11302,M7.4,2011.09.24_16:50_TAI,5.395762e+22,78.479,-0.00600082,19499.36,46.685,4951.424,51.775,-0.00933244,51.065,93.459,0.07147294,78518540000000.0,11342380000000.0,1.840869e+24,45.582,1923.979126,4.966,426.544
51,892,11302,M3.1,2011.09.24_20:49_TAI,5.478159e+22,83.615,-0.00480048,20931.86,47.377,5443.981,54.391,-0.00690147,51.103,99.041,0.0927915,81638530000000.0,9056230000000.0,1.935799e+24,45.694,1881.598999,5.039,334.286
52,899,11303,M1.5,2011.09.24_21:35_TAI,1.088718e+22,78.759,-0.0187603,7315.565,29.464,781.38,49.915,-0.04152176,46.47,88.227,-0.2224609,13556730000000.0,11033560000000.0,1.584387e+23,38.441,252.522797,4.101,305.943
53,892,11302,M3.7,2011.09.25_03:33_TAI,5.584249e+22,85.181,-0.00808732,19788.86,46.701,5940.21,55.625,-0.01188721,50.981,100.163,0.21486849,84852140000000.0,18530940000000.0,1.916478e+24,45.506,1815.984619,5.12,589.736
54,899,11303,M2.2,2011.09.25_04:58_TAI,1.538011e+22,82.343,-0.01200575,9085.387,29.428,1199.115,49.105,-0.02285934,43.061,101.007,-0.19041444,18975940000000.0,6900799000000.0,2.460457e+23,37.41,469.991608,4.301,244.821
55,892,11302,M4.0,2011.09.25_17:08_TAI,4.89805e+22,85.163,-0.00621805,19336.87,51.049,5212.196,58.73,-0.01003602,53.831,97.419,0.20539251,82122690000000.0,13023970000000.0,1.754729e+24,48.048,1809.167603,5.162,424.879
56,892,11302,M2.6,2011.09.26_02:46_TAI,4.963725e+22,87.977,-0.00452871,19284.75,51.269,5367.209,58.347,-0.00724499,54.264,101.635,0.22325255,82525240000000.0,8334488000000.0,1.806959e+24,48.21,1808.910034,5.115,319.509
57,892,11302,M1.2,2011.09.28_01:28_TAI,3.827054e+22,83.839,-0.00750699,20245.08,63.099,3731.021,62.339,-0.01280127,61.301,92.74,0.26641655,65312920000000.0,17165260000000.0,1.559382e+24,53.943,1907.421387,4.86,435.383
58,902,11305,M1.2,2011.09.30_21:59_TAI,9.833137e+21,97.943,-0.02893613,15571.95,56.65,1000.797,66.603,-0.05679813,61.625,99.356,0.44764984,19592900000000.0,19110510000000.0,3.571685e+23,51.053,575.217712,4.228,499.756
59,892,11302,M1.3,2011.10.02_05:23_TAI,4.025164e+22,90.644,-0.01141324,10208.67,34.664,2740.222,49.24,-0.02364604,44.92,95.369,0.1723754,51579150000000.0,32988140000000.0,8.065527e+23,38.757,1458.802124,4.515,678.973
60,940,11319,M1.3,2011.10.21_01:00_TAI,7.180561e+22,72.4,-0.00230623,5940.107,18.049,3182.861,33.235,-0.00603102,35.289,75.988,0.02528761,63031790000000.0,10033420000000.0,8.64328e+23,29.102,1870.300781,4.476,252.673
61,1028,11339,M1.0,2011.11.04_08:40_TAI,7.885535e+22,76.713,0.00013432,12551.19,37.28,5532.999,47.286,0.00025186,45.428,88.228,-0.04872875,95299280000000.0,6417981000000.0,1.753196e+24,40.42,2696.245117,5.034,14.128
62,1028,11339,M3.7,2011.11.04_15:35_TAI,7.977289e+22,80.928,-0.00112198,12103.7,36.702,5654.478,48.551,-0.00218545,45.472,91.148,-0.02839296,102372900000000.0,5418775000000.0,1.756916e+24,40.371,2756.121582,5.077,122.629
63,1028,11339,M1.1,2011.11.04_23:21_TAI,8.300669e+22,83.26,-0.00158373,12012.23,37.474,5866.541,49.159,-0.00312,46.032,92.814,0.02133017,107280400000000.0,2027710000000.0,1.854526e+24,40.728,2839.324951,5.091,184.101
64,1028,11339,M1.8,2011.11.05_08:38_TAI,7.195872e+22,86.571,-0.00072605,13123.42,40.062,5577.134,52.917,-0.00140984,47.561,97.597,0.0301095,103565800000000.0,12890240000000.0,1.745253e+24,42.276,2860.797852,5.124,72.703
65,1028,11339,M1.2,2011.11.05_13:03_TAI,6.90588e+22,86.249,-0.00145444,13295.32,41.159,5411.628,53.17,-0.00288392,48.106,96.661,0.02240988,99921400000000.0,13634530000000.0,1.712565e+24,42.557,2869.840088,5.127,141.063
66,1028,11339,M1.4,2011.11.05_18:35_TAI,6.977505e+22,90.218,-0.00291241,13588.6,42.036,5580.005,54.94,-0.00562242,48.65,99.787,0.08822022,102909500000000.0,9442253000000.0,1.767884e+24,42.875,2887.595215,5.151,285.308
67,1041,11342,M1.1,2011.11.09_01:35_TAI,3.974401e+22,99.082,0.00104907,5645.184,23.584,2502.532,45.398,0.00316804,39.794,100.274,0.11043846,58811750000000.0,4816313000000.0,5.006082e+23,34.324,1479.557251,4.183,70.05
68,1066,11346,M1.9,2011.11.15_00:43_TAI,2.546065e+22,100.616,-0.00449099,4725.64,14.022,1528.014,43.724,-0.01333528,33.582,103.325,0.10228283,31644740000000.0,8397972000000.0,2.483608e+23,28.067,764.156372,4.316,177.713
69,1209,11387,M1.5,2011.12.25_14:27_TAI,7.009457e+21,128.643,0.02379034,8799.343,38.55,1014.597,82.506,0.056614,52.188,136.002,0.14630321,17285680000000.0,11816160000000.0,1.326234e+23,42.378,313.525391,4.437,269.997
70,1209,11387,M2.3,2011.12.26_08:30_TAI,1.139457e+22,116.429,0.00782273,8722.445,40.296,1578.887,73.87,0.01780517,51.326,124.125,-0.07431028,26052960000000.0,7847519000000.0,2.0896e+23,43.019,426.048615,4.56,141.099
71,1256,11389,M1.9,2011.12.29_01:50_TAI,6.508758e+22,74.318,0.00251321,5486.493,17.2,3089.768,33.602,0.00636257,33.885,80.14,-0.11975224,57212340000000.0,7505483000000.0,6.880311e+23,28.093,1687.723145,4.493,237.305
72,1256,11389,M2.0,2011.12.29_09:51_TAI,6.857879e+22,80.298,0.00381587,5666.498,17.258,3739.118,37.532,0.01000485,34.595,87.502,-0.05947163,70992260000000.0,13647950000000.0,7.701527e+23,29.221,1823.345093,4.498,390.501
73,1256,11389,M1.2,2011.12.29_15:09_TAI,6.770121e+22,83.415,0.00384009,5995.515,17.524,3912.919,39.586,0.00955812,34.976,90.488,-0.14114176,74307210000000.0,13665220000000.0,7.80744e+23,29.655,1960.435669,4.405,376.529
74,1256,11389,M2.4,2011.12.31_01:15_TAI,5.925484e+22,94.459,0.00265995,6453.317,21.99,3670.846,45.643,0.00691064,38.384,98.163,0.07554129,75511490000000.0,11681670000000.0,7.791164e+23,32.729,2176.756836,4.584,241.803
75,1256,11389,M1.5,2011.12.31_04:26_TAI,5.59161e+22,97.437,0.00183485,6850.069,23.469,3744.66,48.12,0.00466688,39.223,101.813,0.03638162,77500540000000.0,7085048000000.0,7.707414e+23,33.499,2205.374756,4.582,155.447
76,1321,11401,M1.0,2012.01.16_16:53_TAI,8.581293e+22,67.656,-0.00473219,8277.087,26.774,4524.48,39.993,-0.01025747,41.186,73.855,0.0286776,83097160000000.0,21322690000000.0,1.324269e+24,34.235,2263.836914,4.691,570.073
77,1321,11401,M1.7,2012.01.18_07:12_TAI,7.733243e+22,90.716,-0.00566229,9118.739,30.769,5068.723,47.455,-0.01216916,42.769,96.015,0.03993082,99442900000000.0,15305070000000.0,1.338104e+24,37.156,2566.586914,4.909,625.615
78,1321,11402,M3.2,2012.01.19_04:05_TAI,7.426626e+22,92.08,-0.00735461,9266.781,33.759,4967.382,48.701,-0.01702338,44.724,97.199,0.1140632,101329700000000.0,19000690000000.0,1.392859e+24,38.795,2834.736816,4.821,832.372
79,1350,11410,M1.0,2012.02.06_08:00_TAI,3.431096e+22,80.905,0.00351438,6304.239,19.998,2057.423,39.535,0.00852726,37.398,88.491,-0.01330117,37695400000000.0,8539543000000.0,4.221736e+23,30.318,833.048279,4.465,177.202
80,1449,11429,M2.0,2012.03.03_22:52_TAI,3.715684e+22,59.384,-0.0199208,16490.87,45.741,2349.281,40.41,-0.02950799,50.606,77.264,-0.04961572,33394960000000.0,31052370000000.0,9.7081e+23,44.911,1170.866821,4.41,883.049
81,1449,11429,M2.1,2012.03.05_07:16_TAI,4.815552e+22,86.236,-0.02816812,15656.94,40.919,4210.199,58.702,-0.04280419,49.471,104.377,0.00716961,66109160000000.0,57786740000000.0,1.230495e+24,43.855,1555.469116,5.009,1666.905
82,1449,11429,M1.8,2012.03.05_07:30_TAI,4.87125e+22,85.638,-0.02755765,15330.91,40.997,4320.589,58.315,-0.04235836,49.322,103.98,-0.03419282,67096190000000.0,56892300000000.0,1.226453e+24,43.784,1570.058594,4.998,1660.017
83,1449,11429,M1.3,2012.03.05_10:34_TAI,4.890292e+22,85.895,-0.02680347,15552.78,40.211,4363.006,59.617,-0.04054694,48.949,102.85,-0.02082465,67380030000000.0,54604500000000.0,1.233442e+24,43.623,1551.799316,5.003,1600.542
84,1449,11429,M1.3,2012.03.05_12:28_TAI,4.770267e+22,84.271,-0.0265606,16026.35,41.305,4224.59,58.89,-0.03984113,49.304,101.535,0.03793158,64337900000000.0,52827950000000.0,1.232454e+24,43.868,1552.376343,4.95,1538.018
85,1449,11429,M1.2,2012.03.05_13:44_TAI,4.793795e+22,84.777,-0.02759572,16396.56,40.984,4298.235,59.197,-0.04087413,49.076,103.491,0.0237418,64392330000000.0,54369570000000.0,1.257614e+24,43.721,1560.28479,5.018,1593.735
86,1449,11429,M1.0,2012.03.05_16:05_TAI,4.966634e+22,85.64,-0.02767089,16395.32,42.421,4580.104,59.745,-0.0428723,49.593,103.584,0.05057903,70773230000000.0,56178560000000.0,1.351472e+24,44.342,1590.116943,4.996,1717.422
87,1449,11429,M1.0,2012.03.05_19:55_TAI,5.084845e+22,88.648,-0.03136307,17726.8,43.857,4834.649,60.714,-0.04563841,50.2,107.985,0.04998997,72706020000000.0,66727270000000.0,1.447714e+24,44.868,1681.319946,5.068,1928.64
88,1449,11429,M2.1,2012.03.06_00:41_TAI,5.329697e+22,89.422,-0.03267248,18275.72,46.562,5097.09,60.302,-0.04914615,51.43,107.345,0.00024238,78174860000000.0,79366590000000.0,1.610961e+24,46.155,1724.518799,5.157,2168.538
89,1449,11429,M1.0,2012.03.06_10:53_TAI,5.286783e+22,86.81,-0.02759962,15905.08,47.548,4856.216,58.515,-0.04759058,52.316,102.729,0.02682013,81060490000000.0,74243100000000.0,1.495632e+24,46.806,1875.58252,5.191,1954.108
90,1461,11432,M2.8,2012.03.14_03:21_TAI,9.859527e+21,136.77,0.00634578,3741.506,23.133,927.928,72.521,0.01787041,43.178,136.153,0.16857219,18374890000000.0,3919890000000.0,7.779785e+22,33.688,660.686829,3.569,99.356
91,1461,11432,M1.8,2012.03.14_19:52_TAI,9.716646e+21,122.795,0.00330118,3346.718,22.896,815.027,63.143,0.01181498,42.53,122.017,0.14402713,18070310000000.0,2240131000000.0,7.708695e+22,33.8,694.006958,3.479,57.256
92,1603,11466,M1.0,2012.04.26_20:24_TAI,1.134867e+22,116.345,-0.00350234,7255.905,36.47,904.86,70.17,-0.00780942,49.197,117.151,0.01513933,18158620000000.0,2395689000000.0,1.651639e+23,38.823,654.789062,3.779,60.027
93,1621,11471,M1.9,2012.05.07_02:31_TAI,2.117832e+22,105.94,0.00666278,6777.072,24.351,1348.352,50.483,0.01602793,40.883,108.706,0.26481798,29157740000000.0,6305897000000.0,2.935792e+23,34.127,911.784912,3.762,217.327
94,1638,11476,M1.4,2012.05.08_01:08_TAI,5.878567e+22,85.881,-0.01057009,11925.9,35.897,4353.292,51.903,-0.0205514,45.694,95.975,-0.04468232,76924840000000.0,30243500000000.0,1.274795e+24,39.238,2010.307373,4.882,850.734
95,1638,11476,M4.7,2012.05.09_00:32_TAI,5.672141e+22,96.522,-0.0194589,15506.74,40.886,5195.595,59.738,-0.03481773,48.556,106.658,-0.04577537,86879850000000.0,58413640000000.0,1.582271e+24,41.729,2236.360352,4.984,1495.047
96,1638,11476,M1.8,2012.05.09_02:08_TAI,5.734266e+22,97.373,-0.019014,15562.48,39.968,5446.053,60.308,-0.03399853,48.248,107.474,0.0289375,89751150000000.0,52263540000000.0,1.608461e+24,41.562,2237.651611,4.975,1479.764
97,1638,11476,M4.1,2012.05.09_09:05_TAI,5.406444e+22,97.688,-0.01704088,16257.15,42.445,5233.018,62.471,-0.03175762,50.214,106.476,-0.0012172,89681110000000.0,52999120000000.0,1.648996e+24,43.435,2227.790771,5.027,1301.48
98,1638,11476,M5.7,2012.05.09_16:18_TAI,5.125587e+22,100.264,-0.02248379,17717.22,44.783,5409.814,65.808,-0.04019161,51.162,108.598,0.04546699,89322950000000.0,65690350000000.0,1.685754e+24,44.361,2267.464355,5.112,1610.806
99,1638,11476,M1.7,2012.05.10_08:26_TAI,4.851735e+22,103.464,-0.03005893,18275.27,46.972,5860.072,70.532,-0.05423877,53.316,111.304,0.15316865,95633440000000.0,87656490000000.0,1.674583e+24,46.01,2292.166504,5.129,2073.916
100,1724,11494,M2.1,2012.06.06_08:06_TAI,1.011327e+22,95.676,-0.01541009,13763.06,51.493,786.36,61.425,-0.03119181,55.604,99.335,-0.08989801,16662900000000.0,14684130000000.0,2.90784e+23,47.341,565.518372,3.879,245.159
101,1806,11513,M2.4,2012.06.28_04:12_TAI,1.578352e+22,100.113,-0.00983017,6768.447,22.617,1053.794,49.876,-0.02091552,38.859,105.374,0.24938487,19821190000000.0,9149329000000.0,1.95857e+23,33.197,387.043304,4.253,214.18
102,1806,11513,M2.2,2012.06.28_21:20_TAI,2.217766e+22,98.907,-0.00968148,5315.605,17.302,1356.382,46.426,-0.02286969,35.366,102.678,0.03934722,25942040000000.0,15685000000000.0,2.192214e+23,29.105,615.556091,4.298,300.639
103,1806,11513,M1.0,2012.06.30_00:52_TAI,2.552975e+22,102.0,-0.00779037,5363.909,20.839,1752.051,48.408,-0.0219813,38.088,104.677,0.09830353,36785640000000.0,15015660000000.0,2.905253e+23,32.293,845.415649,4.304,317.715
104,1806,11513,M1.6,2012.06.30_06:32_TAI,2.089834e+22,108.095,-0.00923549,6549.19,20.007,1525.713,51.772,-0.02268534,37.355,109.82,0.17973121,29875240000000.0,12151700000000.0,2.666167e+23,31.587,889.98114,4.299,283.105
105,1806,11513,M2.8,2012.07.01_07:18_TAI,2.355702e+22,117.168,-0.0085249,7814.666,30.18,2033.222,67.149,-0.01999645,46.132,119.04,0.35661578,41913780000000.0,11064110000000.0,3.777467e+23,37.641,1363.69104,4.564,310.289
106,1806,11513,M1.1,2012.07.01_12:35_TAI,2.580771e+22,110.429,-0.0079136,7353.902,33.137,2356.663,64.917,-0.02137364,48.048,112.69,0.1879168,51152240000000.0,8483240000000.0,4.308017e+23,38.947,1456.49292,4.562,349.069
107,1807,11515,M5.6,2012.07.01_22:52_TAI,3.298261e+22,98.554,-0.00914403,12241.82,48.013,2937.327,65.834,-0.01962657,54.201,107.037,-0.07747116,60276400000000.0,18979660000000.0,8.50082e+23,46.387,1552.982056,4.894,478.114
108,1807,11515,M3.8,2012.07.02_08:07_TAI,3.284544e+22,102.055,-0.01077805,12592.07,50.319,3082.88,70.012,-0.02286215,55.328,109.493,-0.11383969,63585660000000.0,26902360000000.0,8.583331e+23,47.299,1674.901489,4.802,553.183
109,1807,11515,M2.0,2012.07.02_11:56_TAI,3.348244e+22,97.03,-0.00990202,11363.65,51.02,3058.894,67.071,-0.02431172,56.297,103.819,-0.08041385,68390070000000.0,26434350000000.0,8.708815e+23,48.304,1716.662964,4.858,571.406
110,1807,11515,M2.3,2012.07.03_16:37_TAI,3.890291e+22,103.802,-0.0089691,13192.73,50.583,4272.81,72.015,-0.01953502,56.912,110.559,-0.08370759,83121530000000.0,30734960000000.0,1.102603e+24,48.157,1878.231567,5.116,564.425
111,1807,11515,M5.3,2012.07.03_21:55_TAI,4.108252e+22,101.356,-0.00737931,12146.0,51.104,4306.735,69.057,-0.01680748,56.672,107.122,-0.10185965,85636970000000.0,22203700000000.0,1.107015e+24,48.363,1883.018311,4.994,506.42
112,1807,11515,M2.3,2012.07.04_00:24_TAI,4.144466e+22,106.967,-0.00826046,12505.02,50.199,4525.17,72.796,-0.01728173,56.183,114.026,-0.12472215,87794200000000.0,17946450000000.0,1.086793e+24,47.562,1881.599854,5.02,540.556
113,1807,11515,M1.3,2012.07.04_02:40_TAI,4.167307e+22,106.278,-0.00787013,12723.08,49.708,4606.371,72.861,-0.0163909,56.097,113.653,-0.11132183,88238210000000.0,19256900000000.0,1.10637e+24,47.318,1879.303955,5.037,515.312
114,1806,11513,M1.8,2012.07.04_04:39_TAI,2.215166e+22,107.62,-0.01036758,9946.506,36.995,1624.087,61.265,-0.02375357,49.116,108.971,0.3075214,35040190000000.0,15572020000000.0,4.677846e+23,39.874,1564.449219,4.047,367.137
115,1807,11515,M4.6,2012.07.04_10:09_TAI,4.184709e+22,107.321,-0.00775326,13173.99,49.034,4747.457,72.601,-0.01600587,55.037,116.849,-0.10203066,89499190000000.0,13920030000000.0,1.13447e+24,47.043,1963.915894,5.156,502.745
116,1807,11515,M1.2,2012.07.04_11:55_TAI,4.259127e+22,104.449,-0.00945421,12788.24,48.76,4796.851,71.448,-0.02066484,55.134,113.018,-0.14381938,92048820000000.0,21903020000000.0,1.159928e+24,47.288,1971.27832,5.151,645.675
117,1807,11515,M2.4,2012.07.04_13:10_TAI,4.343955e+22,105.926,-0.00917977,12897.88,47.804,4928.137,72.508,-0.01997023,54.513,115.53,-0.12866941,92784510000000.0,21660410000000.0,1.179106e+24,46.66,2009.301025,5.181,631.899
118,1807,11515,M2.2,2012.07.04_14:42_TAI,4.380816e+22,106.341,-0.00863505,13309.27,47.978,5089.545,73.497,-0.01835329,54.383,116.937,-0.09337652,93652170000000.0,21747140000000.0,1.210511e+24,46.477,2048.683105,5.193,591.337
119,1807,11515,M4.7,2012.07.04_15:36_TAI,4.455367e+22,107.552,-0.01078836,13360.67,47.702,5178.473,73.662,-0.02209803,54.02,119.279,-0.11826533,93469070000000.0,23885890000000.0,1.205835e+24,46.196,2057.694824,5.204,733.134
120,1807,11515,M1.8,2012.07.04_22:48_TAI,4.857642e+22,109.148,-0.00684937,14242.88,45.39,5898.691,73.103,-0.01295253,52.441,123.297,-0.14237846,99109730000000.0,24348360000000.0,1.327202e+24,44.832,2072.147705,5.197,480.586
121,1807,11515,M6.1,2012.07.04_23:44_TAI,4.861456e+22,110.999,-0.00551066,14385.15,45.547,6007.64,74.051,-0.01012217,52.369,125.898,-0.13528194,100883800000000.0,16348030000000.0,1.318337e+24,44.944,2065.029541,5.208,380.274
122,1807,11515,M1.2,2012.07.05_01:18_TAI,4.90972e+22,110.732,-0.00860055,14227.94,45.25,6014.858,73.273,-0.01581728,51.999,125.708,-0.15720709,101489200000000.0,19121270000000.0,1.317836e+24,44.639,2056.655762,5.175,599.828
123,1807,11515,M1.6,2012.07.05_08:14_TAI,5.192536e+22,109.61,-0.01081868,13455.03,41.256,5809.293,69.65,-0.02043482,50.135,123.462,-0.09332125,98876250000000.0,23357830000000.0,1.324656e+24,42.87,2159.442871,5.205,801.967
124,1807,11515,M1.6,2012.07.05_09:45_TAI,5.068073e+22,111.555,-0.01343584,13964.47,41.217,5792.164,71.882,-0.02411419,49.975,125.132,-0.11716355,96805580000000.0,23201440000000.0,1.294675e+24,42.74,2155.580811,5.195,937.929
125,1807,11515,M2.9,2012.07.05_13:40_TAI,5.255163e+22,110.324,-0.01463567,13422.19,38.981,6006.415,70.241,-0.02722453,48.807,123.354,-0.12662914,99343390000000.0,35151470000000.0,1.307056e+24,41.578,2223.464355,5.193,1073.16
126,1807,11515,M1.0,2012.07.05_14:51_TAI,5.350885e+22,110.087,-0.01377565,13611.33,38.219,6118.878,69.973,-0.02533027,48.494,123.383,-0.14233518,100922500000000.0,35345910000000.0,1.337423e+24,41.171,2231.97998,5.204,1019.164
127,1807,11515,M1.5,2012.07.05_20:23_TAI,5.93113e+22,108.142,-0.01588301,13256.24,35.181,6750.665,67.199,-0.02931051,46.435,122.053,-0.0176078,108870800000000.0,39328460000000.0,1.437139e+24,39.795,2215.652344,5.24,1296.53
128,1807,11515,M1.8,2012.07.05_22:29_TAI,5.86786e+22,109.426,-0.02012111,14359.35,35.482,6778.303,68.983,-0.03364165,46.417,123.24,-0.19695182,104516400000000.0,49787800000000.0,1.456556e+24,39.653,2205.603271,5.18,1536.83
129,1807,11515,M1.3,2012.07.06_06:55_TAI,6.524454e+22,100.149,-0.01696691,13409.96,34.223,6748.178,61.674,-0.03094746,45.82,114.388,0.00386908,109596700000000.0,55370310000000.0,1.585146e+24,39.283,2362.930664,5.246,1510.191
130,1807,11515,M1.2,2012.07.06_15:15_TAI,6.683233e+22,98.228,-0.0212134,13506.87,34.0,6651.842,60.912,-0.0356337,45.343,113.113,-0.19656193,103575000000000.0,62468970000000.0,1.540043e+24,38.722,2517.042725,5.174,1821.234
131,1834,11520,M1.0,2012.07.06_20:28_TAI,9.202321e+22,70.155,0.00612435,9072.933,27.771,4921.782,36.666,0.01244452,40.476,85.116,0.1291476,81420810000000.0,38916300000000.0,1.48342e+24,34.834,3171.179199,4.586,753.956
132,1807,11515,M2.6,2012.07.06_23:03_TAI,7.336883e+22,97.645,-0.01623591,13118.77,30.675,7015.689,59.69,-0.0260667,43.163,113.086,-0.1583522,106954400000000.0,46748340000000.0,1.570761e+24,37.13,2541.760254,5.046,1463.764
133,1807,11515,M1.3,2012.07.07_17:46_TAI,8.11923e+22,81.367,-0.01262006,11338.49,27.593,6334.906,48.228,-0.0222762,40.848,96.42,-0.08369665,94985060000000.0,43991940000000.0,1.541068e+24,35.022,2569.530762,4.947,1291.474
134,1807,11515,M1.1,2012.07.07_21:53_TAI,8.040493e+22,81.462,-0.01188318,11599.94,26.983,6241.948,48.046,-0.01987954,40.27,97.604,-0.06399122,90029510000000.0,33242600000000.0,1.509451e+24,34.706,2583.272949,4.865,1164.302
135,1807,11515,M1.4,2012.07.08_00:10_TAI,8.31066e+22,77.893,-0.00980589,10710.56,27.212,6292.372,45.916,-0.01839291,40.819,94.484,-0.08411255,96538500000000.0,31318360000000.0,1.557525e+24,34.955,2556.08252,4.766,1073.716
136,1807,11515,M6.9,2012.07.08_04:32_TAI,7.974975e+22,78.73,-0.004212,11301.64,27.914,5960.305,45.24,-0.00767472,40.536,96.866,-0.09897059,88968150000000.0,13199380000000.0,1.535173e+24,34.844,2567.580566,4.765,430.816
137,1834,11520,M1.1,2012.07.09_11:07_TAI,1.09606e+23,94.561,0.01194655,11688.89,38.329,8820.455,55.329,0.02522465,48.162,102.894,0.12003312,171170100000000.0,87777850000000.0,2.544387e+24,41.842,4587.434082,5.247,1958.052
138,1834,11520,M1.7,2012.07.09_17:14_TAI,1.086874e+23,94.516,0.01190948,11683.23,39.555,8721.604,55.551,0.02601282,48.822,102.271,0.20959145,171474400000000.0,95138870000000.0,2.57875e+24,42.421,4729.290527,5.258,1979.297
139,1834,11520,M2.0,2012.07.09_18:27_TAI,1.060996e+23,95.538,0.01230073,12137.08,40.319,8660.93,56.427,0.02583379,49.098,103.396,0.23927353,165091300000000.0,93993920000000.0,2.554554e+24,42.668,4754.266113,5.279,1949.42
140,1834,11521,M1.0,2012.07.13_16:58_TAI,9.262632e+22,96.688,0.00805793,12649.19,42.143,6928.125,55.934,0.01641202,49.922,101.931,0.09620649,139660400000000.0,58630600000000.0,2.355495e+24,43.25,4368.350586,5.148,1129.859
141,1879,11532,M2.7,2012.07.27_05:26_TAI,8.12035e+22,81.254,-0.00091677,5847.363,17.559,4078.25,38.678,-0.0020828,34.733,86.152,-0.04324419,73548610000000.0,5685131000000.0,8.604549e+23,28.718,2338.526855,4.365,101.578
142,1879,11532,M2.3,2012.07.28_18:22_TAI,7.826201e+22,93.795,-0.00238074,6268.291,20.882,4498.689,45.619,-0.00610412,37.981,96.658,0.05231367,91325880000000.0,8517504000000.0,9.763473e+23,31.42,3023.708984,4.684,279.215
143,1879,11536,M1.1,2012.07.30_03:48_TAI,7.230032e+22,102.328,-0.00296078,8072.104,26.694,4901.275,52.151,-0.00727128,41.344,105.007,0.03900877,99767220000000.0,16298260000000.0,1.173713e+24,35.055,3440.303711,4.729,324.155
144,1907,11540,M1.0,2012.08.11_00:20_TAI,4.335354e+22,103.448,-0.0018836,3329.091,11.461,2494.048,42.472,-0.00569133,31.94,104.725,-0.0901578,51241220000000.0,3280811000000.0,2.978107e+23,25.682,1494.029419,4.163,126.874
145,1993,11560,M1.6,2012.09.05_16:13_TAI,2.028834e+22,98.179,-0.01097032,4784.29,19.821,1276.943,47.779,-0.02747087,37.39,102.831,-0.25748268,24929120000000.0,14524250000000.0,1.879058e+23,30.746,589.74408,4.214,324.425
146,2040,11583,M1.3,2012.09.29_16:33_TAI,4.137513e+22,90.994,-0.00367102,4829.742,15.763,2336.943,41.157,-0.0090731,34.009,95.345,-0.30968788,42818630000000.0,9615191000000.0,3.776501e+23,28.594,1190.541626,4.407,216.131
147,2191,11613,M2.0,2012.11.12_11:28_TAI,1.427301e+22,94.101,0.01362745,7286.97,21.856,992.139,44.794,0.0291061,36.378,101.334,0.31696144,16728660000000.0,8529627000000.0,1.879161e+23,29.42,404.548553,4.087,264.604
148,2191,11613,M6.0,2012.11.12_14:04_TAI,1.554052e+22,95.242,0.01476977,6783.273,19.61,1085.809,44.009,0.03200909,35.213,99.737,0.23271367,18051090000000.0,11192070000000.0,1.901421e+23,28.38,439.039307,4.256,311.731
149,2191,11613,M2.5,2012.11.12_17:50_TAI,1.823575e+22,94.759,0.01986759,6285.909,19.838,1406.597,44.949,0.04894546,36.326,101.792,0.19025338,23823270000000.0,20077040000000.0,2.261797e+23,29.004,488.517944,4.317,538.273
150,2191,11613,M2.8,2012.11.13_08:54_TAI,2.00618e+22,100.519,0.02605504,6526.503,20.392,1575.039,46.48,0.06460392,36.032,105.917,0.03318009,27779620000000.0,29049260000000.0,2.543907e+23,29.884,618.868835,4.362,764.715
151,2191,11613,M1.1,2012.11.13_16:04_TAI,2.275709e+22,98.6,0.01870987,5523.738,19.963,1654.349,44.701,0.05316687,36.52,101.773,0.19457294,31931650000000.0,29162310000000.0,2.638822e+23,30.42,668.059509,4.21,673.031
152,2220,11618,M1.6,2012.11.20_07:28_TAI,1.616012e+22,118.089,-0.01305122,6932.86,34.907,2054.578,76.976,-0.03778832,50.673,120.587,0.14313437,38841410000000.0,11042630000000.0,2.596967e+23,39.975,891.664062,4.62,368.123
153,2220,11618,M1.4,2012.11.20_18:56_TAI,1.59709e+22,124.55,-0.01776893,9127.534,37.856,2190.069,82.874,-0.03883509,52.19,131.611,0.14421524,37392600000000.0,15274170000000.0,2.933104e+23,41.357,940.439392,4.664,429.955
154,2227,11620,M1.0,2012.11.27_09:26_TAI,2.522502e+22,110.086,0.0009429,10144.22,40.253,2263.348,68.915,0.0019202,50.222,118.47,-0.14785932,43138910000000.0,5459166000000.0,4.943947e+23,42.185,1052.057373,4.81,34.601
155,2227,11620,M2.2,2012.11.28_09:36_TAI,3.055346e+22,99.677,0.00364106,8945.237,33.288,2339.642,58.076,0.0072603,45.507,107.827,-0.08424195,41838080000000.0,9282557000000.0,4.995162e+23,38.39,1109.454956,4.791,153.099
156,2372,11654,M1.2,2013.01.10_21:11_TAI,5.627853e+22,88.202,-0.0019341,13164.17,41.955,4431.288,54.699,-0.00344695,48.564,100.113,-0.08569328,81611840000000.0,20100180000000.0,1.340303e+24,42.451,1883.841553,5.177,148.274
157,2372,11654,M1.0,2013.01.11_03:07_TAI,5.955999e+22,87.505,-0.00336931,13024.67,42.679,4703.373,54.844,-0.00635187,49.489,98.943,-0.03228408,90435440000000.0,27087310000000.0,1.473525e+24,43.516,1970.944336,5.213,287.018
158,2362,11652,M1.0,2013.01.12_12:50_TAI,2.096497e+22,118.886,-0.01107501,4978.348,22.27,1823.232,62.202,-0.03535512,41.034,119.039,0.27538189,38806590000000.0,12408440000000.0,2.308261e+23,32.723,1545.452881,4.334,386.662
159,2362,11652,M1.7,2013.01.12_20:38_TAI,2.27031e+22,117.901,-0.00897301,4515.545,21.778,1888.449,56.637,-0.03015542,39.421,119.524,0.29527491,40788100000000.0,8152412000000.0,2.324016e+23,32.502,1469.558228,4.256,347.731
160,2491,11675,M1.9,2013.02.17_03:50_TAI,4.772543e+21,138.965,0.01327533,7747.396,28.611,626.951,90.745,0.02649042,48.472,148.213,-0.23943606,10561260000000.0,3200159000000.0,6.972777e+22,37.179,187.250214,4.161,89.967
161,2519,11686,M1.2,2013.03.04_19:54_TAI,7.618261e+21,110.237,0.0024092,5813.055,26.921,628.174,63.021,0.00542632,44.732,115.505,0.55379355,12287840000000.0,5008355000000.0,8.668783e+22,36.094,277.2341,3.587,27.053
162,2636,11718,M3.3,2013.04.12_08:38_TAI,2.6315e+22,93.206,-0.00162118,9527.079,36.581,1931.992,55.213,-0.00347485,45.827,102.1,0.09521049,36756850000000.0,1870098000000.0,4.698715e+23,40.406,1001.655701,4.658,60.204
163,2673,11726,M1.0,2013.04.21_22:29_TAI,2.796169e+22,108.18,0.02394736,15043.48,50.893,3392.63,77.519,0.04268418,56.643,117.502,0.1049366,58810920000000.0,26593980000000.0,8.29583e+23,47.805,1070.855713,4.881,994.366
164,2693,11731,M1.1,2013.05.01_17:10_TAI,2.37509e+22,117.058,0.00940132,7113.366,35.006,2731.555,71.372,0.026651,49.49,123.769,0.23879129,54800670000000.0,19069360000000.0,3.805575e+23,39.605,1851.857178,4.758,378.723
165,2693,11731,M1.3,2013.05.03_04:55_TAI,2.816692e+22,120.755,0.00340675,4388.131,20.11,2219.535,60.112,0.01050891,39.121,122.879,-0.01343616,47136940000000.0,8872294000000.0,2.633333e+23,32.141,1563.505737,4.438,153.941
166,2748,11748,M1.3,2013.05.16_09:53_TAI,2.523853e+22,95.234,-0.01338126,6001.645,24.028,1881.49,50.427,-0.0346004,39.778,99.377,-0.18016927,37059300000000.0,23736160000000.0,3.047104e+23,33.282,808.952942,4.488,511.525
167,2748,11748,M3.2,2013.05.16_20:57_TAI,2.240039e+22,104.993,-0.01779235,6138.305,22.367,1738.798,54.05,-0.04490716,38.722,109.407,-0.01991956,33139380000000.0,27549370000000.0,2.694135e+23,32.675,812.596741,4.473,587.984
168,2809,11760,M1.0,2013.05.31_08:00_TAI,6.766173e+21,103.129,-0.0071959,2222.496,4.913,413.34,39.544,-0.02845861,28.265,106.082,-0.29603493,8918097000000.0,4923648000000.0,3.346199e+22,24.105,187.304504,3.593,81.58
169,2790,11762,M1.3,2013.06.04_20:57_TAI,3.227974e+22,101.04,0.01449736,7904.258,24.811,2495.077,50.288,0.0313664,39.387,108.563,-0.17085305,44514200000000.0,27562320000000.0,4.773604e+23,33.482,1043.071411,4.538,659.224
170,3048,11817,M1.5,2013.08.11_22:41_TAI,1.664233e+22,111.072,-0.01766239,7014.445,29.842,1621.771,64.134,-0.04223258,45.23,117.534,0.23904666,29385340000000.0,18257320000000.0,2.375824e+23,37.223,672.203308,4.412,450.409
171,3056,11818,M3.3,2013.08.17_06:24_TAI,1.496145e+22,94.849,0.03643962,14731.79,48.951,1622.295,60.332,0.06939032,54.02,102.101,0.14373729,26808510000000.0,25405340000000.0,4.448374e+23,46.524,772.613647,4.559,828.528
172,3056,11818,M1.4,2013.08.17_07:33_TAI,1.47524e+22,95.281,0.03925568,15280.99,48.558,1625.18,60.117,0.06998851,53.434,104.536,0.14882182,26338870000000.0,28276300000000.0,4.343082e+23,45.832,779.022949,4.527,840.111
173,3263,11865,M1.7,2013.10.12_12:43_TAI,1.758452e+22,112.592,0.02112283,8904.34,30.086,1680.407,63.231,0.05051862,44.743,118.537,0.09650126,31454750000000.0,25429090000000.0,3.127097e+23,37.158,908.609497,4.544,558.509
174,3263,11865,M1.8,2013.10.14_20:38_TAI,1.596092e+22,123.758,0.02140293,6615.357,24.253,1618.09,64.034,0.05837423,42.303,126.103,0.25869918,27976940000000.0,16775830000000.0,2.259715e+23,33.382,897.378052,4.274,550.483
175,3263,11865,M1.3,2013.10.15_11:36_TAI,1.598336e+22,123.134,0.01874132,6622.195,26.3,1640.348,63.309,0.05133661,42.709,127.474,0.24388491,30541460000000.0,16931390000000.0,2.259852e+23,34.491,919.775757,4.382,481.577
176,3291,11875,M1.0,2013.10.21_12:22_TAI,2.308751e+22,110.926,-0.01204182,7554.126,33.141,2356.336,66.364,-0.0336576,47.617,114.954,0.08057196,47481200000000.0,17253400000000.0,3.817258e+23,39.361,1419.850098,4.611,458.179
177,3291,11875,M1.0,2013.10.22_03:20_TAI,2.642946e+22,108.135,-0.00807088,8795.969,40.955,2934.62,68.79,-0.02248776,52.279,114.248,0.36234778,60276430000000.0,8993617000000.0,5.407337e+23,42.969,1591.139526,4.848,373.585
178,3291,11875,M2.7,2013.10.23_08:53_TAI,3.41078e+22,102.49,-0.00481928,14728.33,51.638,4015.882,71.969,-0.01023357,57.804,111.598,0.29125357,72207150000000.0,22829870000000.0,1.086257e+24,48.573,1989.956787,4.89,267.634
179,3291,11875,M1.4,2013.10.23_11:43_TAI,3.400427e+22,106.081,-0.00392048,16152.32,51.163,4176.291,74.261,-0.00764474,56.929,115.225,0.33174741,75383050000000.0,17809530000000.0,1.120921e+24,47.856,2054.68042,4.944,204.857
180,3291,11875,M3.1,2013.10.23_12:08_TAI,3.395433e+22,106.031,-0.00371267,16068.24,51.498,4144.563,73.946,-0.00727406,57.253,114.784,0.48145643,75020390000000.0,16812480000000.0,1.122363e+24,48.18,2049.421875,4.965,195.268
181,3291,11875,M2.5,2013.10.23_22:09_TAI,3.399639e+22,101.633,-0.00613011,14354.91,53.199,3630.395,71.342,-0.01297179,58.625,106.842,0.22430921,70552660000000.0,18025890000000.0,1.06455e+24,48.94,2017.417969,4.95,342.299
182,3291,11875,M3.5,2013.10.23_22:33_TAI,3.398772e+22,101.78,-0.00742084,14526.24,53.329,3631.224,71.236,-0.01554268,58.653,107.115,0.26594669,69989420000000.0,18788440000000.0,1.069713e+24,49.158,2016.002319,4.954,411.471
183,3311,11882,M1.5,2013.10.25_21:37_TAI,1.945027e+22,89.21,-0.01191306,13854.61,35.603,2440.974,56.782,-0.02143528,44.819,111.325,-0.15698239,34755970000000.0,4952550000000.0,4.759223e+23,39.099,528.944153,4.512,308.143
184,3311,11882,M1.8,2013.10.25_23:17_TAI,2.041199e+22,87.868,-0.01564616,13680.11,35.068,2379.407,54.697,-0.02777734,45.331,108.702,-0.1166665,31959130000000.0,15935070000000.0,4.962169e+23,38.826,544.345825,4.538,427.344
185,3311,11882,M1.0,2013.10.26_07:53_TAI,1.870607e+22,87.891,-0.02358954,10886.49,35.844,1828.524,54.844,-0.04427021,47.022,103.237,-0.11420985,28909650000000.0,21150800000000.0,3.73906e+23,40.11,552.36969,4.632,610.073
186,3291,11875,M3.5,2013.10.27_00:48_TAI,5.208042e+22,91.927,-0.01054591,10337.02,31.436,3645.558,50.476,-0.02169213,43.077,99.923,0.14236808,71238890000000.0,35859840000000.0,1.02503e+24,37.431,1924.517822,4.572,787.41
187,3295,11877,M1.4,2013.10.27_23:53_TAI,3.619596e+22,99.287,0.00966162,8247.544,29.204,2311.539,49.308,0.02238975,42.536,102.106,0.09600623,48513450000000.0,22220040000000.0,6.009529e+23,37.015,1574.191772,4.431,530.094
188,3291,11875,M2.8,2013.10.28_02:05_TAI,6.49275e+22,73.816,-0.00856635,10513.39,28.003,3637.781,39.96,-0.01812395,40.91,83.149,0.05775903,69596900000000.0,41688100000000.0,1.288059e+24,35.832,1942.544678,4.268,790.237
189,3311,11882,M2.7,2013.10.28_03:01_TAI,2.086651e+22,90.464,-0.01667421,14151.31,53.909,2316.558,64.099,-0.03253202,55.476,102.418,0.0041346,41278520000000.0,16320110000000.0,5.907007e+23,48.889,783.104919,4.722,524.087
190,3311,11882,M4.4,2013.10.28_03:15_TAI,2.066821e+22,90.164,-0.01628366,14198.46,53.84,2280.064,64.048,-0.03144309,55.658,102.829,-0.04216063,40338150000000.0,16129800000000.0,5.838254e+23,48.909,777.813416,4.688,504.159
191,3291,11875,M1.5,2013.10.28_08:57_TAI,6.354886e+22,71.496,-0.01244999,11389.1,29.414,3432.888,38.055,-0.02446153,41.613,82.058,0.01597014,59764540000000.0,53308610000000.0,1.297956e+24,35.609,2001.695312,4.52,1068.346
192,3321,11884,M6.3,2013.11.01_07:53_TAI,3.060243e+22,96.306,0.00548948,9904.365,45.435,2709.197,58.889,0.01437141,52.886,98.197,0.14415479,55255640000000.0,13531490000000.0,6.929756e+23,44.548,1734.726074,4.56,289.202
193,3321,11884,M1.6,2013.11.02_10:21_TAI,2.546657e+22,104.319,0.00887811,9454.356,41.788,2187.338,62.131,0.02266322,51.388,106.175,0.30639312,46843250000000.0,16874110000000.0,5.441433e+23,42.703,1591.503906,4.463,384.75
194,3321,11884,M5.0,2013.11.02_17:22_TAI,2.448997e+22,107.357,0.00906671,9905.681,40.504,2048.167,63.119,0.02064607,50.668,109.137,0.06327888,41207750000000.0,15668780000000.0,5.056984e+23,41.657,1546.179932,4.27,348.515
195,3341,11890,M2.5,2013.11.04_20:18_TAI,6.812365e+22,84.747,0.01179918,11418.89,32.891,5109.451,49.464,0.02227459,43.56,95.06,-0.12326556,87296830000000.0,35769400000000.0,1.376463e+24,38.147,2310.526855,5.036,1070.964
196,3341,11890,X3.3,2013.11.05_10:12_TAI,6.261956e+22,90.432,0.01450903,11625.76,35.002,5338.963,53.716,0.02924642,45.059,98.704,-0.23258528,92522230000000.0,44987790000000.0,1.343332e+24,39.587,2495.5,4.993,1262.344
197,3341,11890,M3.8,2013.11.06_01:46_TAI,6.03102e+22,97.532,0.01074447,12339.08,37.403,5407.469,57.876,0.02117697,46.685,106.675,-0.02386012,94461160000000.0,16090250000000.0,1.38518e+24,40.691,2472.610107,5.044,908.208
198,3341,11890,M2.3,2013.11.06_15:40_TAI,5.282262e+22,96.672,0.00950071,11384.66,42.139,4754.785,58.771,0.02179018,49.878,102.559,-0.00452604,92830230000000.0,19030900000000.0,1.244125e+24,43.376,2411.215332,4.949,781.766
199,3341,11890,M2.4,2013.11.07_02:25_TAI,5.012922e+22,99.126,0.00615576,11827.7,44.918,4469.927,61.873,0.01358695,51.396,104.977,0.04735232,86386300000000.0,7960198000000.0,1.214755e+24,44.414,2397.383545,4.911,476.049
200,3344,11891,M2.3,2013.11.07_21:28_TAI,7.354149e+21,115.705,0.0310364,9464.844,40.31,891.162,78.317,0.06708985,50.569,124.198,0.16743992,14816830000000.0,12226380000000.0,1.377014e+23,41.12,334.457428,4.135,340.004
201,3366,11897,M1.4,2013.11.13_03:20_TAI,6.800626e+22,94.599,0.01063088,7325.079,25.159,4205.372,49.526,0.0234771,40.134,101.809,-0.06945262,80763980000000.0,44585580000000.0,9.037824e+23,34.504,2325.502686,4.813,987.63
202,3376,11899,M1.0,2013.11.14_14:29_TAI,4.75888e+22,73.802,-0.00344325,13879.09,31.247,2985.752,39.665,-0.00677817,42.86,78.377,-0.0338047,53640370000000.0,11225830000000.0,1.244402e+24,37.97,1295.758057,4.474,232.457
203,3364,11900,M1.2,2013.11.15_16:53_TAI,2.124208e+22,118.605,0.00264617,10822.97,40.214,2168.694,70.949,0.00530699,50.649,123.787,0.06776046,38589360000000.0,4175143000000.0,4.494558e+23,41.466,1078.886597,4.532,82.746
204,3364,11900,M1.6,2013.11.15_19:49_TAI,2.289123e+22,114.676,0.00302054,10145.34,38.567,2237.18,69.06,0.00669932,49.882,118.584,0.05143031,40399950000000.0,3625972000000.0,4.777014e+23,40.87,1069.658936,4.625,107.093
205,3364,11900,M1.0,2013.11.16_17:10_TAI,3.460742e+22,115.912,0.00415025,9947.533,34.512,3381.679,66.078,0.00832795,46.69,124.349,-0.00739162,59883680000000.0,9475982000000.0,6.463367e+23,39.043,1416.452637,4.939,203.038
206,3376,11904,M1.0,2013.11.23_00:57_TAI,5.843134e+22,84.807,-0.00510219,12931.96,25.544,3500.467,41.994,-0.00925706,39.638,89.779,-0.13581882,65183600000000.0,10277950000000.0,1.372701e+24,34.909,1843.572021,4.281,407.803
207,3437,11909,M1.2,2013.12.06_19:29_TAI,1.584608e+22,104.907,-0.0012075,4628.795,15.565,870.396,44.584,-0.00342744,34.817,104.826,-0.04040652,17903470000000.0,3493421000000.0,1.52175e+23,28.926,598.593811,3.72,29.891
208,3497,11928,M1.9,2013.12.21_20:11_TAI,4.37449e+22,99.43,-0.00201186,8503.596,27.835,3251.237,53.596,-0.00415497,42.082,105.857,-0.04229635,58500480000000.0,5066908000000.0,6.933653e+23,34.802,1490.151855,4.835,123.52
209,3497,11928,M1.1,2013.12.21_20:37_TAI,4.36838e+22,100.732,-0.00212868,8578.585,28.419,3329.916,54.415,-0.00431839,42.176,107.454,-0.05431243,59279370000000.0,3313910000000.0,6.910037e+23,34.897,1486.400513,4.844,129.111
210,3520,11934,M1.6,2013.12.22_02:38_TAI,4.68627e+22,92.646,-0.00107516,7391.963,21.127,2799.127,44.387,-0.00247898,37.254,96.987,0.08908893,55764090000000.0,3540663000000.0,6.60036e+23,32.221,1525.538452,4.242,72.286
211,3497,11928,M3.3,2013.12.22_03:12_TAI,4.41223e+22,101.098,-0.00419637,8612.616,25.582,3402.249,54.503,-0.00808731,40.604,108.117,-0.18167126,57569300000000.0,9796006000000.0,6.695879e+23,33.654,1422.005371,4.797,245.66
212,3497,11928,M1.6,2013.12.22_10:08_TAI,4.435822e+22,95.397,-0.00784186,9282.595,24.466,3507.474,51.807,-0.01501096,39.421,104.274,-0.24337816,55909330000000.0,10883790000000.0,7.106176e+23,32.901,1418.634155,4.851,452.029
213,3497,11928,M1.3,2013.12.22_12:03_TAI,4.290829e+22,96.836,-0.00552346,9539.0,24.516,3371.298,52.496,-0.01055309,39.427,106.291,-0.27375427,54641430000000.0,7734192000000.0,7.031111e+23,32.931,1407.642944,4.87,306.563
214,3497,11928,M1.6,2013.12.22_21:06_TAI,4.490829e+22,94.551,-0.00789428,10173.93,25.356,3816.438,53.316,-0.01423807,39.73,107.14,-0.06974606,56057410000000.0,8437123000000.0,7.671651e+23,33.322,1412.060791,4.798,448.221
215,3535,11936,M3.1,2013.12.28_19:56_TAI,1.407989e+22,129.448,-0.00615359,4837.675,26.479,1518.667,71.954,-0.01737583,45.935,132.888,0.46024522,29917990000000.0,6780636000000.0,1.477411e+23,35.337,1064.960815,4.261,141.502
216,3535,11936,M6.4,2013.12.31_09:58_TAI,3.000006e+22,120.218,-0.00233276,8780.479,37.644,2920.456,73.232,-0.00503055,49.395,125.353,-0.00380227,55750560000000.0,1590528000000.0,5.213106e+23,40.89,1648.857422,4.584,104.288
217,3535,11936,M9.9,2014.01.01_06:52_TAI,3.827999e+22,107.022,-0.00274411,6572.21,31.876,2926.644,58.159,-0.00697897,45.123,110.768,0.07806408,60192220000000.0,2416398000000.0,5.309528e+23,37.785,1637.85083,4.562,166.924
218,3563,11944,M1.1,2014.01.03_09:14_TAI,1.192346e+23,76.457,0.0073043,9804.881,29.598,7361.323,43.083,0.0149701,42.273,85.355,0.04133052,140241500000000.0,45651920000000.0,2.18973e+24,37.303,3572.044434,5.016,1228.313
219,3563,11944,M1.3,2014.01.03_22:25_TAI,1.14528e+23,87.525,0.00831095,11905.77,32.093,8017.519,49.578,0.01453316,43.366,95.543,0.0672586,145313200000000.0,43178120000000.0,2.356481e+24,38.641,3802.700439,5.118,1238.598
220,3563,11944,M1.3,2014.01.03_22:25_TAI,1.14528e+23,87.525,0.00831095,11905.77,32.093,8017.519,49.578,0.01453316,43.366,95.543,0.0672586,145313200000000.0,43178120000000.0,2.356481e+24,38.641,3802.700439,5.118,1238.598
221,3580,11946,M1.0,2014.01.06_15:53_TAI,1.037538e+22,104.164,0.00969729,11435.48,52.209,971.81,72.718,0.0222129,58.471,105.514,0.20623684,20897230000000.0,4671567000000.0,2.656632e+23,48.824,476.477997,4.284,169.635
222,3563,11944,M7.2,2014.01.06_22:13_TAI,8.911316e+22,90.145,0.01461151,16180.53,51.374,7255.42,56.758,0.02734402,55.546,96.444,0.22041327,143549800000000.0,69488650000000.0,2.969316e+24,48.603,4484.016113,5.021,2018.989
223,3563,11944,M1.3,2014.01.13_09:51_TAI,8.356698e+22,66.35,0.00668792,10045.12,29.126,3867.636,34.181,0.01439864,41.669,71.866,-0.15621939,68547690000000.0,30915300000000.0,1.565878e+24,33.275,2438.747314,4.631,784.995
224,3688,11968,M1.1,2014.01.31_03:42_TAI,3.260094e+22,101.29,-0.00077847,4284.327,16.877,1949.717,45.226,-0.0023395,35.474,102.907,0.04398523,41968160000000.0,2920710000000.0,2.929949e+23,29.768,1203.12561,4.399,40.087
225,3686,11967,M1.0,2014.01.31_13:25_TAI,7.427876e+22,98.389,-0.00976905,14924.37,36.259,7829.325,59.084,-0.01854073,46.357,105.511,0.13969193,130795300000000.0,25710070000000.0,2.066337e+24,40.211,3033.196777,5.17,1018.443
226,3686,11967,M3.0,2014.01.31_19:23_TAI,7.761338e+22,103.006,-0.00985917,14802.39,37.541,8750.118,61.261,-0.01829618,47.184,107.919,0.13978811,139804800000000.0,35153650000000.0,2.185799e+24,40.79,3150.476562,5.235,1096.211
227,3688,11968,M2.6,2014.02.01_18:34_TAI,2.269277e+22,115.638,-0.00789854,6225.968,31.414,2093.512,64.122,-0.02352642,46.084,116.961,0.13248533,44946440000000.0,11110480000000.0,3.188693e+23,37.457,1506.862915,4.471,304.591
228,3686,11967,M2.2,2014.02.01_20:20_TAI,7.580766e+22,105.544,-0.01795918,21969.38,45.663,10731.294,69.597,-0.02528252,51.917,116.272,0.23341063,145249300000000.0,50858510000000.0,2.881715e+24,45.038,3595.375488,5.436,1773.792
229,3686,11967,M4.4,2014.02.01_21:31_TAI,7.659655e+22,102.723,-0.02001571,21174.04,46.074,10506.119,68.508,-0.03060017,52.451,111.491,0.24687168,146224100000000.0,58722010000000.0,2.948866e+24,45.572,3601.178711,5.409,2098.947
230,3686,11967,M1.3,2014.02.02_02:06_TAI,7.497583e+22,102.391,-0.02465606,23106.83,48.322,10570.379,71.255,-0.03595712,53.702,113.037,0.29748288,146066900000000.0,63366080000000.0,3.062214e+24,46.507,3611.464844,5.416,2460.329
231,3686,11967,M1.3,2014.02.02_10:04_TAI,7.287526e+22,101.362,-0.0202835,22456.86,49.543,10182.396,70.62,-0.0334201,54.566,109.858,0.23894006,145589900000000.0,55007600000000.0,3.104855e+24,47.104,3793.724121,5.414,2111.533
232,3688,11968,M3.8,2014.02.03_13:23_TAI,2.226355e+22,111.249,-0.00574168,6989.628,37.318,2036.046,67.113,-0.01668494,50.475,112.15,0.12590982,46149940000000.0,15787730000000.0,3.649986e+23,40.741,1624.029419,4.467,225.757
233,3686,11967,M5.2,2014.02.03_16:00_TAI,7.218475e+22,99.104,-0.02926943,23529.43,52.522,9501.064,69.646,-0.04591113,56.183,109.441,0.24706797,135985600000000.0,96938530000000.0,3.12953e+24,48.477,4015.615967,5.38,2931.274
234,3686,11967,M1.4,2014.02.03_21:49_TAI,7.329271e+22,100.381,-0.02785115,23992.34,52.779,9619.87,69.948,-0.04048457,55.78,110.515,0.23763637,133307300000000.0,98732140000000.0,3.11995e+24,48.242,3988.041016,5.416,2727.101
235,3686,11967,M1.5,2014.02.04_04:02_TAI,7.262597e+22,103.092,-0.02908191,24393.48,51.286,9849.94,72.274,-0.04092702,54.854,114.633,0.33096862,137383800000000.0,99633860000000.0,3.053611e+24,47.136,3923.679932,5.339,2741.173
236,3686,11967,M1.3,2014.02.05_04:20_TAI,7.454247e+22,105.453,-0.01676409,20227.21,43.577,8925.011,66.965,-0.0251305,50.77,114.02,0.34829468,127191700000000.0,46698110000000.0,2.654431e+24,43.578,3707.435547,5.19,1656.493
237,3686,11967,M1.5,2014.02.06_11:05_TAI,8.500267e+22,105.566,-0.01331944,15569.08,27.925,8365.288,58.319,-0.02181479,41.401,112.265,-0.067109,122095900000000.0,38880180000000.0,2.267376e+24,35.374,3278.557129,5.255,1460.57
238,3686,11967,M2.0,2014.02.06_16:56_TAI,8.909525e+22,101.927,-0.01393764,14612.52,25.83,8108.687,53.814,-0.02384461,39.891,109.603,-0.22017729,121468700000000.0,37587050000000.0,2.25124e+24,34.445,3162.316406,5.262,1616.836
239,3688,11968,M1.9,2014.02.06_22:29_TAI,6.312e+22,91.869,-0.00950679,7694.862,25.363,4378.192,50.279,-0.02224768,40.53,98.23,-0.01189598,84699360000000.0,39669560000000.0,9.336798e+23,35.025,1991.686646,4.811,868.559
240,3721,11974,M1.8,2014.02.11_04:51_TAI,2.042829e+22,108.218,-0.01482112,10757.0,46.009,2610.22,74.176,-0.03787841,56.374,114.306,0.0680243,46888290000000.0,17527010000000.0,5.109306e+23,45.212,1389.693237,4.776,530.063
241,3721,11974,M3.7,2014.02.11_16:25_TAI,2.32301e+22,108.12,-0.00288389,9912.445,48.115,3100.672,73.982,-0.00805708,57.79,114.662,0.20955656,57937200000000.0,4599365000000.0,5.640186e+23,46.321,1587.962646,4.853,123.549
242,3721,11974,M2.3,2014.02.11_18:58_TAI,2.508721e+22,115.847,-0.00252736,10408.99,47.493,3496.375,79.067,-0.00635255,57.716,123.0,0.26746684,64545520000000.0,5981666000000.0,6.035797e+23,46.028,1627.65918,4.952,110.342
243,3721,11974,M2.1,2014.02.12_03:51_TAI,2.609281e+22,115.742,-0.0074348,10223.6,47.296,3754.629,81.795,-0.01885306,58.159,120.636,0.23677976,69548150000000.0,10964560000000.0,6.21831e+23,46.198,1591.744751,4.931,340.499
244,3721,11974,M1.0,2014.02.12_20:12_TAI,3.060011e+22,111.488,0.00267573,11519.74,48.223,4217.745,78.367,0.00661419,57.869,120.037,0.14456038,77231700000000.0,4719713000000.0,8.154218e+23,46.957,1728.889771,5.074,142.608
245,3721,11974,M2.3,2014.02.13_14:57_TAI,3.502129e+22,107.409,-0.00237666,12444.32,48.681,4435.644,75.772,-0.00565472,56.557,116.597,0.09233949,83548890000000.0,17854810000000.0,9.867871e+23,46.938,1879.090332,5.141,141.903
246,3721,11974,M1.6,2014.02.14_00:40_TAI,4.086998e+22,108.265,-0.00186773,11826.73,50.233,5274.223,73.687,-0.00434207,55.487,119.449,0.20073909,99415150000000.0,16330000000000.0,1.078937e+24,47.417,1891.605225,5.163,128.298
247,3721,11974,M1.1,2014.02.14_01:28_TAI,4.13811e+22,107.392,-0.00047398,11691.7,50.143,5216.091,73.333,-0.00110637,55.518,118.736,0.20196429,98498590000000.0,12434350000000.0,1.081757e+24,47.525,1874.564819,5.172,33.02
248,3721,11974,M1.0,2014.02.14_04:39_TAI,4.33096e+22,110.688,0.00139623,12110.12,49.599,5487.7,74.711,0.00306055,55.339,122.367,0.18602273,100771100000000.0,6893329000000.0,1.1238e+24,47.19,1961.252197,5.222,97.56
249,3740,11977,M1.1,2014.02.15_21:26_TAI,1.839131e+22,101.721,0.00314119,7664.422,40.976,1594.424,61.364,0.00951046,52.255,103.554,0.41008344,34648570000000.0,9557038000000.0,3.409862e+23,42.398,1359.225342,4.123,105.227
250,3730,11976,M3.0,2014.02.19_19:56_TAI,2.066901e+22,80.005,0.00480715,5873.367,16.606,1034.362,35.221,0.01111276,32.922,85.08,-0.37200096,18521800000000.0,5516185000000.0,2.250872e+23,26.749,513.859985,4.06,138.71
251,3766,11982,M1.1,2014.02.26_03:01_TAI,6.847849e+22,100.608,-0.00106116,4973.911,25.276,4873.918,50.944,-0.00316204,41.086,102.816,0.04322308,101073900000000.0,6278510000000.0,7.459741e+23,34.074,2644.739502,4.639,119.834
252,3804,11991,M1.1,2014.02.27_12:48_TAI,1.684538e+22,81.375,-0.00089007,10920.19,37.49,1049.419,47.426,-0.00166668,46.057,92.55,0.01567434,18864160000000.0,514307200000.0,3.248269e+23,40.357,571.802002,4.385,19.936
253,3779,11986,M1.1,2014.03.02_11:19_TAI,1.189075e+22,77.092,0.00064709,908.2211,1.098,409.511,26.697,0.00253154,21.574,78.739,-0.03054287,9071068000000.0,1859198000000.0,2.28579e+22,16.555,133.71756,2.101,12.262
254,3784,11989,M1.2,2014.03.03_03:58_TAI,4.207103e+22,113.742,-0.00157367,4332.288,17.414,3182.715,53.616,-0.00477733,37.162,115.561,0.22253859,66015190000000.0,7798576000000.0,3.899069e+23,30.247,2387.836182,4.366,106.644
255,3804,11991,M1.0,2014.03.04_14:10_TAI,1.622385e+22,114.304,-0.01995786,9752.856,41.478,1678.427,73.577,-0.04498739,53.42,117.256,0.34450904,32047960000000.0,22465780000000.0,3.390892e+23,42.542,874.313965,4.401,522.477
256,3836,12002,M1.0,2014.03.09_01:58_TAI,9.684234e+21,100.005,-0.01607199,4486.202,11.189,649.098,53.718,-0.03320286,34.213,109.547,-0.11606306,10463400000000.0,8493673000000.0,7.348443e+22,27.341,245.370117,4.01,198.232
257,3836,12002,M1.1,2014.03.09_12:26_TAI,1.222913e+22,110.709,-0.02101888,5192.68,15.006,1061.052,56.825,-0.0443428,35.558,121.908,-0.03993079,17137450000000.0,15194230000000.0,1.097447e+23,29.16,382.707367,4.357,334.494
258,3836,12002,M1.0,2014.03.09_16:08_TAI,1.391778e+22,108.273,-0.01726358,5733.154,18.71,1227.013,59.467,-0.03848157,38.0,120.955,0.03565465,22325910000000.0,17435370000000.0,1.454404e+23,31.851,440.833069,4.353,329.769
259,3836,12002,M1.7,2014.03.10_03:28_TAI,1.637175e+22,106.591,-0.00679076,6575.993,24.963,1462.159,61.499,-0.01537837,40.879,115.455,0.01031151,27825410000000.0,10068110000000.0,2.032568e+23,34.604,561.391418,4.56,158.048
260,3813,11996,M1.4,2014.03.10_11:00_TAI,2.547374e+22,108.947,-0.00960943,5100.991,16.398,1889.669,56.358,-0.02234425,37.173,114.281,-0.34232357,35515120000000.0,15652880000000.0,2.404417e+23,30.637,908.63092,4.45,341.067
261,3813,11996,M3.5,2014.03.10_15:50_TAI,2.776294e+22,103.44,-0.00892827,5780.157,17.451,2001.542,54.416,-0.02017436,37.592,110.154,-0.37280554,36763570000000.0,16106580000000.0,2.944171e+23,31.283,939.806641,4.515,342.426
262,3813,11996,M2.5,2014.03.11_23:05_TAI,3.801079e+22,71.242,-0.00532671,5637.038,19.301,2210.187,40.289,-0.01275026,37.179,79.17,-0.05745135,37478290000000.0,6794994000000.0,4.045038e+23,29.496,908.548462,4.376,287.791
263,3856,12010,M1.7,2014.03.19_15:56_TAI,2.533101e+22,108.098,0.00630428,4070.74,17.738,1934.881,53.849,0.01989663,37.963,110.009,0.02771474,42957990000000.0,15187770000000.0,2.253758e+23,30.88,1409.994629,4.309,262.813
264,3877,12011,M1.1,2014.03.21_19:02_TAI,1.801205e+22,78.799,-0.00998628,14493.63,43.329,1340.279,49.252,-0.01506224,49.034,89.323,-0.17315368,21143320000000.0,4455647000000.0,4.397438e+23,42.883,545.206726,4.01,228.147
265,3894,12017,M2.0,2014.03.28_07:18_TAI,1.101171e+22,129.545,0.00495836,7606.086,29.18,1121.304,76.046,0.01156197,47.73,133.485,0.17020318,21245940000000.0,7799686000000.0,1.700036e+23,36.215,801.294678,4.076,83.449
266,3894,12017,M2.6,2014.03.28_11:51_TAI,1.141582e+22,122.158,0.01478973,7464.461,30.483,1208.973,74.05,0.0397456,48.492,124.062,0.32313251,23900350000000.0,16652170000000.0,1.878043e+23,37.448,816.595032,4.265,280.162
267,3894,12017,M2.1,2014.03.29_23:55_TAI,1.364989e+22,108.78,0.01427453,5531.791,22.922,1117.734,56.161,0.04304528,40.888,113.395,0.12201825,23573870000000.0,14057120000000.0,1.683222e+23,33.539,685.253174,4.299,327.044
268,3879,12014,M1.4,2014.03.30_20:07_TAI,3.453216e+22,71.039,0.00056894,4513.723,13.692,1397.468,31.343,0.0015162,31.942,75.927,-0.07694524,27061490000000.0,2044828000000.0,3.037015e+23,26.513,773.47699,3.924,28.823
269,4000,12035,M1.0,2014.04.16_07:59_TAI,4.584084e+22,104.028,0.01028302,5031.804,20.88,3293.753,50.318,0.03243424,39.228,104.137,0.10567393,70599190000000.0,27977910000000.0,5.151708e+23,31.746,2272.921875,4.254,792.728
270,4097,12056,M5.2,2014.05.07_22:07_TAI,8.338698e+22,75.08,-0.00106072,10475.29,31.657,4919.303,40.944,-0.00209391,42.884,81.458,0.01429898,87897740000000.0,8694220000000.0,1.629695e+24,35.696,2385.598389,4.88,124.255
271,4138,12065,M1.3,2014.05.24_06:35_TAI,2.988978e+22,109.348,0.00304256,3642.064,15.741,2213.259,52.317,0.00869706,35.339,112.587,-0.08959138,43126970000000.0,12517650000000.0,2.222472e+23,28.857,1047.556641,4.379,139.803
272,4186,12077,M1.3,2014.06.02_16:09_TAI,1.142869e+22,96.393,0.00251419,4958.718,24.977,736.367,47.493,0.00854079,42.755,96.268,0.0914725,17674630000000.0,2843515000000.0,1.366009e+23,35.749,451.521393,3.45,52.149
273,4197,12080,M1.4,2014.06.06_07:31_TAI,2.548795e+22,112.151,0.00886011,5802.272,22.947,2123.309,56.661,0.02573953,40.43,114.522,0.04445802,43756580000000.0,13384190000000.0,3.210647e+23,33.533,1193.936279,4.517,369.166
274,4197,12080,M1.8,2014.06.10_17:34_TAI,6.453918e+22,96.548,0.00362875,11547.31,44.428,4904.565,57.384,0.00758083,50.956,103.389,0.06159217,102571900000000.0,17577400000000.0,1.494106e+24,44.046,3157.023438,4.948,353.534
275,4197,12085,M1.8,2014.06.11_21:37_TAI,7.78545e+22,92.444,0.00286199,9771.833,33.683,5090.631,51.173,0.00586145,45.064,97.6,-0.10215242,103363500000000.0,11625950000000.0,1.452123e+24,38.669,3055.433105,4.757,320.234
276,4231,12089,M1.1,2014.06.12_08:03_TAI,3.594023e+21,143.554,0.02528365,6679.96,27.906,549.244,98.864,0.06395706,51.589,148.828,0.36362979,9461478000000.0,8949348000000.0,5.121393e+22,37.14,201.239212,3.913,145.962
277,4225,12087,M1.0,2014.06.15_12:01_TAI,1.744737e+22,106.037,0.02242596,5742.039,24.358,1428.114,51.651,0.06943479,41.259,105.744,0.88491261,29082010000000.0,21456000000000.0,2.283816e+23,34.477,1036.037231,0.0,671.613
278,4344,12113,M1.2,2014.07.08_12:26_TAI,1.815439e+22,93.105,0.00284072,3156.899,11.818,1177.664,43.654,0.00783044,32.22,97.339,-0.11722286,21860520000000.0,2805414000000.0,1.122794e+23,24.784,487.605255,4.198,76.074
279,4294,12106,M1.5,2014.07.10_10:34_TAI,2.805601e+22,85.484,0.00044567,2175.759,6.128,1152.601,32.455,0.00139756,27.294,86.565,-0.23360802,24205650000000.0,5352147000000.0,1.217435e+23,21.858,570.83429,3.618,18.777
280,4396,12130,M2.5,2014.07.30_23:14_TAI,5.636699e+22,92.031,-0.00044605,6614.025,24.276,3658.793,46.108,-0.00113127,39.647,98.724,-0.09337659,72207770000000.0,4257109000000.0,7.389657e+23,33.559,1791.547852,0.0,37.526
281,4396,12130,M2.0,2014.08.01_02:48_TAI,6.756766e+22,98.28,0.00076176,5873.986,24.852,4681.311,49.245,0.00201219,40.491,104.026,0.03396671,92543270000000.0,1913474000000.0,8.108116e+23,33.993,2635.027588,4.76,79.174
282,4639,12182,M1.3,2014.10.08_13:43_TAI,2.053543e+22,122.04,-0.00053114,3447.983,15.587,1618.505,55.617,-0.00180822,36.335,124.959,0.17981453,35945550000000.0,3226835000000.0,1.565265e+23,29.575,1430.33313,4.203,18.155
283,4639,12182,M1.4,2014.10.08_13:58_TAI,2.085685e+22,122.017,-0.00065601,3400.102,15.598,1659.081,55.935,-0.00225636,36.216,124.974,0.25169066,37050040000000.0,4618282000000.0,1.578298e+23,29.548,1433.648804,4.243,22.927
284,4698,12192,X1.1,2014.10.18_17:03_TAI,1.342865e+23,70.58,-0.00539713,12333.31,30.671,7651.353,39.497,-0.01075583,42.231,80.671,-0.02575647,133767800000000.0,32294030000000.0,2.996554e+24,36.674,3811.705566,4.915,987.388
285,4698,12192,M3.9,2014.10.19_21:11_TAI,1.350204e+23,89.026,-0.00512437,15309.91,34.948,10634.813,50.038,-0.00904223,44.578,102.281,0.04043099,174806500000000.0,24257350000000.0,3.613567e+24,39.755,4657.747559,5.179,910.719
286,4698,12192,M4.5,2014.10.20_04:37_TAI,1.306217e+23,93.062,-0.00599275,16149.66,37.387,10890.842,52.94,-0.010178,45.97,106.071,0.00683452,179367000000000.0,38309950000000.0,3.664149e+24,41.025,4953.313477,5.234,1023.813
287,4698,12192,M1.4,2014.10.20_07:02_TAI,1.358366e+23,88.775,-0.00563862,14486.99,36.896,10283.28,50.563,-0.01093755,46.175,100.485,0.02537489,189992200000000.0,43162270000000.0,3.720124e+24,41.107,5073.131836,5.273,1090.245
288,4698,12192,M1.7,2014.10.20_08:04_TAI,1.325018e+23,90.916,-0.00632085,15243.02,38.001,10269.291,52.396,-0.01172187,46.765,103.29,0.03984152,189671400000000.0,44145160000000.0,3.720941e+24,41.734,5047.741699,5.211,1161.804
289,4698,12192,M1.2,2014.10.20_10:55_TAI,1.26239e+23,89.415,-0.00597161,16060.28,39.09,10181.442,52.557,-0.01085947,47.103,102.204,-0.00229093,177049700000000.0,41956270000000.0,3.661637e+24,42.207,5131.668945,5.216,1025.165
290,4698,12192,M8.7,2014.10.21_13:59_TAI,1.276932e+23,94.659,-0.00598239,18845.77,46.875,11696.302,59.806,-0.01031743,51.552,109.545,0.06058369,211679000000000.0,21959910000000.0,4.357377e+24,46.185,5911.492188,5.36,1041.517
291,4698,12192,M2.7,2014.10.21_17:17_TAI,1.34094e+23,93.559,-0.00495868,17945.38,46.261,11199.778,58.458,-0.0090604,51.216,105.988,0.16085581,213996800000000.0,16565690000000.0,4.543214e+24,45.743,6039.368652,5.428,945.262
292,4698,12192,X1.6,2014.10.22_02:28_TAI,1.355429e+23,96.921,-0.00334236,19228.86,48.679,12296.647,59.739,-0.00583228,52.367,109.959,0.13273558,219354200000000.0,13182400000000.0,4.86519e+24,46.776,6245.052246,5.472,636.747
293,4698,12192,M1.1,2014.10.22_21:50_TAI,1.379227e+23,96.042,-0.00270441,20448.42,51.819,11951.894,60.403,-0.00462789,54.133,108.062,0.11636975,217124100000000.0,11728400000000.0,5.255688e+24,48.327,6747.105469,5.478,523.387
294,4698,12192,X3.1,2014.10.24_09:41_TAI,1.458058e+23,92.956,-0.00237518,17779.58,51.719,11362.387,57.096,-0.00460025,53.844,102.803,0.12789376,224999200000000.0,14598440000000.0,5.176874e+24,48.59,6981.716797,5.369,520.738
295,4698,12192,X2.0,2014.10.25_22:56_TAI,1.747765e+23,94.869,-0.0027163,16117.28,39.9,12939.278,53.973,-0.00461967,46.865,103.916,0.02733332,233516100000000.0,30196550000000.0,5.031631e+24,42.237,6924.64502,5.341,638.51
296,4698,12192,M1.0,2014.10.26_05:17_TAI,1.846298e+23,91.573,-0.00176377,15170.26,36.785,13252.733,50.272,-0.00318451,45.333,100.949,0.04122446,236022900000000.0,42679790000000.0,5.127092e+24,40.649,6919.838379,5.429,448.843
297,4698,12192,M1.9,2014.10.26_06:49_TAI,1.812208e+23,93.051,-0.0013664,16048.09,37.035,13586.188,51.59,-0.00229797,45.319,102.532,0.00025596,231978600000000.0,44027810000000.0,5.084009e+24,40.817,6945.685059,5.446,325.936
298,4698,12192,M2.4,2014.10.26_08:21_TAI,1.791375e+23,93.334,-0.001279,15917.29,37.397,13222.976,52.447,-0.00219203,45.575,102.428,0.01323799,230450200000000.0,51064720000000.0,5.029358e+24,40.721,6950.422852,5.463,304.29
299,4698,12192,M7.1,2014.10.26_12:34_TAI,1.84253e+23,88.046,0.00024366,14702.85,35.204,12992.247,49.305,0.00045493,44.695,97.017,0.07995112,230268200000000.0,65326470000000.0,4.989488e+24,39.776,6855.669922,5.482,62.26
300,4698,12192,M1.0,2014.10.26_14:02_TAI,1.843742e+23,88.924,-4.471e-05,14871.75,34.77,13194.983,49.668,-8.117e-05,44.436,97.752,0.0816063,229318600000000.0,62046520000000.0,4.968772e+24,39.533,6810.812988,5.492,11.248
301,4698,12192,M1.3,2014.10.26_15:41_TAI,1.838817e+23,91.198,-0.00026131,15498.13,35.11,13441.894,51.038,-0.0004425,44.356,100.207,0.04312264,227371100000000.0,54255410000000.0,4.958666e+24,39.587,6793.450195,5.442,62.954
302,4698,12192,M6.7,2014.10.26_22:09_TAI,1.944251e+23,88.385,-0.0001515,14795.38,33.124,14339.427,49.844,-0.0002584,43.265,96.714,-0.02160523,240768400000000.0,42805600000000.0,5.018352e+24,38.642,6534.685547,5.35,38.692
303,4698,12192,X2.0,2014.10.27_02:47_TAI,1.956649e+23,87.25,1.221e-05,14808.11,31.71,14156.545,48.619,2.053e-05,42.405,96.017,-0.03865151,232790000000000.0,38224270000000.0,4.973764e+24,37.76,6494.164551,5.324,3.088
304,4698,12192,M1.4,2014.10.27_05:40_TAI,2.005726e+23,83.474,-2.016e-05,13753.26,29.666,13929.141,45.798,-3.613e-05,41.341,92.402,0.02463629,229145800000000.0,30329430000000.0,4.886014e+24,36.282,6444.207031,5.345,5.392
305,4698,12192,M3.4,2014.10.27_14:42_TAI,1.955196e+23,82.174,-0.00107168,13568.87,28.907,13004.962,45.297,-0.001865,40.75,90.921,-0.00465485,209422800000000.0,12668460000000.0,4.558373e+24,35.328,6146.775879,5.225,271.089
306,4698,12192,M6.6,2014.10.27_15:32_TAI,1.956757e+23,81.959,-0.00099582,13852.06,29.096,12730.183,45.323,-0.00168942,40.621,91.006,-0.04814202,206727700000000.0,12589020000000.0,4.564102e+24,35.44,6126.699707,5.244,247.06
307,4698,12192,M1.6,2014.10.28_02:06_TAI,2.066342e+23,75.553,0.00017909,13324.25,27.73,13031.497,43.247,0.00031091,40.068,85.08,-0.0583348,212189500000000.0,7987020000000.0,4.663214e+24,34.492,5815.385254,5.1,47.196
308,4698,12192,M1.0,2014.10.28_20:20_TAI,1.917632e+23,66.083,-0.0008402,13712.38,28.299,11245.657,39.461,-0.00143428,40.318,78.292,-0.06403232,170773600000000.0,7941983000000.0,4.351926e+24,34.159,5378.795898,5.173,200.778
309,4781,12205,M2.5,2014.11.06_10:16_TAI,4.399625e+22,92.01,0.02760879,7370.89,21.052,4008.394,49.655,0.06216001,37.344,101.443,0.05109281,63223840000000.0,54902240000000.0,5.910518e+23,31.837,1322.794678,4.76,1666.936
310,4781,12205,M2.7,2014.11.06_14:49_TAI,4.316078e+22,94.117,0.0263025,7340.871,22.384,3911.063,50.25,0.0618463,37.775,103.53,0.00755127,65138150000000.0,54212080000000.0,5.899218e+23,32.405,1409.853882,4.798,1591.512
311,4781,12205,M1.0,2014.11.06_22:22_TAI,4.44735e+22,99.513,0.02862573,7489.547,23.282,4288.898,51.915,0.06653692,38.365,108.746,-0.05659325,70087270000000.0,61701790000000.0,6.264671e+23,33.111,1423.443237,4.853,1802.877
312,4781,12205,M2.3,2014.11.09_03:32_TAI,2.683947e+22,109.446,0.02665346,9147.915,37.64,3244.919,64.589,0.06770635,48.838,115.749,0.22695082,56298920000000.0,45346550000000.0,5.356907e+23,40.479,1567.42749,4.756,1175.231
313,4817,12209,M3.2,2014.11.15_00:03_TAI,1.192077e+23,81.876,0.00257763,8554.754,19.75,6342.233,37.6,0.00568395,35.755,88.612,0.0893975,117648500000000.0,19046690000000.0,1.875853e+24,31.004,3476.934082,4.922,425.571
314,4817,12209,M5.7,2014.11.16_05:48_TAI,1.228507e+23,95.252,0.00347742,8439.1,21.572,8177.659,45.323,0.00810525,37.706,100.189,0.08859088,155589200000000.0,36730720000000.0,2.01225e+24,31.82,4783.615723,4.957,624.343
315,4874,12222,M1.8,2014.11.30_18:41_TAI,3.324367e+22,90.345,-0.00616432,17353.08,52.662,2452.238,57.183,-0.00976001,55.379,94.893,0.00927501,48128090000000.0,6646807000000.0,1.092548e+24,48.505,1372.487305,4.576,292.226
316,4874,12222,M1.3,2014.12.03_20:10_TAI,3.641801e+22,94.374,-0.0016108,14754.12,50.216,2723.787,57.944,-0.00299655,54.112,100.511,0.06151741,55186430000000.0,2746627000000.0,1.094939e+24,47.64,1512.122803,4.693,90.012
317,4874,12222,M6.1,2014.12.04_06:25_TAI,3.673149e+22,96.701,-0.00280166,14078.03,47.393,2783.212,56.451,-0.00523971,52.673,103.673,-0.0060423,54924590000000.0,238201300000.0,1.040072e+24,46.07,1516.236084,4.611,155.851
318,4874,12222,M1.3,2014.12.04_07:41_TAI,3.525918e+22,98.102,-0.0031346,14979.66,47.025,2692.777,58.105,-0.00545129,52.706,105.156,-0.02629784,51390010000000.0,684314500000.0,1.012686e+24,45.869,1509.676392,4.669,159.567
319,4874,12222,M1.5,2014.12.05_00:25_TAI,3.576386e+22,100.277,-0.00695713,14961.53,41.525,2654.614,57.758,-0.01197695,48.938,107.311,-0.1052691,50717340000000.0,6903489000000.0,9.903987e+23,42.811,1447.173218,4.634,346.771
320,4920,12242,M1.6,2014.12.14_07:33_TAI,5.259737e+22,109.343,0.00273507,4641.955,17.121,3478.175,47.937,0.0086763,36.575,110.154,0.28967836,75847090000000.0,14795740000000.0,5.335626e+23,29.82,3470.786133,4.456,236.71
321,4920,12242,M1.5,2014.12.16_13:10_TAI,6.116235e+22,107.79,0.00616764,9310.308,35.617,5338.916,60.993,0.01654061,47.706,111.796,0.59266418,113752300000000.0,30770330000000.0,1.259942e+24,39.612,4704.749512,5.004,628.452
322,4941,12241,M1.4,2014.12.17_07:01_TAI,3.148571e+22,96.723,0.01459256,14493.92,50.772,2942.149,65.667,0.02787575,55.444,107.154,0.17247537,57707540000000.0,20689650000000.0,8.923251e+23,47.968,1317.741455,4.896,676.467
323,4920,12242,M1.3,2014.12.18_21:44_TAI,9.679546e+22,104.671,0.00726792,8806.465,30.301,7399.167,54.552,0.01912399,42.854,109.375,0.26654953,149503700000000.0,52578200000000.0,1.779205e+24,36.629,4656.645508,5.155,1105.618
324,4920,12242,M1.2,2014.12.20_19:32_TAI,9.581814e+22,93.953,0.00326242,7041.21,24.248,6200.739,45.526,0.00843995,39.175,100.321,0.15847997,126523100000000.0,36813730000000.0,1.365719e+24,33.123,3297.208496,5.073,476.463
325,4941,12241,M1.0,2014.12.21_00:17_TAI,2.752871e+22,85.634,0.01362347,14947.32,58.131,2207.823,59.354,0.02641616,58.751,91.077,-0.08499857,44592580000000.0,27525610000000.0,8.666417e+23,51.203,1258.255249,4.487,594.746
326,4920,12242,M1.0,2014.12.21_13:49_TAI,8.205935e+22,91.634,0.00243734,7347.546,23.597,4850.249,43.543,0.00562732,38.598,97.761,0.01299349,95278410000000.0,22114680000000.0,1.144178e+24,32.601,2777.625488,4.969,285.788
327,4955,12249,M2.2,2014.12.26_14:16_TAI,2.134952e+22,102.21,-0.00469481,6634.009,23.954,1533.966,51.948,-0.01164509,39.402,107.632,0.07442002,30140070000000.0,2055962000000.0,2.839722e+23,31.962,746.414795,4.532,151.314
328,5011,12253,M1.1,2015.01.02_21:47_TAI,3.975844e+22,96.734,0.00203962,13965.24,50.657,3360.664,62.897,0.00401122,54.2,106.849,0.01033245,66918870000000.0,8883949000000.0,1.086339e+24,47.166,1690.250854,4.887,119.469
329,5011,12253,M1.3,2015.01.04_03:36_TAI,3.376497e+22,89.663,0.00392824,13098.38,56.32,2867.031,62.509,0.00910895,58.266,96.128,-0.07337454,60159390000000.0,11426840000000.0,9.852134e+23,50.485,1835.097046,4.693,222.472
330,5026,12257,M4.9,2015.01.12_16:58_TAI,3.143084e+22,79.35,-0.00096192,7742.251,24.808,1822.617,43.667,-0.00199145,39.584,87.039,-0.16411193,31024390000000.0,3519094000000.0,4.33481e+23,33.361,780.596802,4.259,40.554
331,5107,12268,M1.1,2015.01.26_04:53_TAI,2.86362e+22,96.139,-0.00289638,10580.11,39.855,1898.88,53.592,-0.00625846,48.802,99.652,0.14812347,41433700000000.0,6589730000000.0,6.258108e+23,41.65,1238.878174,4.21,128.999
332,5107,12268,M1.4,2015.01.27_16:41_TAI,2.674986e+22,97.665,-0.0034152,11904.15,47.32,2062.66,62.149,-0.00768561,55.151,100.876,0.3101835,45873520000000.0,7057066000000.0,7.05408e+23,45.774,1608.992554,4.268,152.376
333,5107,12268,M2.1,2015.01.28_23:42_TAI,2.497971e+22,98.412,-0.00617781,13614.52,51.188,2013.286,66.23,-0.01290379,57.893,100.827,0.15255184,44377500000000.0,7660097000000.0,7.334611e+23,47.797,1633.612915,4.252,250.597
334,5107,12268,M2.0,2015.01.29_12:44_TAI,2.685207e+22,95.7,-0.00786653,10890.47,50.534,2110.537,62.459,-0.01953633,57.081,97.521,0.23962121,48623040000000.0,13557660000000.0,6.927206e+23,48.048,1706.104736,4.432,376.752
335,5107,12268,M1.7,2015.01.29_17:36_TAI,2.774086e+22,100.065,-0.0065973,11140.25,49.448,2297.385,65.777,-0.01540512,56.831,101.263,0.15757227,50381130000000.0,7706829000000.0,6.976167e+23,47.365,1700.27063,4.331,311.076
336,5127,12277,M2.4,2015.01.30_00:16_TAI,7.654679e+22,77.017,0.0007833,5697.331,18.169,3992.032,38.484,0.00189312,35.603,82.087,-0.08581912,73742320000000.0,10540250000000.0,8.266871e+23,28.565,2030.140747,4.728,85.581
337,5127,12277,M1.2,2015.02.03_14:15_TAI,2.688917e+22,115.58,-0.00130547,5639.977,30.372,2354.578,65.1,-0.00409719,47.307,115.692,0.46764535,54636620000000.0,11572510000000.0,3.627624e+23,36.987,2434.329834,4.239,63.227
338,5298,12297,M4.5,2015.03.09_02:33_TAI,3.186747e+22,91.355,0.01894982,7398.824,24.431,2249.442,45.398,0.04500036,39.233,96.885,-0.19613345,41389450000000.0,36695990000000.0,4.634122e+23,33.935,947.253052,4.571,893.654
339,5298,12297,M2.9,2015.03.10_12:02_TAI,2.459673e+22,106.049,0.04740098,11835.09,33.263,2996.076,61.136,0.09622056,44.966,114.447,0.11012591,46613690000000.0,56191390000000.0,5.505375e+23,38.456,1228.457153,4.846,1660.314
340,5298,12297,M1.8,2015.03.10_19:18_TAI,2.441114e+22,110.4,0.04782715,12831.1,34.745,3026.093,63.179,0.09347785,45.923,119.091,0.14040454,46846380000000.0,56298980000000.0,5.871053e+23,39.323,1254.106934,4.918,1647.789
341,5298,12297,M2.6,2015.03.10_19:57_TAI,2.539512e+22,108.175,0.04484272,12163.65,34.261,3044.102,61.278,0.09293241,45.995,116.711,0.2410434,48229490000000.0,57343790000000.0,6.021516e+23,39.227,1255.915283,4.876,1671.557
342,5298,12297,M3.2,2015.03.11_16:46_TAI,2.504759e+22,103.874,0.04755442,16544.24,44.384,3487.761,70.303,0.09300375,52.761,115.887,0.28214401,55218540000000.0,63584860000000.0,8.327411e+23,44.766,1395.819458,5.05,1802.265
343,5298,12297,M1.6,2015.03.11_23:50_TAI,2.522483e+22,110.825,0.06421205,20827.75,45.366,4044.495,77.883,0.10097001,53.041,128.158,0.35953858,56301270000000.0,65634720000000.0,9.361584e+23,45.076,1360.293213,5.046,2173.257
344,5298,12297,M1.4,2015.03.12_00:14_TAI,2.513776e+22,111.147,0.06405794,20882.71,45.848,4072.705,78.663,0.10098942,53.263,128.061,0.3556709,56904370000000.0,66019720000000.0,9.397656e+23,45.21,1346.335571,5.028,2170.667
345,5298,12297,M4.2,2015.03.12_02:08_TAI,2.543311e+22,109.053,0.0629469,20988.3,47.647,4242.575,78.546,0.09935775,54.021,126.456,0.44438356,58900430000000.0,64253050000000.0,9.629139e+23,45.936,1349.991821,5.1,2174.563
346,5298,12297,M1.2,2015.03.12_16:01_TAI,2.510468e+22,104.588,0.05829848,19338.09,48.545,3999.803,76.868,0.10564523,55.527,119.946,0.19510075,56535510000000.0,66204410000000.0,9.512038e+23,47.259,1422.900269,5.101,2159.143
347,5298,12297,M1.3,2015.03.13_16:40_TAI,2.227304e+22,109.229,0.05345441,15460.49,45.61,3123.205,76.223,0.09992216,55.014,114.777,0.20567669,46921360000000.0,59699600000000.0,6.912375e+23,45.248,1455.579712,4.8,1799.596
348,5298,12297,M1.0,2015.03.14_21:40_TAI,2.746014e+22,112.334,0.04624475,13347.74,40.552,3660.654,70.652,0.09352987,50.342,120.813,0.44079167,58372810000000.0,62394280000000.0,7.35734e+23,42.114,1441.778076,4.778,1919.388
349,5298,12297,M1.2,2015.03.15_11:22_TAI,2.763508e+22,103.847,0.02763357,11799.21,38.786,2806.485,60.611,0.06067535,48.46,109.791,0.30240336,48263180000000.0,36058460000000.0,6.64998e+23,40.927,1405.979492,4.821,1172.713
350,5298,12297,M1.6,2015.03.15_22:58_TAI,3.088429e+22,97.526,0.01691935,9437.384,32.321,2809.731,52.119,0.04140662,43.924,103.18,0.19983135,49662930000000.0,25872730000000.0,6.133025e+23,37.74,1213.103149,4.617,827.898
351,5415,12320,M1.4,2015.04.08_02:43_TAI,1.455705e+22,125.652,0.01985559,7504.145,25.993,1539.938,73.257,0.05239158,44.942,128.244,0.54130554,29354550000000.0,18393890000000.0,2.265533e+23,34.496,1230.749634,4.189,451.357
352,5447,12325,M1.2,2015.04.21_10:01_TAI,5.16404e+22,100.601,-0.00558082,3917.379,16.815,3119.852,45.694,-0.0170103,35.431,101.363,0.05591721,67871380000000.0,20259790000000.0,4.244005e+23,29.237,1912.155273,4.51,455.255
353,5526,12335,M1.3,2015.05.05_02:25_TAI,2.487514e+22,101.742,0.00430655,8238.855,41.733,2202.127,64.208,0.01152173,51.193,105.421,0.18897936,47046960000000.0,9682567000000.0,4.585829e+23,43.162,1325.956055,4.409,180.492
354,5526,12335,M2.6,2015.05.05_05:24_TAI,2.43939e+22,104.156,0.0050395,8551.464,41.367,2268.845,64.445,0.01256267,51.193,108.687,0.20385201,47112410000000.0,8661256000000.0,4.52077e+23,42.84,1376.809082,4.441,200.602
355,5637,12360,M1.3,2015.06.12_19:29_TAI,6.387387e+22,74.007,0.00184755,4913.405,11.736,3367.679,35.453,0.00495634,31.452,82.315,-0.06638328,59606450000000.0,8163621000000.0,6.045421e+23,26.141,1588.074463,4.465,171.161
356,5692,12371,M1.0,2015.06.19_18:48_TAI,4.983369e+22,81.375,-0.00939917,17933.51,55.376,3685.689,55.956,-0.01576639,55.419,91.286,-0.00662643,70083640000000.0,24522890000000.0,1.63567e+24,49.465,1887.507202,4.999,645.507
357,5692,12371,M2.7,2015.06.20_14:34_TAI,4.687279e+22,80.28,-0.01412794,17967.17,59.474,3606.601,55.62,-0.02531326,58.574,88.205,0.04510463,72381200000000.0,41404330000000.0,1.678469e+24,52.253,1851.254272,4.853,993.731
358,5673,12367,M3.8,2015.06.20_21:44_TAI,4.715761e+22,101.914,0.00388768,4558.03,15.109,2793.102,45.745,0.01020349,34.366,105.914,-0.04029662,56194300000000.0,17434000000000.0,4.154296e+23,29.121,1576.120239,4.403,266.804
359,5673,12367,M1.1,2015.06.21_06:20_TAI,5.007869e+22,94.899,0.00541991,4476.369,13.428,2689.171,42.028,0.0142375,33.268,99.798,-0.05765543,52846960000000.0,20710660000000.0,4.329432e+23,27.79,1515.214844,4.393,394.71
360,5738,12378,M1.5,2015.07.03_00:51_TAI,2.091016e+22,84.163,0.00302124,5407.034,14.323,1174.257,42.538,0.00637066,34.53,92.492,-0.04458547,18885950000000.0,729072300000.0,1.958774e+23,27.293,496.958923,3.92,82.407
361,5745,12381,M1.0,2015.07.05_20:44_TAI,1.708716e+22,104.125,-0.00298192,10694.11,41.763,1588.285,67.627,-0.005,50.106,115.966,0.05151905,27670960000000.0,630760300000.0,3.19934e+23,42.589,650.265015,4.722,67.174
362,5745,12381,M1.7,2015.07.06_08:40_TAI,2.257297e+22,91.892,-0.02087234,14025.83,51.003,2244.689,64.727,-0.03539971,53.868,101.056,0.12081757,39242800000000.0,29152730000000.0,5.875493e+23,47.128,803.372986,4.846,658.376
363,5885,12403,M1.2,2015.08.20_14:18_TAI,3.270875e+22,100.987,0.00013943,6829.144,26.975,2510.731,55.694,0.00033001,42.218,109.071,-0.28097504,49600900000000.0,7549753000000.0,4.290373e+23,35.879,1304.380005,4.757,6.596
364,5885,12403,M1.1,2015.08.21_08:34_TAI,3.659172e+22,104.379,-0.00359697,8097.93,35.2,3132.7,59.844,-0.0087806,47.137,112.758,-0.07917644,65951570000000.0,14830210000000.0,6.161741e+23,40.248,1543.014282,4.975,206.081
365,5885,12403,M2.2,2015.08.22_01:23_TAI,3.938188e+22,104.096,-0.0037331,11045.26,42.712,3468.775,64.198,-0.00798955,50.937,111.234,0.05932073,71217380000000.0,1909917000000.0,8.774019e+23,43.537,1863.662476,4.946,223.296
366,5885,12403,M3.5,2015.08.22_09:24_TAI,4.111734e+22,100.247,0.00210994,10657.74,46.624,3927.791,62.593,0.00485472,53.22,107.486,0.01150882,79291200000000.0,7582372000000.0,9.544151e+23,45.86,1956.80249,4.918,142.271
367,5885,12403,M5.6,2015.08.23_19:33_TAI,4.966943e+22,103.247,0.00755654,14979.82,50.027,5001.751,68.958,0.01378521,55.457,114.059,0.07000985,93693840000000.0,35771780000000.0,1.449786e+24,47.67,2362.545166,4.955,550.668
368,5885,12403,M1.0,2015.08.24_05:46_TAI,5.561232e+22,95.94,0.00414554,13791.47,52.485,5338.703,63.576,0.00842626,56.423,106.144,0.02891754,107155400000000.0,26022530000000.0,1.631928e+24,49.248,2486.508301,5.132,369.347
369,5885,12403,M2.9,2015.08.26_17:44_TAI,6.409314e+22,91.786,-0.00372186,14433.8,40.669,4844.347,55.377,-0.00624626,48.805,102.468,-0.22954421,87817350000000.0,10515590000000.0,1.635591e+24,42.559,2549.432373,4.987,317.553
370,5885,12403,M2.2,2015.08.28_01:16_TAI,7.216874e+22,73.178,-0.00282694,10565.3,30.996,4336.804,41.407,-0.00565799,42.841,80.946,-0.13305514,75343790000000.0,11600730000000.0,1.430312e+24,36.821,1944.723267,4.543,288.156
371,5956,12415,M1.1,2015.09.16_21:40_TAI,1.679415e+22,117.364,-0.00663934,8600.23,37.443,1719.752,70.678,-0.01690521,50.66,122.009,0.25799578,33558080000000.0,5273028000000.0,3.136113e+23,41.274,831.344788,4.294,182.303
372,5983,12422,M1.9,2015.09.26_22:40_TAI,3.181667e+22,98.502,-0.00938645,15984.94,56.418,2880.069,67.978,-0.01617649,58.363,106.253,-0.1474586,57768020000000.0,11558230000000.0,9.936737e+23,50.568,1232.658447,4.736,439.351
373,5983,12422,M1.0,2015.09.27_09:00_TAI,3.196674e+22,91.421,-0.01288559,17089.92,57.907,2757.605,61.886,-0.02219819,58.611,100.763,-0.01644867,52109210000000.0,19188710000000.0,1.075799e+24,51.312,1249.117798,4.652,610.764
374,5983,12422,M1.1,2015.09.27_19:35_TAI,3.650501e+22,92.123,-0.01222681,16331.0,56.302,3273.747,62.113,-0.02160227,57.252,102.779,-0.08603489,62738150000000.0,18778000000000.0,1.180862e+24,50.516,1339.549072,4.953,665.689
375,5983,12422,M1.1,2015.09.28_01:18_TAI,3.749573e+22,94.359,-0.0166507,17311.25,56.593,3527.83,64.171,-0.02737495,57.062,106.257,-0.12718527,64496370000000.0,27445020000000.0,1.211808e+24,50.148,1386.794067,4.801,877.625
376,5983,12422,M7.6,2015.09.28_02:58_TAI,3.849611e+22,94.789,-0.01711936,17090.85,56.573,3644.011,64.238,-0.02884318,56.688,105.607,-0.09051116,65947180000000.0,30092070000000.0,1.239959e+24,49.957,1423.369629,4.885,935.214
377,5983,12422,M1.1,2015.09.28_15:43_TAI,4.344488e+22,96.013,-0.01321151,16541.69,52.662,4430.611,64.081,-0.02304491,55.656,108.945,-0.0344828,78972640000000.0,13325840000000.0,1.386495e+24,48.905,1658.936401,5.125,833.831
378,5983,12422,M2.9,2015.09.28_17:16_TAI,4.393418e+22,99.826,-0.01619193,17464.76,52.601,4504.086,66.455,-0.02603913,55.265,113.224,-0.16061626,78337310000000.0,17071330000000.0,1.399455e+24,48.319,1681.737061,5.14,976.94
379,5983,12422,M1.4,2015.09.28_18:43_TAI,4.648453e+22,97.247,-0.01203862,16676.48,50.917,4618.836,63.519,-0.02026171,54.44,111.499,-0.11430424,81983020000000.0,8933683000000.0,1.450657e+24,47.575,1702.810181,5.113,788.506
380,5983,12422,M1.6,2015.09.28_23:15_TAI,4.836056e+22,99.643,-0.01071541,16827.04,50.779,4953.455,65.228,-0.01752062,53.932,114.158,-0.13254049,86685380000000.0,9012570000000.0,1.49095e+24,47.178,1736.078979,5.03,714.9
381,5983,12422,M1.1,2015.09.29_07:24_TAI,5.173377e+22,100.702,-0.01212759,16769.78,47.74,5348.958,64.637,-0.01876591,52.24,116.025,-0.09368142,88958370000000.0,12744890000000.0,1.510375e+24,46.121,1955.516602,5.131,822.457
382,5983,12422,M1.3,2015.09.29_22:59_TAI,6.294238e+22,96.698,-0.00818588,13714.27,39.407,5778.999,59.934,-0.01369827,47.91,110.027,-0.10783115,99080240000000.0,4723573000000.0,1.512057e+24,41.965,2030.626709,5.099,679.567
383,5983,12422,M1.1,2015.09.30_01:20_TAI,6.363336e+22,93.458,-0.00436662,13626.55,39.634,5593.672,58.56,-0.00740531,47.745,106.633,-0.08454291,97332900000000.0,7872046000000.0,1.527033e+24,42.139,2042.679932,5.054,368.447
384,5983,12422,M4.5,2015.10.01_01:10_TAI,6.662691e+22,83.583,0.00062324,11017.84,31.591,5212.029,50.895,0.00113246,43.536,97.288,-0.09015026,84929560000000.0,17401630000000.0,1.2881e+24,37.603,1818.832642,4.931,54.864
385,5983,12422,M5.5,2015.10.01_12:13_TAI,6.543069e+22,80.256,0.00144854,9784.965,30.508,5022.134,49.733,0.00276514,43.002,94.395,-0.10269778,80161390000000.0,19498370000000.0,1.130839e+24,36.855,1795.349121,4.9,126.05
386,5983,12422,M1.0,2015.10.02_00:26_TAI,6.751919e+22,73.407,-0.00143714,9239.784,28.279,5192.88,45.866,-0.00269608,41.386,90.395,0.02794875,76021470000000.0,4518527000000.0,1.082902e+24,35.786,1805.059082,4.767,126.823
387,6015,12434,M1.1,2015.10.15_11:31_TAI,3.631158e+22,82.925,0.01050584,3785.839,12.262,1935.02,38.815,0.02982203,32.55,87.633,0.05994466,36986840000000.0,24176700000000.0,2.699204e+23,26.554,890.394226,4.295,563.996
388,6063,12443,M1.0,2015.10.31_05:52_TAI,5.588896e+22,84.174,0.0012562,9603.708,32.378,3978.047,49.074,0.00253887,45.007,94.021,-0.13793877,71507960000000.0,5631407000000.0,1.0037e+24,38.966,1540.979004,4.789,98.857
389,6078,12449,M3.9,2015.11.09_01:12_TAI,2.45104e+22,97.037,-0.00130216,4844.936,19.307,1380.55,44.094,-0.00338195,35.899,99.612,0.00490031,27694920000000.0,2784144000000.0,2.314864e+23,30.082,722.136475,3.893,46.847
390,6206,12473,M1.1,2015.12.23_14:12_TAI,3.230962e+22,78.635,0.0147874,13406.87,42.097,2198.125,50.865,0.02449343,48.765,90.383,-0.04131076,38518020000000.0,21319030000000.0,7.352893e+23,42.708,1162.561035,4.762,610.646
391,6327,12497,M1.0,2016.02.11_22:47_TAI,2.275738e+22,126.344,-0.01556213,5843.947,22.926,2326.573,70.263,-0.04384091,42.924,129.17,0.33244371,45738650000000.0,23230440000000.0,2.824623e+23,33.647,1656.083984,4.239,566.368
392,6327,12497,M1.8,2016.02.13_03:24_TAI,2.846462e+22,117.994,-0.01167893,5434.941,16.348,2722.273,58.698,-0.03525224,37.249,122.251,0.17514436,50475680000000.0,16243180000000.0,3.346264e+23,29.8,1479.878174,4.493,541.435
393,6327,12497,M1.0,2016.02.14_07:26_TAI,3.978969e+22,112.896,-0.00483666,6204.679,12.634,3804.625,57.609,-0.01255994,34.153,118.574,0.01431685,62652400000000.0,12951790000000.0,4.847973e+23,27.576,1427.041382,4.929,284.546
394,6327,12497,M1.1,2016.02.14_23:00_TAI,4.245929e+22,94.951,-0.00844433,5063.387,11.092,3487.329,47.618,-0.02440776,32.454,102.055,0.00476069,60401810000000.0,24023660000000.0,4.426269e+23,26.198,1147.648071,4.793,555.814
395,6670,12567,M1.2,2016.07.20_12:46_TAI,3.998575e+22,83.362,0.00075631,14298.06,53.105,3214.539,52.471,0.00157193,55.242,90.526,-0.07660706,61808970000000.0,4556919000000.0,1.202065e+24,48.664,1597.842041,4.814,47.875
396,6670,12567,M1.0,2016.07.20_13:49_TAI,4.047031e+22,82.406,0.00050372,13927.66,52.091,3211.52,51.441,0.00106011,54.756,89.491,-0.03429222,61801300000000.0,4652665000000.0,1.190697e+24,48.138,1604.227539,4.856,32.426
397,6670,12567,M5.0,2016.07.22_14:11_TAI,4.646582e+22,69.625,-0.00257086,9296.744,36.619,2767.502,38.44,-0.00558505,46.801,77.188,0.03165853,48068100000000.0,8603463000000.0,8.565625e+23,39.734,1360.121216,4.558,178.351
398,6870,12615,M1.0,2016.11.29_05:23_TAI,5.910454e+21,103.829,-0.01049956,3829.837,12.556,447.387,47.147,-0.02760895,34.034,114.054,-0.27608156,8323318000000.0,3236094000000.0,4.399048e+22,26.201,141.825058,3.886,90.811
399,6870,12615,M1.2,2016.11.29_11:38_TAI,6.984047e+21,115.633,-0.01353735,5589.613,15.054,675.414,60.652,-0.0282105,35.924,127.588,-0.12098968,11057690000000.0,3691485000000.0,6.834587e+22,29.331,188.691528,3.854,124.638
400,6972,12644,M2.3,2017.04.02_01:00_TAI,2.896197e+22,91.101,0.0069613,6799.521,30.037,2372.598,51.84,0.01581601,42.143,103.066,-0.00448094,43456270000000.0,9277593000000.0,3.82378e+23,36.207,872.685913,4.549,294.769
401,6972,12644,M5.7,2017.04.02_08:33_TAI,3.539346e+22,91.149,0.00762853,8701.321,34.402,2833.287,51.358,0.01606023,44.262,104.712,-0.01756723,49835070000000.0,14990810000000.0,5.834609e+23,38.426,1192.912231,4.839,385.165
402,7075,12665,M1.3,2017.07.08_15:18_TAI,2.866413e+22,87.706,-0.0049814,14579.82,48.107,2153.807,57.284,-0.008904,52.692,99.144,-0.17813973,42889920000000.0,6356550000000.0,7.797922e+23,46.516,1078.462158,4.713,200.616
403,7115,12673,M1.2,2017.09.03_17:49_TAI,1.598537e+22,111.344,-0.01944381,12007.53,54.861,1954.808,81.352,-0.04373171,61.631,117.828,-0.00428361,39089710000000.0,18136970000000.0,4.448126e+23,50.867,675.206421,4.707,542.327
404,7115,12673,M2.1,2017.09.04_10:14_TAI,2.939225e+22,99.304,-0.03941667,18421.08,58.593,3653.046,72.692,-0.07080113,60.203,117.651,-7.42e-06,62280900000000.0,63829950000000.0,1.083854e+24,52.428,1205.83728,5.203,1746.316
405,7115,12673,M4.2,2017.09.04_13:08_TAI,3.057699e+22,101.173,-0.04461749,20084.75,58.304,4219.265,74.663,-0.07460215,59.719,120.736,-0.06351155,65822590000000.0,61181410000000.0,1.164856e+24,52.286,1234.660767,5.18,1948.446
406,7115,12673,M1.0,2017.09.04_15:51_TAI,3.173019e+22,92.876,-0.03912797,18761.37,59.182,4433.016,70.208,-0.07079314,60.015,112.577,-0.00836959,68549890000000.0,59297660000000.0,1.204486e+24,52.584,1302.313965,5.196,1891.446
407,7115,12673,M3.2,2017.09.04_16:53_TAI,3.177665e+22,91.448,-0.03845146,18855.26,60.519,4497.693,70.087,-0.07194711,60.34,110.548,-0.04602859,69815640000000.0,61241100000000.0,1.232474e+24,53.076,1324.718628,5.196,1892.504
408,7115,12673,M3.8,2017.09.04_18:40_TAI,3.306028e+22,100.515,-0.04315972,20149.88,57.471,5009.03,74.07,-0.07129023,58.983,120.885,-0.06396414,71293800000000.0,61445870000000.0,1.265423e+24,51.37,1322.397217,5.209,2040.894
409,7115,12673,M2.3,2017.09.05_05:43_TAI,3.592062e+22,102.378,-0.04933165,19602.65,55.747,5676.214,75.777,-0.08252446,57.406,120.678,-0.04533595,78219730000000.0,73024560000000.0,1.337403e+24,49.637,1445.21106,5.264,2534.167
410,7115,12673,X2.2,2017.09.05_21:10_TAI,4.037714e+22,105.716,-0.06591229,21028.34,51.571,6554.807,76.531,-0.09958679,54.38,122.844,-0.22965162,83059490000000.0,86590320000000.0,1.495021e+24,47.524,1535.412231,5.24,3528.483
411,7115,12673,M2.5,2017.09.06_03:56_TAI,4.270855e+22,103.971,-0.06707726,21838.63,50.046,6590.252,73.593,-0.09879546,53.341,120.545,-0.1479516,83838060000000.0,94542770000000.0,1.607646e+24,46.646,1582.5979,5.193,3718.092
412,7115,12673,M2.4,2017.09.06_17:02_TAI,4.960078e+22,109.591,-0.06075516,21046.54,42.159,7336.234,74.369,-0.08376975,49.314,126.433,-0.32755935,92246150000000.0,90755480000000.0,1.694597e+24,42.864,1788.162231,5.326,3683.403
413,7115,12673,M1.4,2017.09.06_21:54_TAI,5.260902e+22,104.729,-0.05431718,19629.56,40.698,7352.323,70.56,-0.07406125,47.58,119.171,-0.08725666,91342770000000.0,88780040000000.0,1.648077e+24,41.714,1769.408325,5.19,3433.878
414,7115,12673,M1.3,2017.09.07_14:24_TAI,5.602849e+22,90.444,-0.02745137,14887.7,37.064,5406.967,55.812,-0.0464422,46.197,103.871,-0.1094711,80795990000000.0,57026420000000.0,1.455125e+24,40.405,1919.929199,4.999,2020.338
415,7115,12673,M2.9,2017.09.08_03:47_TAI,6.021618e+22,88.546,-0.02151426,13279.69,31.292,5745.297,54.144,-0.03483615,42.577,103.837,-0.09979653,79701960000000.0,40384650000000.0,1.307587e+24,36.729,1845.207886,4.904,1595.089
416,7115,12673,M2.1,2017.09.08_11:45_TAI,5.93098e+22,80.144,-0.01424958,12896.5,31.664,4921.651,49.486,-0.02589255,43.627,94.48,-0.12509276,74326490000000.0,25562150000000.0,1.332456e+24,36.976,1862.779663,4.885,1108.56
417,7115,12673,M1.1,2017.09.08_16:28_TAI,5.855636e+22,79.85,-0.01510399,12481.56,31.432,4598.592,48.064,-0.02576084,42.954,94.869,-0.20371094,67501010000000.0,23200970000000.0,1.212606e+24,36.622,1854.63916,4.811,1104.857
